12桁	帳簿	直前のAIND	本文冒頭
352468336744	$$$	AIND-D00050	إبراهيم بن أحمد بن وفاء . في ابن أحمد بن محمد بن محمد بن وفاء .
871945470082	$$$	AIND-D00056	إبراهيم بن أحمد البيجوري . في ابن أحمد بن علي بن سليمان بن سليم .
560623255847	$$$	AIND-D00117	إبراهيم بن خليل الكردي . هو الذي قبله .
862046912930	$$$	AIND-D00174	إبراهيم بن علبك . في ابن أحمد بن غنائم .
615463781131	$$$	AIND-D00361	إبراهيم ابن أخي ابن الزمن . هو ابن عبد الكريم بن عمر . مضى .
636238168857	$$$	AIND-D00367	إبراهيم بن الحموي . في ابن محمود بن عبد الرحيم بن أبي بكر .
147845022490	$$$	AIND-D00367	إبراهيم بن خطيب عذراء . في ابن محمد بن عيسى بن عمر .
832237994778	$$$	AIND-D00367	إبراهيم بن قنديل . يأتي قريبا في إبراهيم الشامي .
552754742070	$$$	AIND-D00377	إبراهيم برهان الدين الحنبلي الصواف . مضى في ابن عمر .
477777363778	$$$	AIND-D00384	إبراهيم الأخضري المغربي . مضى في ابن محمد .
210449204049	$$$	AIND-D00391	إبراهيم الحتاتي مضى في ابن أحمد بن محمد .
535306437462	$$$	AIND-D00392	إبراهيم الخدري . في الأخضري وأنه ابن محمد .
103943242584	$$$	AIND-D00392	إبراهيم الخنجي . في ابن محمد بن مبارز بن محمد .
121924223833	$$$	AIND-D00393	إبراهيم الزايرجي نزيل دمياط . مات في .
408502894922	$$$	AIND-D00393	إبراهيم الزرعي الدمشقي . مضى قريبا في الملقبين ببرهان الدين .
707545531227	$$$	AIND-D00393	إبراهيم الزواوي . هو ابن محمد بن عبد الرحمن بن يحيى .
319505302366	$$$	AIND-D00396	إبراهيم السنهوري المالكي . مضى في الملقبين ببرهان الدين قريبا .
496840475517	$$$	AIND-D00407	إبراهيم الفرنوي أحد الكتاب . في ابن يوسف بن عيسى .
284218622852	$$$	AIND-D00408c	إبراهيم الكلبشي . في ابن محمد .
581158568836	$$$	AIND-D00409	إبراهيم المتبولي . هو ابن علي بن عمر .
343983260557	$$$	AIND-D00410a	إبراهيم الناجي . في ابن محمد بن محمود .
273682531221	$$$	AIND-D00413	اجترك القاسمي في مشترك .
868023796832	$$$	AIND-D00514	أحمد بن أحمد بن محمد بن علي بن أبي بكر بن أيوب بن درباس . مضى بدون محمد في نسبه .
756614693985	$$$	AIND-D00521	أحمد بن أحمد بن محمد شهاب الدين الطولوني كبير المهندسين . مضى قريبا فيمن جده محمد بن علي بن عبد الله بن علي .
713165898875	$$$	AIND-D00529	أحمد بن أحمد الحنبلي بن الضياء ، مضى فيمن اسم جده أحمد بن موسى بن إبراهيم .
814995211398	$$$	AIND-D00534	أحمد بن أبي أحمد شهاب الدين المغراوي المالكي . يأتي في ابن محمد بن عبد الله .
579883500680	$$$	AIND-D00536	أحمد بن أبي أحمد الزاهد . في ابن محمد بن سليمان .
677552063623	$$$	AIND-D00536	أحمد بن أرسلان بن عباد السفطي . يأتي في ابن عباد .
626641601721	$$$	AIND-D00560	أحمد بن اقبرص . مضى في ابن آق برص بمهملتين .
459020436725	$$$	AIND-D00589	أحمد بن أبي بكر بن سراج البابي . فيمن جده علي بن سراج .
311716480300	$$$	AIND-D00611	أحمد بن أبي بكر بن محمد بن عثمان بن أحمد بن عمر بن سلامة المارديني الحلبي الحنفي . ولد سنة سبعين هكذا رأيته بخطى في الأح
247015146843	$$$	AIND-D00633	أحمد بن تقي المالكي . هو ابن محمد بن أحمد بن علي يأتي .
883714688348	$$$	AIND-D00633	أحمد بن تميم . هو ابن علي بن يحيى بن تميم يأتي .
657113220451	$$$	AIND-D00641	أحمد بن أبي جعفر . في ابن محمد بن أحمد بن عمر بن الضياء محمد بن عثمان الحلبي .
308965016935	$$$	AIND-D00641	أحمد بن جلال . في يعقوب بن جلال بن أحمد بن يوسف .
617120531821	$$$	AIND-D00645	أحمد بن حامد . هو ابن محمد بن محمد بن حامد .
257941308831	$$$	AIND-D00675	أحمد بن حسن البطائحي . مضى فيمن جده محمد بن سليمان .
396051350955	$$$	AIND-D00680	أحمد بن الحسن العباسي الحنبلي . مضى فيمن جده داود بن سالم .
154870482376	$$$	AIND-D00696	أحمد بن حسين بن محمد بن سليمان بن محمد البظائحي . صوابه ابن حسن وقد مضى .
763816314319	$$$	AIND-D00699	أحمد بن حسين بن محمد . في أحمد القزويني من آخر الأحمدين .
216648386078	$$$	AIND-D00732	أحمد بن رسلان . هو ابن الحسين بن الحسن بن علي بن رسلان .
871152748077	$$$	AIND-D00737	أحمد بن الزين الوالي . يأتي في ابن عمر .
969328821822	$$$	AIND-D00744a	أحمد بن أبي السعود . في ابن إسماعيل بن إبراهيم بن موسى .
835245311589	$$$	AIND-D00763	أحمد بن سليمان الهندي . يأتي في مكي .
746418341488	$$$	AIND-D00769	أحمد بن الشريفة . هو ابن محمد بن محمد بن يعقوب . يأتي .
215595615862	$$$	AIND-D00772	أحمد بن شعيب . في ابن محمد بن شعيب . يأتي .
419870803575	$$$	AIND-D00772	أحمد بن سكر ويدعى بدير يأتي في الموحدة .
347867186818	$$$	AIND-D00777	أحمد بن صالح بن تاج الدين الشهاب المحلى خطيب جامع ابن ميالة . يأتي في أحمد بن محمد بن عبد الله .
499231229578	$$$	AIND-D00780	أحمد بن صالح بن محمد بن محمد بن أبي السفاح . هكذا نسبه شيخنا في إنبائه وصوابه أحمد بن صالح بن أحمد بن عمر ، وقد تقدم .
870594905740	$$$	AIND-D00781	أحمد بن صالح الشاعر . هو ابن محمد بن صالح يأتي .
170896918159	$$$	AIND-D00782	أحمد بن صحصاح بمهملات يأتي في ابن محمد بن محمد بن علي بن عثمان .
611508553362	$$$	AIND-D00784	أحمد بن الصلاح هو بن محمد بن محمد بن عثمان بن
562506499749	$$$	AIND-D00792	أحمد بن عاشر . هو ابن قاسم بن أحمد . يأتي .
496542680747	$$$	AIND-D00797	أحمد بن عبادة . يأتي في ابن محمد بن محمد بن عبادة .
101560878769	$$$	AIND-D00803	أحمد بن عبد الحميد المالكي . في ابن يوسف بن عمر بن يوسف .
282549290706	$$$	AIND-D00824	أحمد بن عبد الرحمن بن عبد الناصر الزبيري . يأتي فيمن جده محمد بن عبد الناصر .
679129122529	$$$	AIND-D00833	أحمد بن عبد الرحمن بن الشيخ محمد بن حسن أبو اليسر بن أبي الفضل الحنفي . في الكنى .
100038346482	$$$	AIND-D00840	أحمد بن عبد الرحمن بن العلامة جمال الدين بن هشام . مضى أيضا فيمن جده محمد بن عبد الله بن يوسف .
276308166441	$$$	AIND-D00861	أحمد بن عبد العزيز الشيفكي ثم الشيرازي . مضى فيمن جده أحمد .
986428999469	$$$	AIND-D00863	أحمد بن عبد القادر بن إبراهيم الصدر أبو البركات بن المجد المكراني الأصل المكي الشافعي . مضى في ابن إسماعيل ورأيت بخط بعض
569309661013	$$$	AIND-D00882	أحمد بن عبد الله بن أحمد بن عبد الله الشهاب بن الجمال القلقشندي . يأتي في ابن علي بن أحمد بن عبد الله فالصواب في اسم أبي
938148366159	$$$	AIND-D00883	أحمد بن عبد الله بن أحمد اليرتقي . في ابن محمد المريقي .
241046652863	$$$	AIND-D00925	أحمد بن عبد الله الشهاب البوصيري فيمن جده حسن .
344994088904	$$$	AIND-D00931	أحمد بن عبد الله شهاب الدين القزويني . مضى فيمن جده أحمد بن محمد بن محمد بن محمد بن يوسف .
810326951878	$$$	AIND-D00931	أحمد بن عبد الله الشهاب القلقشندي ، مضى فيمن جده أحمد بن عبد الله وأن صوابه أحمد بن علي بن أحمد بن عبد الله وسيأتي .
293706139612	$$$	AIND-D00944	أحمد بن عبد الله الزهوري . مضى في أحمد بن أحمد بن عبد الله .
803435710433	$$$	AIND-D00946	أحمد بن عبد الله القوصي . مضى في الملقبين شهاب الدين قريبا .
669918431204	$$$	AIND-D00946	أحمد بن أبي عبد الله بن أبي العباس بن عبد المعطي . يأتي في ابن محمد بن أحمد بن محمد بن عبد المعطي .
512757860339	$$$	AIND-D00955	أحمد بن عبيد بن علي بن أحمد . مضى في ابن عبد الرحمن بن علي بن أحمد .
867608561653	$$$	AIND-D00955	أحمد بن عبيد بن محمد بن أحمد . في ابن عبيد الله قريبا .
650154870807	$$$	AIND-D00966	أحمد بن عربشاه . في ابن محمد بن عبد الله بن إبراهيم .
107793614886	$$$	AIND-D00976	أحمد بن علي بن إبراهيم الحلبي ابن أخي الصوة.
730542901333	$$$	AIND-D00996	37 أحمد بن علي بن أحمد النويري المالكي إمام مقام المالكية بمكة . مضى فيمن جده أحمد بن عبد العزيز بن القسم .
381769746558	$$$	AIND-D01016	57 أحمد بن علي بن أبي راجح . يأتي فيمن جده محمد بن إدريس .
156514650261	$$$	AIND-D01022	63 أحمد بن علي بن الشيخ أبي العباس بن أبي الحسن
476405827783	$$$	AIND-D01042	أحمد بن علي بن عيسى بن محمد بن عيسى الحسني
598900476108	$$$	AIND-D01046	أحمد بن علي بن قوام فيمن جده أبو بكر بن محمد بن قوام .#
953252055340	$$$	AIND-D01090	أحمد بن علي بن يفتح الله . مضى فيمن جده محمد بن محمد بن محمد بن عبد الوهاب .
246914484528	$$$	AIND-D01092	أحمد بن علي بن شهاب الدين بن أبي الروس . فيمن جده إبراهيم بن محمد
589882722609	$$$	AIND-D01096	أحمد بن علي بن النقيب الحنفي فيمن جده محمد بن ضوء .
794212436316	$$$	AIND-D01106	أحمد بن الشيخ علي أخو نائب صفد . مضى قريبا في الملقبين شهاب الدين .
642965834075	$$$	AIND-D01106	أحمد بن علي . صوابه محمد بن سند وسيأتي .
748020566455	$$$	AIND-D01155	أحمد بن عيسى السنباطي الحنبلي . في ابن محمد بن عيسى بن يوسف .
128022743485	$$$	AIND-D01159	أحمد بن أبي الفتح العثماني . يأتي في ابن محمد .
620056545725	$$$	AIND-D01159	أحمد بن أبي الفضل بن ظهيرة . في ابن محمد بن أحمد بن ظهيرة .
300945508801	$$$	AIND-D01162	أحمد بن أبي القسم بن عبد الرحمن بن محمد بن عبد الرحمن المغربي الخلوف . يأتي فيمن اسم أبيه محمد قريبا .
853494729155	$$$	AIND-D01162	أحمد بن أبي القسم بن محمد بن أحمد المحب النويري المكي الخطيب . يأتي في أحمد بن محمد .
514225867210	$$$	AIND-D01169	أحمد بن قرطاي . مضى في ابن علي بن قرطاي .
477160802822	$$$	AIND-D01192	أحمد بن محمد الطيب بن أحمد بن أبي بكر بن علي بن محمد بن أبي بكر بن عبد الله بن عمر بن عبد الرحمن بن عبد الله أبو عبد الل
678990711325	$$$	AIND-D01210	أحمد بن محمد بن أحمد بن علي بن عبد الرحمن الشهاب بن القرداح . يأتي في ابن محمد بن علي بن أحمد بن عبد الرحمن .
404532234815	$$$	AIND-D01233	أحمد بن محمد بن أحمد بن محمد بن عبد الله الحراري . مضى فيمن جده أحمد بن أبي الفضل .
373951564355	$$$	AIND-D01237	أحمد بن محمد بن أحمد بن محمد بن عمر بن رضوان الشهاب السلاوي . مضى بدون محمد الثاني .
201251097190	$$$	AIND-D01249	أحمد بن محمد بن أحمد بن محمد الدمشقي العوريفي . كذا كتبه ابن عزم وصوا به العروفي ، وقد مضى بزيادة أحمد بن محمد ثالث في ن
450875099765	$$$	AIND-D01252	أحمد بن محمد بن أحمد بن يوسف بن إسماعيل بن عقبة بن محاسن الصعيدي ثم الدمشقي . مضى بدون يوسف .
349641378427	$$$	AIND-D01257	أحمد بن محمد بن أحمد الشهاب القسطلاني المكي المالكي . مضى فيمن جده أحمد بن حسن بن الزين محمد .
882552867450	$$$	AIND-D01259	أحمد بن محمد بن أحمد بن السيف الحنبلي . مضى في السين المهملة من أجداد الأب .
255567334052	$$$	AIND-D01277	أحمد بن محمد بن أحمد الهدوي . مضى قريبا فيمن يلقب سواسوا .
536820583101	$$$	AIND-D01291	أحمد بن محمد بن أبي بكر بن سعد الله الواسطي . يأتي فيمن جده أبو بكر بن محمد بن سعد الله .
918816819932	$$$	AIND-D01304	أحمد بن محمد بن أبي بكر بن محمد القسطلاني . مضى فيمن جده أبو بكر بن عبد الملك بن محمد بن أحمد .
881147775713	$$$	AIND-D01307	أحمد بن النجم محمد بن أبي بكر الشهاب المرجاني الأصل المكي . مضى فيمن جده أبو بكر بن علي بن يوسف .
417366805220	$$$	AIND-D01309	أحمد بن محمد بن حذيفة المسيري . مضى فيمن جده أحمد رأيته منسوبا لذلك فيمن سمع على التقي بن فهد بمكة .
365604899567	$$$	AIND-D01317	أحمد بن محمد بن حسين النصيبي . مضى بدون محمد .
828031109879	$$$	AIND-D01321	أحمد بن محمد بن رمضان الحجازي . في أحمد بن محمد بن أحمد بن جبريل بن أحمد .
125732653820	$$$	AIND-D01322	أحمد بن محمد بن سالم بن محمد بن قاسم . هو شميلة ، يأتي في المعجمة .
974265518864	$$$	AIND-D01334	أحمد بن محمد بن صلاح . هو ابن محمد بن محمد بن عثمان بن نصر بن عيسى . يأتي فصلاح لقب جده لا اسمه .
100306783028	$$$	AIND-D01351	أحمد بن محمد بن عبد الرحمن بن القرداح . يأتي في ابن محمد بن علي بن أحمد بن عبد الرحمن .
317454289724	$$$	AIND-D01354	أحمد بن محمد بن عبد الرحيم الجرهي . هو نعمة الله يأتي .
743046122342	$$$	AIND-D01369	أحمد بن محمد بن عبد الله بن حمام . مضى فيمن جده عبد الله بن إبراهيم .
257354107783	$$$	AIND-D01381	أحمد بن محمد بن عبد الله الشهاب بن الناصح .
774708923281	$$$	AIND-D01388	أحمد ابن محمد بن عبد المهيمن كذا رأيته في نسخة من عقود المقريزي وسيأتي بزيادة محمد قبل المهيمن .
114965875604	$$$	AIND-D01399	أحمد بن محمد بن عثمان المزملاتي . في من جده الياس .
101904812982	$$$	AIND-D01409	أحمد بن محمد بن علي بن تقي . فيمن جده أحمد بن علي .
720224914379	$$$	AIND-D01415	أحمد بن محمد بن علي بن شعبان . يأتي بإثبات محمد قبل شعبان .
760137911243	$$$	AIND-D01415	أحمد بن محمد بن علي بن عبد الله بن علي الشهاب أو الشمس الطولوني لبلد المهندسين . مضى في ولده أحمد بن أحمد بن محمد بن علي
386148600866	$$$	AIND-D01447	أحمد بن محمد بن عماد صوابه ابن أبي بكر بن محمد بن عماد الشهاب الحموي الحنبلي وقد مضى .
723559386188	$$$	AIND-D01468	أحمد بن محمد بن الفلاح . يأتي قريبا في ابن محمد بن اللاح [= AIND-D01479] .
595326930005	$$$	AIND-D01470	أحمد بن محمد بن فهيد المغيربي . يأتي فيمن لم يسم جده [= AIND-D01598] .
658648337501	$$$	AIND-D01477	أحمد بن محمد بن كميل . صوابه محمد بن أحمد بن عمر بن كحيل [= AIND-D06785] .
906418457717	$$$	AIND-D01492	أحمد بن محمد بن محمد بن أبي بكر بن عبية . يأتي بدون أبي بكر .
452682845328	$$$	AIND-D01503	أحمد بن محمد بن محمد بن عبدا لبر بن يحيى السبكي . هو ابن محمد بن عبد البر مضى ومحمد الثاني زيادة .
371636309144	$$$	AIND-D01507	أحمد بن البدر محمد بن محمد بن عبد العزيز المباشر . مضى في أحمد بن عبد العزيز بن محمد .
461713181864	$$$	AIND-D01510	أحمد بن المحب محمد بن الجمال محمد بن عبد الله بن ظهيرة . كذا في بعض نسخ الأنباء ومحمد الأول زيادة في نسبه والمحب لقب أحم
155445103836	$$$	AIND-D01529	أحمد بن محمد بن محمد بن أبي الخير محمد بن محمد بن عبد الله المحب أبو بكر بن فهد وهو بكنيته أشهر . يأتي في الكنى .
459557309662	$$$	AIND-D01529	أحمد بن محمد بن محمد بن محمد بن محمد ابن علي بن أحمد الزين أبو الطيب بن حجر المدعو شعبان وهو به أشهر . يأتي في المعجمة .
336580316407	$$$	AIND-D01545	أحمد بن محمد بن محمد بن محمد بن المولي . في آخر الأحمدين في أحمد بن الشريفة .
635529334014	$$$	AIND-D01549	أحمد بن محمد بن محمد الشهاب الأموي المالكي . صوابه أحمد بن عبد الله بن محمد بن محمد وقد مضى .
327793249546	$$$	AIND-D01554	أحمد بن محمد بن محمد الأبدي . فيمن جده محمد بن عبد الرحمن بن علي بن أحمد [= AIND-D01505] .
159706516776	$$$	AIND-D01566	أحمد بن محمد بن منصور الأشموني . في ابن منصور .
148570639715	$$$	AIND-D01594	587 أحمد بن محمد الشهاب بن الشمس بن المغيربي . يأتي قريبا .
445049212286	$$$	AIND-D01608	أحمد بن محمد الشهاب الحلبي ثم الدمشقي قاضي كرك
100176760209	$$$	AIND-D01617	أحمد بن محمد الشهاب الواسطي الاصم : مضى فيمن
514473332117	$$$	AIND-D01619	أحمد بن محمد النجم والشهاب البامي . مضى فيمن
195421015449	$$$	AIND-D01619	أحمد بن محمد أبو طاهر الخجندي . مضى في ابن محمد بن محمد بن محمد بن محمد .
159798791582	$$$	AIND-D01622	أحمد بن محمد البلقيني جماعة : ابن أبي بكر بن رسلان وابن عبد الرحمن وابن محمد بن عمر .
690155949472	$$$	AIND-D01623	أحمد بن محمد الحلبي قاضي كرك نوح . مضى في ابن عبد الله .
765447900580	$$$	AIND-D01625	أحمد بن محمد الذروي اثنان اسم جد أحدهما أبو بكر بن علي بن يوسف والآخر أحمد بن علي بن أحمد .
744618986919	$$$	AIND-D01625	أحمد بن محمد السنهوري المالكي . مضى فيمن يعرف بابن عز الدين .
845051596203	$$$	AIND-D01628	أحمد بن محمد الطنبذي الشافعي . كذا رأيته بخطه في إجازة وأظنه أحمد ابن عمر بن محمد البدر الطنبذي الماضي .
786486529450	$$$	AIND-D01628	أحمد بن محمد الطولوني . مضى في أحمد بن أحمد بن محمد بن علي بن عبد الله .
476649465329	$$$	AIND-D01647	أحمد بن مظفر بن أبي بكر . في ابن محمد بن أبي بكر .
797131673040	$$$	AIND-D01652	أحمد بن مكنون . في ابن محمد بن مكنون .
682249686501	$$$	AIND-D01659	أحمد بن موسى بن أحمد بن عبد الرحمن الجبراوي . هكذا رأيته في خط شيخنا ببعض الأماكن . والصواب في جده محمد وقد ترجمه كذلك ف
246281145846	$$$	AIND-D01668	أحمد بن موسى بن محمد بن علي المنوفي ثم القاهري . مضى له ذكر في أخيه إبراهيم .
399666843143	$$$	AIND-D01672	أحمد بن موسى الأدكاوي المالكي . في ابن علي بن موسى نسب هنا لجده .
866018921992	$$$	AIND-D01672	أحمد بن موسى . في ابن أبي حمو .
709730766379	$$$	AIND-D01685	أحمد بن يحيى بن شاكر بن عبد الغني أبو البركات بن الجيعان . يأتي في الكني .
980225625693	$$$	AIND-D01707	أحمد بن يوسف بن إسماعيل بن عثمان الشهاب الكوراني . مضى بدون يوسف [= AIND-D00552]
460157095534	$$$	AIND-D01714	أحمد بن يوسف بن علي بن محمد الشهاب الطريني . مضى في ابن علي بن يوسف .
552498892400	$$$	AIND-D01717	أحمد بن يوسف بن محمد البانياسي . سيأتي فيمن لم يسم جده [= AIND-D01723]
563064344195	$$$	AIND-D01724	أحمد بن يوسف الكوراني . مضى فيمن جده إسماعيل بن عثمان وأنه مضى غلطا في أحمد بن إسماعيل بن عثمان بدون يوسف . [= AIND-D005
817356607120	$$$	AIND-D01731	أحمد بن السيد صفي الدين الأيجي مضى في ابن عبد الرحمن بن محمد بن عبد الله .
478800776852	$$$	AIND-D01732	أحمد الشهاب أبو العباس بن الضياء الحنبلي . في ابن أحمد بن الضياء موسى بن إبراهيم بن طرخان .
139036987030	$$$	AIND-D01733	أحمد الشهاب بن أصيل . مضى في ابن محمد بن عثمان .
198243782308	$$$	AIND-D01739	أحمد الأمير الشهاب بن الطبلاوي الوالي . مضى في ابن محمد .
246851571371	$$$	AIND-D01739	أحمد الشهاب بن الطولوني . في ابن محمد بن علي بن عبد الله وفي ولده أحمد بن أحمد .
374274526892	$$$	AIND-D01740	أحمد الشهاب بن المراحل . في ابن محمد بن أحمد .
836847537848	$$$	AIND-D01742	أحمد الشهاب أبو البقاء الزبيري في ابن حسين بن علي .
599227633337	$$$	AIND-D01742	أحمد الشهاب أبو العباس اللجائي المغربي الفاسي المالكي ، مضى في ابن محمد بن عيسى بن علي .
687677116095	$$$	AIND-D01742	أحمد الشهاب أبو العباس المغراوي المغربي . ممن قرأ عليه الشهاب الحجازي وغيره في النحو وغيره . ومضى في ابن محمد .
456155729605	$$$	AIND-D01746	أحمد الشهاب الباريني المحلي الشافعي . ممن تفقه عليه بالمحلة المحب بن الإمام . مضى .
758674099910	$$$	AIND-D01746	أحمد الشهاب البامي ، مضى في ابن محمد بن أحمد بن محمد بن أحمد .
227473886922	$$$	AIND-D01746	أحمد الشهاب البجائي الحميري . في ابن علي بن موسى .
783160446668	$$$	AIND-D01746	أحمد الشهاب البوتيجي . ممن سمع بمكة على التقي بن فهد وهو ابن محمد ابن عبد الرزاق بن محمد ، مضى .
235933798103	$$$	AIND-D01751	أحمد الشهاب الحميري . في البجائي وأنه ابن علي بن موسى .
589454905059	$$$	AIND-D01754	أحمد الشهاب السخاوي . مضى قريبا فيمن يعرف بابن مونن [= AIND-D01741] .
596757188327	$$$	AIND-D01756	أحمد الشهاب الشارعي . مضى في ابن محمد .
549969727218	$$$	AIND-D01757	أحمد الشهاب الطوخي الحنبلي . في ابن عبد الله .
466788290294	$$$	AIND-D01757	أحمد الشهاب الطولوني كبير المهندسين في ابن أحمد بن محمد بن علي بن عبد الله بن علي .
743696240375	$$$	AIND-D01757	أحمد الشهاب العدوي ، في ابن محمود بن عبد السلام بن محمود .
863061937920	$$$	AIND-D01763	أحمد الشهاب القمني المالكي في ابن محمد بن علي بن عبد الهادي .
356083830538	$$$	AIND-D01767	أحمد الشهاب المنيجي والد أبي القسم ، مضى في ابن محمد .
839531892518	$$$	AIND-D01777	أحمد بهاء الدين الحواري الدمشقي . مضى في ابن أبي بكر .
158544695090	$$$	AIND-D01783	أحمد بن الأكرم . هو أحمد المشرقي يأتي [= AIND-D01831] .
402749656889	$$$	AIND-D01789	أحمد بن العجيل . مضى في المكنيين بأبي العباس .
629032357700	$$$	AIND-D01789	أحمد بن عروس ، مضى في المكنيين بأبي الطرار .
946708942662	$$$	AIND-D01789	أحمد بن فريفر ، في المكنيين بأبي العباس .
404628705096	$$$	AIND-D01789	أحمد بن الكردي في ابن إبراهيم .
113405595478	$$$	AIND-D01791	أحمد الأقطع . يأتي في أحمد الدوادار قريبا .
868581642078	$$$	AIND-D01792	أحمد خازوق في الملقبين بشهاب الدين الحلبي .
766060269407	$$$	AIND-D01792	أحمد ذويبة ، يأتي في أحمد الصامت قريبا .
202404532068	$$$	AIND-D01794	أحمد النشار . في الملقبين بالشهاب المدني .
405933133679	$$$	AIND-D01795	أحمد الأذرعي في ابن إبراهيم .
262991253359	$$$	AIND-D01795	أحمد الأريحي إمام مقام الحنفية بمكة نيابة قرأ عليه الديروطي القراءات وهو ابن سعد بن مسلم ، مضى .
780434149239	$$$	AIND-D01795	أحمد البامي ، في ابن محمد بن أحمد بن محمد بن أحمد .
158565666680	$$$	AIND-D01795	أحمد البرنقي ، في ابن محمد .
668790165399	$$$	AIND-D01800	أحمد حطيبة أحد المجاذيب يأتي في حطيبة .
864395726747	$$$	AIND-D01802	أحمد الخشاب المجذوب مضى في ابن محمد بن صالح .
247799484319	$$$	AIND-D01802	أحمد الخواص هو ابن عبادة بن شعيب .
826953174949	$$$	AIND-D01807	أحمد الزاهد اثنان ابن أبي بكر بن أحمد وابن محمد بن سليمان .
459293069221	$$$	AIND-D01807	أحمد الزواوي اثنان أحدهما المقيم بالأزهر وهو ابن صاح بن خلاسة والثاني ابن سليمان بن نصر الله .
805532864423	$$$	AIND-D01807	أحمد الذروي في ابن محمد بن أحمد بن علي .
654714081190	$$$	AIND-D01807	أحمد السخاوي جماعة ابن محمد بن زين أو مونن وابن محمد بن عبد الرحمن بن أبي بكر وابن قاضي المالكية بطيبة شمس الدين محمد بن
828890943400	$$$	AIND-D01807	أحمد السطوحي . في ابن خضر .
757898153899	$$$	AIND-D01807	أحمد السعودي الحنفي في ابن يوسف بن أحمد .
676469936053	$$$	AIND-D01813	أحمد الشغري جماعة ابن محمد بن محمد بن عمر وابن .
930749616061	$$$	AIND-D01815	أحمد الصابوني والد العلاء في ابن محمد بن سليمان .
729104256958	$$$	AIND-D01817	أحمد الصيرفي العجمي نزيل مكة ، مات سنة إحدى وستين ومضى في ابن عبد الله ابن عمر بن أحمد .
741775249344	$$$	AIND-D01817	أحمد الصعيدي كمونة مضى قريبا .
504314728390	$$$	AIND-D01817	أحمد الصندلي في ابن محمد بن حسن بن أبي الحسن .
469527171016	$$$	AIND-D01817	أحمد الصنهاجي المغربي بالملقبين بالشهاب .
483221573576	$$$	AIND-D01817	أحمد الطوخي جماعة : في ابن محمد ابن عبد الرحمن بن رجب وابن محمد بن قاسم وابن أحمد بن فخر الدين عثمان .
975679000540	$$$	AIND-D01824	أحمد القروي اثنان مغربيان قائد الركب وحلولو .
877754585060	$$$	AIND-D01827	أحمد القليجي : اثنان حنفيان أحدهما ابن محمد بن عمر بن علي والآخر ابن عبد الله بن محمد بن عمر ابن أخي الأول .
338199318502	$$$	AIND-D01827	أحمد القوصي اثنان اتفقا في الأب والجد أيضا فما ابنا محمد بن محمد .
927855546347	$$$	AIND-D01828	أحمد الكلوتاتي اثنان : ابن عثمان بن محمد بن إبراهيم بن عبد الله وابن محمد بن عبد اللطيف .
814642892783	$$$	AIND-D01828	أحمد المتبولي اثنان كل منهما اسم أبيه موسى أقدمهما اسم جده نصير والآخر اسم جده أحمد بن عبد الرحمن .
380763115525	$$$	AIND-D01835	أحمد المكيني ربيب البلقيني في ابن محمد بن بركوت .
981173538825	$$$	AIND-D01836	أحمد النحريري المالكي . في ابن عبد الله .
220909801487	$$$	AIND-D01837	أحمد الهيثمي ، في ابن حسن بن محمد .
736633032769	$$$	AIND-D01857	أركماس الأشقر ، هو الذي قبله .
658577035340	$$$	AIND-D01862	أركماس المؤيدي هو من صفر الماضي قريبا .
415626170446	$$$	AIND-D01863	أركماس اليشبكي . هو الطويل :
299989209171	$$$	AIND-D01863	أركماس الجاموس هو النوروز قبله .
598346829912	$$$	AIND-D01865	أرنبغا الحافظي ، في الذي بعده .
811379724384	$$$	AIND-D01869	845 أزبك من قايتباي ويعرف بجحا . مضى قريبا في أزبك جحا .
659235541104	$$$	AIND-D01871	أزبك خاص خرجي ، يأتي قريبا في أزبك الظاهري برقوق .
233035534454	$$$	AIND-D01873	أزبك الظاهري برقوق الدوادار ، مضى قريبا .
528020934782	$$$	AIND-D01875	أزبك الظاهري جقمق هو أزبك الخازندار .
790869577893	$$$	AIND-D01888	ازدمر الظاهري برقوق . هو ازدمر أخو إينال .
987913785514	$$$	AIND-D01891	أزدمر المسرطن . تقدم قريبا .
527681196205	$$$	AIND-D01891	أزدمر من علي جان . تقدم قريبا .
984566730936	$$$	AIND-D01896	إسحاق بن أسعد بن إبراهيم النجم القرمي . مضى قريبا في ابن إبراهيم بن إسماعيل .
814584172743	$$$	AIND-D01903	إسحاق النجم القرمي قيل أنه ابن إبراهيم بن إسماعيل أو بن سعد بن إبراهيم وهو أصح مضى
327264768225	$$$	AIND-D01910	أسلم بالسين أو بالصاد هو أحمد بن إسحاق بن عاصم بن محمد بن عبد الله . مضى .
965780443372	$$$	AIND-D01913	إسماعيل بن إبراهيم بن جوشن سيأتي فيمن جده محمد .
339159814385	$$$	AIND-D01917	إسماعيل بن إبراهيم بن شرف . يأتي فيمن جده محمد بن علي بن شرف قريبا .
305261216747	$$$	AIND-D01920	إسماعيل بن إبراهيم بن علي بن شرف . يأتي قريبا .
387234926859	$$$	AIND-D01929	إسماعيل بن إبراهيم الجبرتي . فيمن جده عبد الصمد .
637727150378	$$$	AIND-D01944	إسماعيل بن حسين بن حسن الكمال أبو البركات بن الشيخ الفتحي المكي وهو بكنيته أشهر يأتي .
950311850285	$$$	AIND-D01945	إسماعيل بن الحسين بن سالم بن أبي الفضل هو الذي قبله .
848046330173	$$$	AIND-D01951	إسماعيل بن عبد الرحمن بن عبد الغني بن شاكر بن الجيعان يأتي في أمير حاج فهو به أشهر .
564188418366	$$$	AIND-D01952	إسماعيل بن عبد الرزاق المجد أبو البركات الصوفي الكاتب ويعرف ببني الجيعان وهو بكنيته أشهر ، في الكني .
641170674028	$$$	AIND-D01979	إسماعيل بن محمد بن أبي بكر بن المقرئ . مضى في ابن أبي بكر بن عبد الله .
156778893683	$$$	AIND-D01984	إسماعيل بن محمد بن أبي يزيد بن الشيخ جمال الدين التوريزي الأصل الزبيدي اليماني ثم المكي الشافعي شارح الألفية النحوية . س
151582151030	$$$	AIND-D01987	إسماعيل بن مروان ، في ابن إبراهيم بن مروان .
971996402055	$$$	AIND-D01992	إسماعيل بن يحيى مجد الدين بن علم الدين بن البقري أخو الشرف عبد الباسط ذكر في الألقاب .
817541157271	$$$	AIND-D02000	إسماعيل التبريزي . في الرومي قريبا .
467773952408	$$$	AIND-D02000	إسماعيل الجياني . مضى في ابن إبراهيم بن محمد بن علي .
445372174792	$$$	AIND-D02023	أقباي الأقنص . يأتي قريبا .
229310992842	$$$	AIND-D02023	أقباي الدوادار . هو المؤيدي يأتي قريبا .
756979601867	$$$	AIND-D02023	أقباي طاز . يأتي قريبا .
227616494031	$$$	AIND-D02023	أقباي الطرنطاي . مضى قريبا .
370247995856	$$$	AIND-D02023	أقباي الطويل الأشرفي قايتباي . ذكر قريبا والظاهر خشقدم . يأتي قريبا .
903759270378	$$$	AIND-D02037	أقبردي مذكور في حوادث سنة عشرة .
397930402288	$$$	AIND-D02041	أقبغا علاء الدين التركي ، في أقبغا الطولوني .
107495821813	$$$	AIND-D02041	أقبغا علاء الدين الرومي في أقبغا الجمالي قريبا .
701870641654	$$$	AIND-D02041	أقبغا علاء الدين الظاهري في أقبغا شيطان .
987687293433	$$$	AIND-D02041	أقبغا التركماني مضى في أقبغا من مامش قريبا .
827540378107	$$$	AIND-D02041	أقبغا التمرازي سبق قريبا .
102387159551	$$$	AIND-D02043	أقبغا جيار ، يأتي قريبا .
313956241920	$$$	AIND-D02043	أقبغا دوادار يشبك . كذلك
889360224777	$$$	AIND-D02047	أقبغا اللكاش . في الطولوني قريبا .
499193483786	$$$	AIND-D02047	أقبغا الهدباني الظاهري . مضى قريبا .
969328824858	$$$	AIND-D02057	الطنبغا الرقبي . في المرقبي على الصواب قريبا .
267433021987	$$$	AIND-D02062	الطنبغا القرمشي ، مضى قريبا فيمن يلقب سيف الدين .
854539112996	$$$	AIND-D02062	الطنبغا اللفاف والمعلم مضى قريبا .
440028631592	$$$	AIND-D02066	الماس الأشرفي برسباي ، في العلاء قريبا .
931009663536	$$$	AIND-D02068	الوغ بك بن شاه رخ . يأتي في المحمدين .
241050849858	$$$	AIND-D02076	أمير حاج بن أبي الفرج في محمد بن محمد بن عبد الغني بن أبي الفرج .
136080003655	$$$	AIND-D02077	أمير حاج بن محمد بن بركوت الصلاح المكيني . مضى في أحمد .
358562665092	$$$	AIND-D02100	اينال الأجرود العلائي الأشرف . يأتي قريبا .
870334861977	$$$	AIND-D02111	اينال الفقيه الظاهري جقمق ، هو اينال باي الماضي .
924604961437	$$$	AIND-D02112	اينال المنقار ، هو الجلالي ، مضى قريبا .
973145641673	$$$	AIND-D02126	باكير هو أبو بكر بن إسحاق بن خلد .
665325671111	$$$	AIND-D02127	بايزيد في أبي يزيد من الكنى .
546106774250	$$$	AIND-D02143	بردبك اثني عشر ، يأتي قريبا في بردبك الظاهري .
531572607103	$$$	AIND-D02214	بلاط تقدم قريبا في بك بلاط .
109928518528	$$$	AIND-D02227	بولاد نزيل بيت المقدس . في فولاد .
351281353625	$$$	AIND-D02235	بيبرس ابن أخت الظاهر برقوق مضى قريبا .
156187497372	$$$	AIND-D02237	بيخجا الظاهري برقوق . هو طيفور يأتي .
707226768302	$$$	AIND-D02246	بيسق هو محمد بن عبد الكريم .
379198641070	$$$	AIND-D02246	بيسق شيخ الفراشين بالحرم المكي . في محمد بن أحمد بن عبد العزيز .
381530674149	$$$	AIND-D02273	تغرى برمش بن أحمد البهستي نائب حلب ، يأتي قريبا في تغرى ورمش .
968758399975	$$$	AIND-D02273	تغرى برمش بن عبد الله التركماني . في الذي بعده .
182259291127	$$$	AIND-D02278	تغرى برمش نائب حلب . هو الذي بعده .
781310759935	$$$	AIND-D02279	تقي بن عبد السلام بن محمد الكازروني . يأتي في محمد .
398563742756	$$$	AIND-D02302	تمرلنك . في تيمور قريبا .
250316067905	$$$	AIND-D02317	تنم الحسني الظاهري ، مضى في تنم سيف الدين قريبا .
723093820503	$$$	AIND-D02328	جاء الخبر . اسمه فائد .
284046660734	$$$	AIND-D02344	جانبك الأبلق هو الظاهري يأتي .
977532884107	$$$	AIND-D02349	جانبك الاشرفي اينال ويعرف بالاشقر .
640079061715	$$$	AIND-D02351	جانبك البواب . يأتي قريبا .
109459866000	$$$	AIND-D02354	جانبك الجداوي يأتي قريبا . ###$AIND-D02356 | 2523293337910$# $ 222 جانبك الجكمي جكم من عوض المتغلب على حلب . صيره الظاهر
606286648478	$$$	AIND-D02357	جانبك حبيب هو العلائي .
290577192095	$$$	AIND-D02357	جانبك حرامي شكل . هو المؤيدي .
480142955704	$$$	AIND-D02362	جانبك السيفي . مضى في جانبك الثور قريبا .
811488777404	$$$	AIND-D02363	جانبك شيخ . هو المؤيدي يأتي .
613296640095	$$$	AIND-D02369	جانبك الظريف .
784271938758	$$$	AIND-D02369	جانبك عفريت . مضيا .
353118459086	$$$	AIND-D02371	جانبك الفقيه . هو من ظطخ الظاهري أمير سلاح . مضى أولا .
540029228241	$$$	AIND-D02373	جانبك قلقسيز ، هو الاينالي الاشرفي . مضى .
160616682719	$$$	AIND-D02376	جانبك المرتد يأتي قريبا
213079037160	$$$	AIND-D02376	جانبك المشد . هو الاشرفي برسباي
916199576808	$$$	AIND-D02376	جانبك المغربي مضيا
832795841777	$$$	AIND-D02379	جانبك نائب بعلبك . في النوروزي قريبا .
826446256560	$$$	AIND-D02404	جرقطلي في جار قطلي .
923170510154	$$$	AIND-D02424	جقمق الأرغون شاوي الدوادار . ولي نيابة دمشق وابتنى فيها في جوار الجامع الاموي مدرسة تعرف بالجقمقية ثم خرج بها عن طاعة ال
315319391566	$$$	AIND-D02426	جقمق المؤيدي الدوادار نائب الشام . مضى قريبا .
960835360100	$$$	AIND-D02444	جقمق في حوادث سنة عشر .
284063438187	$$$	AIND-D02449	الجنيد السكري . في محمد بن محمد بن . وكذا في محمد بن محمد فقط فيجمعا .
351193273709	$$$	AIND-D02450	جهان شاه هو محمود بن محمد بن قاوان . يأتي .
179381998964	$$$	AIND-D02451	جوان اللعين صاحب قبرس . يأتي في صاحب من الألقاب .
925246690683	$$$	AIND-D02452	جوكي بن شاه رخ . مضى في أحمد .
245250393945	$$$	AIND-D02461	جوهر الصفوي . يأتي في المنجكي قريبا .
283191023014	$$$	AIND-D02479	حاجي بن مغلطاي ويقال له أمير حاج ، مضى في الهمزة .
114085074342	$$$	AIND-D02479	حاجي فقيه في ابن عبد الله قريبا .
247627519398	$$$	AIND-D02482	حافظ . في عبيد الله بن عبد الله .
798012478890	$$$	AIND-D02482	حافظ آخر مقرئ كان شيخ قبة المرح . في محمد بن علي .
412231957514	$$$	AIND-D02493	حدندل ، في على غير منسوب .
604575372777	$$$	AIND-D02509	حسن بن إبراهيم الخالدي . مضى فيمن جده حسين بن إبراهيم قريبا .
471923879121	$$$	AIND-D02528	الحسن بن أمير علي بن سنقر حسام الدين بن غرلو نسبة لجد له من جهة الأم . يأتي في آخر من اسمه حسن .
968724846082	$$$	AIND-D02528	الحسن بن أيوب . يأتي في ابن يوسف بن أيوب .
872771753647	$$$	AIND-D02618	حسن بن محمد بن جعفر . أحيل عليه في الحسن بن جعفر فينظر .
426577499871	$$$	AIND-D02640	حسن بن محمد بن نصر الله . يأتي قريبا بدون محمد
891088279270	$$$	AIND-D02643	حسن بن محمد الأمير البدر بن المحب الطرابلسي الاسلمي . مضى في ابن عبد الله .
125086734071	$$$	AIND-D02649	حسن بن نبهان . في ابن محمد بن عمر بن الحسن بن نبهان .
568936372005	$$$	AIND-D02674	حسن الشريف السكندري . مضى في الملقبين بدر الدين قريبا .
519623939887	$$$	AIND-D02678	حسن العلقمي . في ابن أحمد بن حرمي بن مكي بن موسى .
162109855538	$$$	AIND-D02679	حسن الفيومي إمام الزاهد . في ابن علي بن سليمان .
619859416883	$$$	AIND-D02679	حسن القدسي شيخ الشيخونية . في ابن أبي بكر بن أحمد .
504318924593	$$$	AIND-D02681	حسن النمراوي اثنان : ابن علي بن حسن بن أبي بكر وابن محمد بن علي وهما صهران .
380989609784	$$$	AIND-D02681	حسن الهندي . مضى قريبا .
370231220040	$$$	AIND-D02685	حسين بن أحمد بن علي المواز . تقدم في حسن بالتكبير .
843822667615	$$$	AIND-D02691	حسين بن أحمد ، مضى في تغرى برمش .
862596372324	$$$	AIND-D02692	حسين بن أصيل ، يأتي في ابن عبد الله بن أوليا .
965663004532	$$$	AIND-D02699	حسين بن أبي الخير الفاكهاني . يأتي في ابن محمد بن محمد بن علي .
367232292733	$$$	AIND-D02702	حسين بن عبد العزيز الحفصي . في ابن أبي فارس
145865316266	$$$	AIND-D02724	حسين بن علي بن محمد بن غضنفر أحد الاشراف . يأتي في أواخر الحسينيين .
917638223862	$$$	AIND-D02762	حسين الأهدل . في ابن عبد الرحمن بن محمد بن علي . وفي ابن صديق بن حسين .
704181704697	$$$	AIND-D02762	حسين خادم الشافعي . في ابن محمد بن أحمد .
187426674682	$$$	AIND-D02762	حسين السامري كاتب سر دمشق وناظر جيشها . مضى في ابن عبد الله .
447339305024	$$$	AIND-D02788	حمزة بن محمد بن موسى . هو طوغان يأتي .
528494893129	$$$	AIND-D02793	حميد الضرير . هو أحمد بن محمد بن عماد .
896192747610	$$$	AIND-D02799	حيدر العجمي شيخ قبة النصر . مضى في ابن أحمد بن إبراهيم قريبا .
947799464071	$$$	AIND-D02819	خربندا في خذابنده وانه محمد بن أرغون بن ايغا يأتي .
923808045194	$$$	AIND-D02819	خرز وقيل بالسين بدل الزاي الشامي . هو إبراهيم بن عبد الله مضى .
587567470736	$$$	AIND-D02821	خسرو نائب الشام . كذا سماه العيني وصوابه قصروه وسيأتي في القاف .
267995060418	$$$	AIND-D02845	خضر بن علي بن أحمد بن عبد العزيز بن القسم . في محمد .
189351860458	$$$	AIND-D02866	خلف الايوبي صاحب حصن كيفا . في ابن محمد بن سليمان .
789883918576	$$$	AIND-D02871	خليفة المغربي نزيل بيت المقدس . مضى في ابن مسعود بن موسى .
998873504098	$$$	AIND-D02920	خليل بن أبي الهول . في ابن أبي البركات .
537302931826	$$$	AIND-D02924	خليل الأذرعي . في ابن عبد الله .
291466385782	$$$	AIND-D02924	خليل البابرتي . في ابن عبد الله .
532638865785	$$$	AIND-D02925	خليل صاحب شماخي . في ابن إبراهيم .
627434330490	$$$	AIND-D02925	خليل اليوسفي المهمندار . يأتي في قانباي .
659365566886	$$$	AIND-D02943	داود بن داود بن محمد القلتاوي . يأتي في ابن محمد .
136541379010	$$$	AIND-D02952	داود بن علي الغماري . يأتي في ابن موسى .
908192651726	$$$	AIND-D02961	داود الصيرفي والد النور على القاضي . في ابن إبراهيم .
231152294355	$$$	AIND-D02961	داود الكردي . مضى في ابن عبد الصمد .
550942808539	$$$	AIND-D02968	دقماق الباسطي . هو أحمد بن محمد مضى .
106661157372	$$$	AIND-D02981	ذو النون جماعة ممن يسمى يونس .
390963665542	$$$	AIND-D03053	سالم بن أحمد الحنبلي القاضي في سالم بن سالم .
739153812202	$$$	AIND-D03095	سعد الآمدي الطرابلسي . مضى في ابن عبد الله .
498241379052	$$$	AIND-D03095	سعد الحضرمي . مضى قريبا في ابن محمد بن عبد الله .
713685998486	$$$	AIND-D03187	سنان آخر اسمه يوسف بن أحمد الرومي .
175934282649	$$$	AIND-D03187	سنبل فتى السلطان محمود بن بغيث خان بن علي شير الهندي .
130694519706	$$$	AIND-D03188	سنبل الأشرفي آخر أكبر منه بالذي قبله .
876890561470	$$$	AIND-D03202	سودون اتمحكي . في سودون المحمدي .
786012576705	$$$	AIND-D03203	سودون الأشقر . في سودون الظاهر برقوق ، وآخر في الأبو بكري .
946692168641	$$$	AIND-D03203	سودون الأفرم . في الظاهري جقمق .
328602753988	$$$	AIND-D03204	سودون الاينالي يأتي في الطويل .
952488696773	$$$	AIND-D03204	سودون البجاسي . في حوادث سنة عشر .
375914503115	$$$	AIND-D03206	سودون البرقي . في الشمسي .
361410599884	$$$	AIND-D03206	سودون بقجة . في سودون الظاهري قريبا .
781918936015	$$$	AIND-D03207	سودون التركماني . في سودون اليشبكي .
963423247321	$$$	AIND-D03207	سودون تلي . في سودون المحمدي
831055207390	$$$	AIND-D03208	سودون الجلب . في سودون الظاهري .
825174793184	$$$	AIND-D03211	سودون خجا . في سودون البلاطي .
934998449131	$$$	AIND-D03215	سودون الشمسي . في حوادث سنة عشر .
452561214461	$$$	AIND-D03224	سودون الظاهري برقوق ويعرف بالقاضي . يأتي قريبا .
386953911295	$$$	AIND-D03225	سودون الظاهري برقوقي قريبه . يأتي قريبا .
854300040192	$$$	AIND-D03225	سودون الظاهري برقوق ويعرف بالمارداني . يأتي أيضا .
927658417156	$$$	AIND-D03228	سودون الظاهري جقمق الشمسي البرقي . مضى في الشمسي .
446517222404	$$$	AIND-D03228	سودون الظريف . في سودون الظاهري .
925959724038	$$$	AIND-D03228	سودون العجمي . في سودون النوروزي .
102475242502	$$$	AIND-D03228	سودون الفقيه . في سودون الظاهر برقوق .
903427922952	$$$	AIND-D03229	سودون قراسقل في سودون الظاهري .
289818024968	$$$	AIND-D03229	سودون قراقاش . في سودون الاينالي .
580680424469	$$$	AIND-D03232	سودون قندوره ، في سودون اليشبكي .
988870089764	$$$	AIND-D03237	سودون المغربي . في سودون الظاهري .
200173165608	$$$	AIND-D03238	سودون ميق . في سودون الظاهري برقوق .
865364614189	$$$	AIND-D03239	سودون النوروزي . في سودون المحمدي .
574833564734	$$$	AIND-D03253	سيف بن عيسى سيف الدين السيرامي . يأتي في يوسف .
514896960578	$$$	AIND-D03254	شاذ بك آخوخ يعني به جنسه ، يأتي قريبا .
710519299148	$$$	AIND-D03257	شاذ بك بشق تقدم قريبا .
138139409498	$$$	AIND-D03262	شاذ بك فرفور . مضى قريبا .
426581695623	$$$	AIND-D03287	شاهين الشجاعي . مضى في شاهين الدوادار
992313613449	$$$	AIND-D03290	شاهين الشيخي . في شاهين الدوادار .
833638898841	$$$	AIND-D03292	شاهين غزالي . في شاهين الرومي .
937703775388	$$$	AIND-D03293	شاهين الفقيه . في شاهين الزيني يحيى .
808741510302	$$$	AIND-D03294	شاهين كنك في شاهين الافرم
765275937963	$$$	AIND-D03298	شاه سوار بن سليمان بن ناصر الدين بك بن دلغادر . مضى في سوار .
144967736496	$$$	AIND-D03300	شرباش . في جرباش بالجيم .
175586155714	$$$	AIND-D03308	شريف بالتصغير الفيومي الوكيل أخو العز عبد العزيز . اسمه شرف الدين محمد ابن سيأتي .
617837763853	$$$	AIND-D03345	شيخ أميراخور وطبلخاناه . هو شيخ الركني مضى .
734619770226	$$$	AIND-D03389	صديق الزبيدي . في ابن محمد بن علي قريبا .
764663569808	$$$	AIND-D03403	ضياء جماعة كثيرون كل منهم يلقب ضياء الدين كالذي قبله ، منهم عبد الخالق بن عمر بن رسلان البلقيني .
884138319318	$$$	AIND-D03432	طوخ بطيخ . في الظاهري قريبا .
303134940637	$$$	AIND-D03434	طوخ مازي . في الناصري .
224684678645	$$$	AIND-D03445	طوغان العلائي . مضى في طوغان قيز قريبا .
272168394246	$$$	AIND-D03455	الطيب اليماني . هو محمد بن أحمد بن أبي بكر بن علي بن محمد .
515920371220	$$$	AIND-D03460	ظهير جماعة اختصارا من لقبهم ظهير الدين منهم . | حرف العين المهملة
255785442963	$$$	AIND-D03509	عبد الجبار بن نعمان بن ثابت . في ابن عبد الله قريبا .
570232413867	$$$	AIND-D03522	عبد الحميد بن أحمد بن أبي بكر بن عبد الله بن ظهيرة أبو بكر . في الكنى .
206804360875	$$$	AIND-D03522	عبد الحميد بن عبد الرحيم بن علي التركماني . في حماد .
413906509485	$$$	AIND-D03522	عبد الحميد بن عبد الله المالكي . في عبد الحميد الطرابلسي قريبا .
436815797951	$$$	AIND-D03537	عبد ربه في إبراهيم الرملي .
157672283873	$$$	AIND-D03561	عبد الرحمن بن أحمد بن عبد الرحمن بن حمدان . كذا سمى شيخنا في معجمه جده والصواب حذفه ، وقد تقدم .
792996093720	$$$	AIND-D03587	عبد الرحمن بن أحمد بن محمد بن محمد بن فهد . يأتي في ابن أبي بكر قريبا .
372601003885	$$$	AIND-D03621	عبد الرحمن بن حسن بن محمد الدميري الطولوني . هو زكريا مضى .
924776931192	$$$	AIND-D03631	عبد الرحمن بن داود . مضى في ابن أبي بكر بن داود .
664021245819	$$$	AIND-D03633	عبد الرحمن بن أبي السرور بن عبد الرحمن الحسني الفاسي المكي . يأتي في ابن محمد بن عبد الرحمن .
764084756388	$$$	AIND-D03649	عبد الرحمن بن عبد القادر بن أبي الخير الطاوسي . يأتي في ابن أبي الفتوح .
642709987281	$$$	AIND-D03667	عبد الرحمن بن عبد الله بن أمين الدين . في ابن عبد الله بن عبد الله بن عبد الرحمن .
665082404915	$$$	AIND-D03705	عبد الرحمن بن علي الزين بن الصائغ المكتب . هو ابن يوسف يأتي .
861170311256	$$$	AIND-D03717	عبد الرحمن بن عياش . في ابن أحمد بن محمد بن محمد بن يوسف .
963112869998	$$$	AIND-D03731	عبد الرحمن بن محمد بن أحمد بن محمد بن محمد بن محمد بن فهد . مضى في ابن أبي القسم بن أبي بكر .
738184929409	$$$	AIND-D03736	عبد الرحمن بن محمد بن إسماعيل بن حسين بن موسى بن خلف بن الحسين الجبرتي البلادري نزيل مكة ويعرف بأبجد . سلف في الهمزة .
164018266383	$$$	AIND-D03814	عبد الرحمن بن مسعود بن موسى المغربي نزيل بيت المقدس ويدعى بخليفة وهو به أشهر . مضى في خليفة .
234331578673	$$$	AIND-D03829	عبد الرحمن بن زين الدين بن سعد الدين الحلال . في ابن محمد .
737400594743	$$$	AIND-D03831	عبد الرحمن بن التاجر . في ولده إسماعيل .
551408378168	$$$	AIND-D03831	عبد الرحمن وجيه الدين ابن الجمال المصري . في ابن محمد بن أبي بكر بن علي بن يوسف .
486480552250	$$$	AIND-D03831	عبد الرحمن المعروف بابن غانم والي مكة . مضى في ابن محمد بن غانم .
409846423868	$$$	AIND-D03831	عبد الرحمن بن الكركي . في ابن عمر بن محمود بن محمد .
556953248081	$$$	AIND-D03839	عبد الرحمن أبو الفضل الاسترابادي العجمي . في فضل الله .
327398990162	$$$	AIND-D03839	عبد الرحمن البدوي نزيل المزهرية . مضى في ابن سلام بن إسماعيل .
975624479060	$$$	AIND-D03839	عبد الرحمن البغدادي الحلال . في ابن محمد .
518239822165	$$$	AIND-D03839	عبد الرحمن الجزائري المغربي نزيل مكة . مضى في ابن محمد بن فاضل .
650993738080	$$$	AIND-D03840	عبد الرحمن الشامي نزيل المزهرية . في ابن يوسف بن عبد الله .
806317203814	$$$	AIND-D03842	عبد الرحمن المارديني ، مضى في ابن أحمد بن يوسف بن عبد الأعلى
887443431855	$$$	AIND-D03873	عبد الرحيم بن علي بن الحموي الواعظ . كذا سمى ابن عزم والده وصوابه عبد الرحيم بن أبي بكر بن محمد بن علي وقد مضى .
858225910239	$$$	AIND-D03887	عبد الرحيم بن محمد الموصلي الأصل الدمشقي . أظنه محمد بن عبد الرحيم لكن عبارة مستدعية موهمة .
153662530025	$$$	AIND-D03891	عبد الرحيم بن ظهيرة . هو ابن أحمد بن أبي بكر بن عبد الله .
183349813761	$$$	AIND-D03909	عبد الرزاق بن فضل الله بن يونس . في رزق الله .
898122129929	$$$	AIND-D03912	عبد الرزاق بن محمد الطرابلسي . في ابن حمزة .
342313935374	$$$	AIND-D03912	عبد الرزاق بن موسى بن إبراهيم بن عجيل اليماني . في محمد إن شاء الله .
182129271317	$$$	AIND-D03915	عبد الرزاق أبو الفرج المنسوب إليه ابن أبي الفرج . في الكنى .
812818375191	$$$	AIND-D03916	عبد الرزاق المجاور بجامع دمشق . مضى في ابن عبد الله .
665560556099	$$$	AIND-D03935	عبد السلام الزرندي . مضى في ابن عبد الوهاب بن محمد قريبا .
920880423551	$$$	AIND-D03962	عبد العزيز بن أبي البركات بن محمد بن علي بن أحمد بن عبد العزيز .
594836202113	$$$	AIND-D03963	عبد العزيز بن أبي بكر بن رسلان . هو عبد العزيز بن أبي بكر بن مظفر . وسيأتي في ابن محمد بن مظفر بن نصير .
784427131527	$$$	AIND-D03964	عبد العزيز بن أبي بكر بن مظفر . يأتي في ابن محمد بن مظفر بن نصير .
608354443915	$$$	AIND-D03965	عبد العزيز بن سليم عز الدين المحلي . مضى في ابن أحمد قريبا .
277478384293	$$$	AIND-D03985	عبد العزيز بن أبي القسم . في ابن محمد بن عبد الوهاب .
405249467047	$$$	AIND-D03986	عبد العزيز بن عياش الطبري .
597566694132	$$$	AIND-D04019	عبد العزيز بن مظفر بن أبي بكر . صوابه ابن محمد بن نصير مضي .
686926340870	$$$	AIND-D04027	عبد العزيز أبو فارس . هو ابن أحمد بن محمد بن أبي بكر بن يحيى .
662834258697	$$$	AIND-D04027	عبد العزيز الحباك . في ابن عبد الرحمن بن أبي بكر .
318939079436	$$$	AIND-D04029	عبد العزيز اللبابي المغربي الوزير . مضى في ابن محمد .
484685390669	$$$	AIND-D04070	عبد الغني بن أبي الفرج . مضى في ابن عبد الرزاق بن أبي الفرج .
294133965678	$$$	AIND-D04079	عبد الغني بن محمد بن يوسف البساطي . كذا بخط ابن عزم وكأنه عبد الغني ابن محمد بن أحمد بن عثمان .
692328604527	$$$	AIND-D04079	عبد الغني بن الهيصم . مضى في ابن إبراهيم .
939054343029	$$$	AIND-D04083	عبد الغني بن أبي الفرج . في ابن عبد الرزاق .
155902288770	$$$	AIND-D04083	عبد الغني تاج الدين ابن الجيعان والد عبد الملك . هو عبد اللطيف بن شاكر بن ماجد .
582337176508	$$$	AIND-D04113	عبد القادر بن جبريل . في ابن محمد بن جبريل .
287632794566	$$$	AIND-D04120	عبد القادر بن الدهانة . في ابن محمد بن راشد
788025844688	$$$	AIND-D04123	عبد القادر بن شعبان الفرضي . في ابن علي بن شعبان .
174243980334	$$$	AIND-D04164	عبد القادر بن أبي الفتح الحجازي . في ابن محمد بن محمد بن محمد بن أحمد .
710221505581	$$$	AIND-D04164	عبد القادر بن أبي الفتح . في ابن محمد بن أحمد بن محمد بن محمد بن عبد الرحمن .
771928106039	$$$	AIND-D04166	عبد القادر بن أبي القسم بن محمد بن عبد الله بن عمر بن أبي بكر الناشري اليماني يكنى أبا الخير . يأتي في الكنى .
928757326930	$$$	AIND-D04191	عبد القادر بن محمد بن علي بن محمود بن المغلي . مضى في ابن علي وأن محمدا زيادة .
949292639335	$$$	AIND-D04193	عبد القادر بن محمد بن عمر بن علي بن غنيم بن علي النبتيتي الآتي جده .
662972671111	$$$	AIND-D04212	عبد القادر بن مظفر . في ابن محمد بن أحمد بن علي
636020073622	$$$	AIND-D04217	عبد القادر بن الجندي . في ابن محمد بن عمر
980733142175	$$$	AIND-D04220	عبد القادر الصاني ويدعى عبيد وهو به أشهر ، في ابن حسن بن عبيد بن محمد .
112528991396	$$$	AIND-D04222	عبد القادر العنبري : اثنان ابن شادي شاعر وابن أبي الفتح محمد بن موسى بن إبراهيم .
583222174897	$$$	AIND-D04226	عبد القادر النبراوي الحنبلي ، هو ابن علي بن أحمد .
924063900922	$$$	AIND-D04258	عبد الكريم بن أبي شاكر بن عبد الله بن غنام كريم الدين القبطي . هكذا سماه بعضهم وصوابه عبد الله وسيأتي .
496634963251	$$$	AIND-D04289	عبد الكريم بن محمد بن محمد بن عبد الله بن محمد بن موسى . مضى في ابن محمد بن عبد الله .
446236206391	$$$	AIND-D04291	عبد الكريم بن محمد بن محمد بن موسى بن عيسى بن عبد الله الدميري العطار . مضى في ابن محمد بن عبد الله بن محمد بن موسى .
353273652546	$$$	AIND-D04296	عبد الكريم بن مكانس الوزير . في ابن عبد الرزاق بن إبراهيم .
866891343174	$$$	AIND-D04298	عبد اللطيف الكتبي . في ابن إبراهيم بن أحمد .
871601546585	$$$	AIND-D04306	عبد اللطيف بن أحمد بن علي . صواب جده عمر كما بعده .
199489496432	$$$	AIND-D04315	عبد اللطيف بن أبي سرور ، في ابن محمد بن عبد الرحمن .
301172008328	$$$	AIND-D04331	عبد اللطيف بن عثمان شيخ الزوار . مضى في أبيه عبد القادر قريبا .
180996810127	$$$	AIND-D04335	عبد اللطيف بن غانم المقدسي ، في ابن عبد الرحمن بن أحمد بن علي بن أحمد بن غانم .
435893052815	$$$	AIND-D04335	عبد اللطيف بن أبي الفتح ، في ابن محمد بن أحمد بن محمد بن محمد .
905168561617	$$$	AIND-D04368	عبد اللطيف الدنجيهي . في ابن عثمان بن سليمان .
557276210749	$$$	AIND-D04423	عبد الله ويقال اسمه يحيى بن إسماعيل بن العباس بن علي بن داود بن يوسف ابن عمر بن علي بن رسول الظاهر هزبر الدين بن الأشرف 
305974486588	$$$	AIND-D04423	عبد الله بن إسماعيل بن محمد بن بردس البعلي ...
801451812417	$$$	AIND-D04425	عبد الله بن أيوب . هو ابن علي بن أيوب يأتي .
812621244009	$$$	AIND-D04443	عبد الله بن زيد البعلي . في ابن محمد بن محمد بن محمد بن زيد .
669499008623	$$$	AIND-D04447	عبد الله بن سعد الدين بن التاج موسى القبطي . في ابن أبي الفرج بن موسى .
497687733873	$$$	AIND-D04447	عبد الله بن سعد الدين بن البقري . يأتي في تاج الدين .
878954161916	$$$	AIND-D04506	عبد الله بن علي بن محمد بن أبي بكر الشيبي . صوابة محمد وسيأتي .
404712597267	$$$	AIND-D04518	عبد الله بن عمر بن عبد العزيز بن أحمد بن محمد أبو عبد الله الفيومي الأصل المكي ويسمى محمدا أيضا وهو بكنيته أشهر يأتي .
906514933563	$$$	AIND-D04536	عبد الله بن فتح الدين مجد الدين أحد الكتبة ويعرف بابن البقري لكون أمه تزوجها تاج الدين بن البقري . يأتي في ولده أبي النج
670350452541	$$$	AIND-D04538	عبد الله بن أبي الفضائل بن سناء الملك . هو ماجد يأتي .
647776708435	$$$	AIND-D04549	عبد الله بن الطيب محمد بن أحمد بن أبي بكر بيض له العفيف الناشري وهو الذي قبله ظنا قويا .
100587808620	$$$	AIND-D04558	عبد الله بن محمد بن أحمد التقي أبو بكر الصالحي الناسخ نزيل مكة ويعرف بابن الرفا . يأتي في الكنى .
366431184753	$$$	AIND-D04560	عبد الله بن محمد بن إسماعيل بن علي بن الحسن التقي القلقشندي المقدسي . في أبي بكر من الكنى .
728210876312	$$$	AIND-D04575	عبد الله بن محمد بن عبد الأحد الحراني . مضى في عبد الأحد .
580978223001	$$$	AIND-D04575	عبد الله بن محمد بن عبد الحق . مضى في ابن عبد الحق.
736138110974	$$$	AIND-D04621	عبد الله بن المحب محمد بن محمد بن محمد بن أحمد بن إبراهيم الطبري المكي المدعو مكرما وهو به أشهر . يأتي في الميم .
205244082252	$$$	AIND-D04659	عبد الله بن الفخر . يأتي قريبا في عبد الله البصري .
763933763660	$$$	AIND-D04659	عبد الله التاج المقسي . في ابن نصر الله بن عبد الغني قريبا .
949699487829	$$$	AIND-D04660	عبد الله الجمال البرلسي . في ابن محمد .
752353290332	$$$	AIND-D04663	عبد الله الجمال السمنودي . في ابن محمد .
467404859499	$$$	AIND-D04667	عبد الله باعلوي . مضى في ابن محمد بن علي بن محمد بن أحمد .
244758620275	$$$	AIND-D04668	عبد الله البشيري هو الذي قبله .
600582400141	$$$	AIND-D04679	عبد الله محتسب الخانكاه . وقاضيها . في ابن محمد .
178618640567	$$$	AIND-D04688	عبد المحسن بن أحمد بن البدر حسين السيد بن الأهدل يأتي في محمد فهو مسمى بهما وسماه أبوه عبد المحسن محبة لشخص كان بمكة شاذ
872314579227	$$$	AIND-D04735	عبد الهادي بن أبي اليمن . مضى قريبا في ابن محمد بن أحمد بن إبراهيم .
442419390751	$$$	AIND-D04735	عبد الهادي السكندري ، في ابن عبد الرحمن .
188609472849	$$$	AIND-D04769	عبد الوهاب بن أبي شاكر . يأتي قريبا في ابن عبد الله .
348789942627	$$$	AIND-D04777	عبد الوهاب بن عبد الله تاج الدين بن كاتب المناخ . في عبد الرزاق .
549307033974	$$$	AIND-D04784	عبد الوهاب بن ماجد في ابن عبد الله بن موسى بن أبي شاكر .
623990811022	$$$	AIND-D04804	412 عبد الوهاب التاج بن كاتب المناخات . مات سنة سبع وعشرين . في عبد الرزاق .
855679969687	$$$	AIND-D04808	عبيد الله بن عبد الله الأردبيلي . في ابن عوض بن محمد .
138944719253	$$$	AIND-D04808	عبيد الله بن علي بن إبراهيم القرتاوي الشامي . مضى في عبد الله .
793042233770	$$$	AIND-D04818	عبيد بن سعد الله بن عبد الكافي . مضى في عبد الله . ★عبيد★ بن كاتب الجيش الفخر عبد الغني بن الحر . مضى في عبد الوهاب بن ع
268456438191	$$$	AIND-D04819	عبيد بن علي بن عمر المرخم . في عبد المعطي .
299452344753	$$$	AIND-D04819	عبيد بن علي المني الطبي . هو عبد الملك .
993022454204	$$$	AIND-D04823	عبيد حافظ . هو عبيد الله بن عبد الله بن عبيد الله .
903088187841	$$$	AIND-D04824	عبيد الريمي . في عبد الرحمن بن علي بن أبي بكر . ★عبيد الصاني★ . في عبد القادر بن حسن .
921572485570	$$$	AIND-D04824	عبيد الظاهري . في عبد الله بن محمد بن أبي بكر بن عبد الرحمن .
370227030597	$$$	AIND-D04888	عثمان الديمي . هو ابن محمد بن عثمان بن ناصر .
383166458465	$$$	AIND-D04901	507عصفورة التاجر الشامي وكان لقبه . مات سنة ستين = vol. 3 no. 535 .
317986974333	$$$	AIND-D04917	علان . في حوادث سنة عشر ، وأظنه الذي قبله .
911799757454	$$$	AIND-D04924	عليباي بابي . في علي بن خليل بن قراجا .
362610174614	$$$	AIND-D04926	علي بن إبراهيم بن إسماعيل بن الشحنة الداري . يأتي في ابن إسماعيل بن إبراهيم .
457846041243	$$$	AIND-D04928	علي بن إبراهيم بن صدقة التاجر السكندري . في ابن صدقة .
452036930315	$$$	AIND-D04974	علي بن أحمد بن سويدان . في ابن أحمد بن محمد بن خلف .
998944812002	$$$	AIND-D05065	علي بن اقبرس . في ابن محمد بن أقبرس .
629401463804	$$$	AIND-D05082	علي بن أبي بكر بن علي بن أبي بكر بن عبد الملك المقدسي الكوري . هكذا كتبه بعضهم وصوابه علي بن غازي بن علي وسيأتي .
566025530400	$$$	AIND-D05097	علي بن أبي بكر الأبياري ثم القاهري أحد شهودها المزورين . له ذكر في محمد بن حسن بن إسماعيل .
538565422125	$$$	AIND-D05103	علي بن أبي جعفر . في ابن محمد بن أحمد بن عمر بن محمد بن عثمان بن الضيا .
831717911610	$$$	AIND-D05105	علي بن حجاج الوراق أحد فضلاء المالكية . يأتي في أواخر العليين .
902500985969	$$$	AIND-D05119	علي بن حسن بن عمر التلواني . هكذا ساق شيخنا نسبه في تاريخه وصوابه علي بن عمر بن حسن بن حسين وسيأتي .
583821962409	$$$	AIND-D05144	علي بن دلغادر . هو ابن خليل بن قراجا . مضى .
503274548408	$$$	AIND-D05152	علي بن زكنون . في ابن حسين بن عروة .
394226838727	$$$	AIND-D05157	علي بن سالم الزبيدي . هو الموفق على بن أحمد بن محمد بن سالم مضى .
889079213273	$$$	AIND-D05163	علي بن سلام . في ابن عبد الله بن محمد بن الحسين بن علي بن إسحق بن سلام .
344444644583	$$$	AIND-D05169	علي بن سميط . في ابن محمد بن علي .
667414441379	$$$	AIND-D05247	علي بن عبد الله بن إسماعيل بن عبد القادر الديروطي . يأتي قريبا بدون إسماعيل .
541346246053	$$$	AIND-D05248	علي بن عبد الله بن عبد الرحمن . في ابن عبد الرحمن الصرنجي .
449608429055	$$$	AIND-D05286	علي بن عكاشة أحد الصلحاء . ممن أخذ عن شيخنا وهو ابن عثمان بن علي .
135157263884	$$$	AIND-D05288	علي بن علي بن حسين السيد الزين الجرجاني . يأتي في علي بن محمد بن علي .
860646026823	$$$	AIND-D05313	علي بن عمر بن قنان . هو ابن عمر بن محمد بن علي يأتي .
782090907235	$$$	AIND-D05334	علي بن غريب . له ذكر في يوسف بن محمد بن إسماعيل .
710598995574	$$$	AIND-D05343	علي بن أبي القسم المحجوب ...
860264345220	$$$	AIND-D05349	علي بن قنان ، في ابن عمر بن محمد بن علي بن قنان .
912391155337	$$$	AIND-D05352	علي بن أبي الليث ، في ابن محمد بن محمد بن أحمد .
340703325852	$$$	AIND-D05365	علي بن محمد بن أحمد بن بهرام . في ابن محمد بن علي بن عبد الله . = 1066
599982616238	$$$	AIND-D05377	علي بن محمد بن أحمد بن علي الأقواسي . يأتي بدون علي قريبا = 979 .
255252770560	$$$	AIND-D05416	علي بن محمد بن جعفر بن علي بن عبد الله . هو هاشم يأتي .
968469000232	$$$	AIND-D05546	علي بن محمد بن محمد بن سالم . يأتي بزيادة محمد ثالث .
248848068652	$$$	AIND-D05546	علي بن محمد بن محمد بن عبد البر العلاء بن أبي البقاء . هكذا ذكره شيخنا في معجمه ثم المقريزي ومحمد الثاني زيادة وقد مضى ب
799115587633	$$$	AIND-D05550	علي بن محمد بن محمد بن علي بن عمر بن علي بن أحمد القرشي أبو الحسن ابن عرب قاضي الرساميين . في الكنى .
361481908303	$$$	AIND-D05562	علي بن محمد بن محمد بن محمد أبو الخير بن الشيخة . في الكنى .
553237098590	$$$	AIND-D05575	52 علي بن محمد بن محمد نور الدين القاهري الحنفي العقاد . ممن سمع مني وعلي أشياء من ذلك في جمادى الثانية سنة ست وتسعين ال
619825869083	$$$	AIND-D05677	علي بن يحيى بن جميع . يأتي قريبا بدون جده .
129637560644	$$$	AIND-D05688	علي بن يوسف بن داود الخضري الشافعي .
849019416950	$$$	AIND-D05706	علي بن سعد الدين ملك الحبشة . في ابن محمد .
118916919672	$$$	AIND-D05706	علي بن صدر الدين الأردبيلي ثم المقدسي . في ابن محمد بن الصفي .
213683024250	$$$	AIND-D05708	علي العلاء بن الجزري . في ابن محمد بن محمد بن يوسف .
492751040894	$$$	AIND-D05710	علي بن شيخون اثنان : مدولب وهو ابن محمد بن أحمد وعكام وهو ابن وهما ابنا عم .
693234577792	$$$	AIND-D05711	علي علاء الدين بن الطبلاوي الوالي . في ابن عبد الله بن محمد
444340384129	$$$	AIND-D05711	علي بن عراق الدمشقي . في ابن عبد الرحمن .
152991445380	$$$	AIND-D05712	علي بن عين الغزال الحسيني سكنا . في ابن أحمد ابن خليل .
800097055112	$$$	AIND-D05714	166 علي العلاء بن المكللة متولي منفلوط . قتله عرب بني كلب في أواخر ربيع الأول سنة أربع . قاله العيني أيضا .
555342639502	$$$	AIND-D05717	علي المدعو ملا علي الكرماني . في ابن شهاب الدين .
949791764883	$$$	AIND-D05720	علي العلاء القابوني . في ابن محمد .
820988883354	$$$	AIND-D05722	علي نور الدين البحيري المالكي . في ابن موسى بن جلال بن أحمد .
830900023710	$$$	AIND-D05724	174 علي نور الدين البيري القاهري الشافعي نزيل سعيد السعداء وأحد صلحاء صوفيتها ، مات في رجب سنة أربع وسبعين وأظنه جاز الس
633453162913	$$$	AIND-D05726	علي نور الدين الصوفي . في ابن أحمد بن محمد .
475487285696	$$$	AIND-D05749	علي الدجوي : اثنان ابن أحمد بن محمد بن أحمد بن حيدرة وابن محمد بن أحمد .
638633128393	$$$	AIND-D05750	علي الديروطي المقري . في ابن عبد الله بن عبد القادر .
778265702860	$$$	AIND-D05752	علي السطيح . في ابن محمد بن أحمد بن عبد الله .
123627123166	$$$	AIND-D05762	علي القمني اثنان شاهدان أحدهما اسم أبيه محمد بن خلد بن عبد الله ابن علي مضى والآخر ابن محمد مضى أيضا .
586887999974	$$$	AIND-D05768	علي المغيربي ، في ابن أحمد بن حسن .
296004628965	$$$	AIND-D05769	عمار الكردي ، هو عبد الغفار بن موسى ، مضى .
658216333805	$$$	AIND-D05771	عمار بن محمد بن عمار ، يأتي في يحيى فهو اسمه وعمار لقبه ومع ذلك .
944993481203	$$$	AIND-D05774	عمران بن موسى بن أحمد بن معمر الجلجولي ، هو الأول تحرف .
889679000119	$$$	AIND-D05808	عمر بن أصلم ، في ابن خليل بن حسن بن يوسف .
588850934353	$$$	AIND-D05828	عمر بن أبي جرادة ، في ابن إبراهيم بن محمد بن عمر بن عبد العزيز .
840282681938	$$$	AIND-D05828	عمر بن جريعا . له ذكر في ولده يونس .
912747672271	$$$	AIND-D05894	329 عمر بن عثمان بن السراج بن الفخر بن الجندي أحد أعيان التجار ووالد سميه عمر الآتي
336970396449	$$$	AIND-D05939	عمر بن محمد بن إسماعيل المكين المصري المالكي . صوابه محمد .
288782037872	$$$	AIND-D05978	عمر بن الجمال أبي المكارم محمد بن النجم أبي المعالي محمد بن قاضي القضاة الكمال أبي البركات محمد بن الجمال أبي السعود محم
128207303595	$$$	AIND-D06001	عمر بن محمد اليماني مستوفي الديوان بجدة . مضى في علي .
677321388977	$$$	AIND-D06003	عمر بن مظفر الحنبلي . في ابن محمد بن أبي بكر .
469304882113	$$$	AIND-D06013	عمر بن أبي اليمن . في ابن محمد بن محمد بن علي بن أحمد .
621914633157	$$$	AIND-D06017	عمر بن النجار خادم الجمالي أبو السعود الشافعي . هو ابن محمد بن سليمان .
226928636905	$$$	AIND-D06044	عمر الكردي آخر في ابن إبراهيم بن أبي بكر .
345598079989	$$$	AIND-D06045	عمر المسلي . في العدني قريبا .
868233524248	$$$	AIND-D06062	عويس الشاعر . هو عيسى بن حجاج بن عيسى . يأتي قريبا .
622443115644	$$$	AIND-D06108	عيسى أبو مهدي الغبريني المالكي . في ابن أحمد بن يحيى .
621075772543	$$$	AIND-D06108	عيسى الأرتقي . في ابن داود بن صلح .
626905855106	$$$	AIND-D06110	عيسى البهنسي . في ابن يوسف بن محمد قريبا .
999762703493	$$$	AIND-D06114	عيسى العلاف المصري . في ابن موسى قريبا .
856917292189	$$$	AIND-D06123	غفير الطنتدائي . هو عبد الغفار بن عبد المؤمن .
651211846821	$$$	AIND-D06125	غياث بن علي بن نجم الكيلاني . في محمد .
407556338853	$$$	AIND-D06126	غيث الخانكي . هو محمد بن علي بن محمد . يكنى أبا الغيث يأتي . | حرف الفاء
799237223623	$$$	AIND-D06141	فارس المحمدي . مضى قريبا .
359829353795	$$$	AIND-D06207	قاسم بن أحمد بن محمد بن أحمد بن عمر الحوراني . في أبي القسم .
496295228896	$$$	AIND-D06290	قانصوه الألفي ، وجريبات ، والخسيف ، وخمسمائة ، والشامي . مضوا كلهم قريبا .
300060521953	$$$	AIND-D06291	قانصوه المصارع . مضى قريبا .
860310484461	$$$	AIND-D06303	قانم نيصا هو الظاهر جقمق . مضى قريبا .
171328943612	$$$	AIND-D06311	قجق نائب القلعة . هكذا بخطي في تاريخ شيخنا وصوابه ممجق وسيأتي في الميم .
214328948260	$$$	AIND-D06338	قرقماس الجلب وقرماس الرماح ، تقدما .
707021256314	$$$	AIND-D06385	كبيش بن هبة بن جماز الحسيني . هو ابن جماز الماضي قريبا .
934587414148	$$$	AIND-D06390	كرسجي بن أبي يزيد بن مراد بن عثمان . يأتي في المحمدين .
737090221723	$$$	AIND-D06402	كمال بن موسى الدميري ، في المحمدين .
793935623853	$$$	AIND-D06411	كمشبغا الظاهري . في الفيسي قريبا .
378464646888	$$$	AIND-D06439	مبارك شاه نائب القدس ، له ذكر في أحمد بن حسين بن علي أبي البقاء الزبيري .
134800750375	$$$	AIND-D06472	محمد بن إبراهيم بن أحمد بن غنائم . يأتي في أبي الفتح .
401675925310	$$$	AIND-D06484	محمد بن إبراهيم بن أحمد المدني . في أبي الفتح بن علبك من الكنى .
581406046033	$$$	AIND-D06493	محمد بن إبراهيم بن جامع البوصيري . صوابه ابن جامع بن إبراهيم انقلب .
157827479456	$$$	AIND-D06531	محمد بن إبراهيم بن علي بن محمد البيدموري البكتمري . في ابن أحمد بن إبراهيم يأتي .
619079284666	$$$	AIND-D06545	محمد بن إبراهيم بن محمد بن أيوب البدر بن العصياتي . مضى بدون محمد الثاني .
291965515766	$$$	AIND-D06581	محمد بن إبراهيم أبو البركات العسقلاني الخانكي . في الكنى .
547339909142	$$$	AIND-D06599	محمد بن أحمد بن إبراهيم بن محمد الفاسي المغربي . ذكره ابن عزم وقال : في موضع والد هبة وفي آخر ويدعى هبة . يأتي في الهاء 
423163344925	$$$	AIND-D06602	محمد بن أحمد بن إبراهيم الفيومي ثم القاهري يأتي في أبي الخير من الكنى .
337473714206	$$$	AIND-D06602	محمد بن أحمد بن أحمد بن إبراهيم بن حمدان الشهاب الأذرعي . يأتي في ابن أحمد بن محمد بن إبراهيم بن إبراهيم بن داود بن حازم
353483372757	$$$	AIND-D06693	محمد بن أحمد بن عبد الغني بن الأمانة ، صواب جده عبد العزيز . مضى قريبا .
300505118962	$$$	AIND-D06704	محمد بن أحمد بن عبد الله بن قديدار . يأتي بدون قديدار .
390397442311	$$$	AIND-D06710	محمد بن أحمد بن عبد الله الشمس القزويني ثم المصري وسمى شيخنا في معجمه جده محمدا وهو الصواب وسيأتي .
423662467370	$$$	AIND-D06730	محمد بن أحمد بن أبي العز بن أحمد بن أبي العز بن صالح الأذرعي بن الثور . هكذا كتبه بعضهم ومحمد زيادة بل هو أحمد وقد مضى .
210524715356	$$$	AIND-D06753	محمد بن أحمد بن علي بن عواض . يأتي بدون أحمد .
581473155462	$$$	AIND-D06777	محمد بن أحمد بن علي القلقشدي . هكذا رأيته في سماع البخاري في الطبقة التي بها البكتمري وكأنه النجم محمد بن أحمد بن عبد ال
887556684172	$$$	AIND-D06778	محمد بن أحمد بن عماد بن الهائم . في محمد بن أحمد بن محمد بن عماد بن علي .
715841878666	$$$	AIND-D06902	محمد بن أحمد بن محمد بن فهيد . يأتي بدون فهيد .
523310742179	$$$	AIND-D06922	محمد بن أحمد بن محمد بن محمد بن محمد بن سعيد الضياء أبو البركات بن الشهاب ابن الضياء . صوابه بدون محمد الثالث وقد مضى .
787350567603	$$$	AIND-D06927	محمد بن أحمد بن محمد بن محمد بن محمد بن محمد بن عبد الله بن محمد ابن فهد . يأتي في أبي القسم بن أبي بكر .
802336815797	$$$	AIND-D06929	محمد بن أحمد بن محمد بن محمد بن محمد الخجندي . في إبراهيم .
616323627703	$$$	AIND-D06929	محمد بن أحمد بن محمد بن محمد بن وفا . مضى قريبا بزيادة محمد .
435154860747	$$$	AIND-D06940	محمد بن أحمد بن محمد بن النصير بالنون أو بالموحدة . أسلفته هناك .
619402246886	$$$	AIND-D06960	محمد بن أحمد بن محمد الشمس القزويني نزيل مكة . يأتي قريبا .
452938709832	$$$	AIND-D07008	محمد بن أحمد بن نجاد المقدسي . في أحمد بن موسى بن نجاد .
968083127399	$$$	AIND-D07145	محمد بن إينال . في ابن علي بن إينال .
662582606985	$$$	AIND-D07158	محمد بن أبي البركات بن الزين . في محمد بن محمد بن أحمد بن الزين .
150873324686	$$$	AIND-D07158	محمد بن أبي البركات الخانكي أبو الخير . في ابن محمد بن محمد بن محمد .
758703471831	$$$	AIND-D07194	محمد بن أبي بكر بن عبد الرحمن بن محمد بن أبي بكر بن عثمان زين العابدين ابن أخي السخاوي وهو بلقبه أشهر . يأتي هناك .
412560145647	$$$	AIND-D07202	محمد بن أبي بكر بن عبد الله بن محمد بن أحمد بن ناصر الدين . هكذا نسبه بعضهم وهو غلط فأبو بكر كنية عبد الله لا ابنه .
125397122332	$$$	AIND-D07232	محمد بن أبي بكر بن محمد بن أحمد بن مجاهد بن يوسف . في ابن عبد الله بن محمد بن أحمد .
756115586383	$$$	AIND-D07256	محمد بن أبي بكر بن محمد بن محمد بن أبي الخير محمد بن فهد أبو القسم بن المحب المسمى بأحمد بن فهد الهاشمي المكي ، هو بكنيت
682392305009	$$$	AIND-D07276	محمد بن أبي بكر الجبرتي المدني الحنفي .
982977101217	$$$	AIND-D07294	محمد بن تقي الكازروني . في محمد بن محمد بن عبد السلام .
976719199658	$$$	AIND-D07314	محمد بن جلال المدني . هو ابن أحمد بن طاهر . مضى.
509159161259	$$$	AIND-D07315	محمد بن جماعة . هو ابن أبي بكر بن عبد العزيز بن محمد بن جماعة . مضى .
274647236011	$$$	AIND-D07326	محمد بن حسان . في ابن محمد بن علي بن محمد بن حسان.
153247301035	$$$	AIND-D07351	محمد بن حسن بن عبد الله أبو الفتح بن البدر القاهري سبط الشيخ محمد الجندي ويعرف بالمنصوري ، وهو بكنيته أشهر . يأتي .
868380327339	$$$	AIND-D07357	محمد بن حسن بن علي بن سليمان ويدعى زهيرا . مضى في الزاي .
344687918515	$$$	AIND-D07370	محمد بن أبي الخير بن أحمد بن علي . يأتي في ابن محمد بن أحمد بن علي بن عبد الله .
518789283251	$$$	AIND-D07382	محمد بك بن دلغادر . هو ابن خليل بن قراجا . مضى .
168032222645	$$$	AIND-D07404	محمد بن السابق . هو خليل بن محمد بن محمد بن محمود . أخطأ من سماه محمدا .
102890487222	$$$	AIND-D07415	محمد بن سعد بن محمد بن عبد الله بن سعد . يأتي في ابن عبد الله بن سعد .
856854379965	$$$	AIND-D07420	محمد بن سعد الدين جمال الدين ملك المسلمين من الحبشة . مضى في ابن أبي البركات .
671201902013	$$$	AIND-D07429a	محمد بن سعيد بن مسعود بن محمد يأتي في ابن محمد بن مسعود .
735785795008	$$$	AIND-D07460	محمد بن سند . يأتي في ابن علي .
896717045181	$$$	AIND-D07481	محمد بن شفيع . في محمد بن محمد بن محمد بن أحمد بن يوسف .
739946544578	$$$	AIND-D07484	محمد بن صلح بن عمر بن رسلان البهاء أبو البقاء بن العلم البلقيني الأصل القاهري وهو بكنيته أشهر . يأتي .
548262657484	$$$	AIND-D07510	محمد بن عامر . في محمد بن محمد بن عامر .
408386813423	$$$	AIND-D07521	محمد بن عبد الحق بن إبراهيم الشمس الطبيب . في عبد الحق بن إبراهيم .
527278554614	$$$	AIND-D07526	محمد بن عبد الخالق الشمس المناوي بدنة . يأتي في محمد بن محمد بن عبد الوهاب .
703426739725	$$$	AIND-D07538	محمد بن عبد الرحمن بن أحمد بن محمد بن محمد بن وفا أبو المراحم . في الكنى .
797194600094	$$$	AIND-D07663	محمد بن عبد السلام المنوفي . كذا في معجم النجم بن فهد مجردا وأظنه العز محمد بن محمد بن عبد السلام نسب لجده وسيأتي .
983769824929	$$$	AIND-D07687	محمد بن عبد العزيز . أظنه محمد بن محمد بن أحمد بن عبد العزيز نسب لجده وسيأتي .
355395976887	$$$	AIND-D07738	محمد بن عبد اللطيف الكمال أبو البركات الششيني المحلي ثم القاهري الشافعي وهو بكنيته أشهر . يأتي هناك .
341336669894	$$$	AIND-D07790	محمد بن عبد الله بن عبد القادر السكاكيني . في ابن عبد القادر بن عمر .
305341152970	$$$	AIND-D07793	محمد بن عبد الله بن عبد المنعم الجرواني . في محمد بن أحمد الجرواني .
393438314188	$$$	AIND-D07796	محمد بن عبد الله بن علي البعلي بن المغربي . في صدقة .
172838895319	$$$	AIND-D07836	محمد بن عبد الله بن محمد بن يحيى بن يحيى بن قاسم بن خلف الأزيرق .
712004091610	$$$	AIND-D07858	محمد بن عبد الله الجمال الكازروني . كذا وقع في إنباء شيخنا . وصوابه محمد ابن أحمد بن محمد بن إبراهيم بن محمود وقد مضى .
877314195174	$$$	AIND-D07870	محمد بن عبد الله أبو الفيض الحلبي . صوابه محمد بن علي بن عبد الله .
765754097383	$$$	AIND-D07870	محمد بن عبد الله البخاري ثم الخوارزمي ويعرف بكمال ريزة . يأتي في كمال من الألقاب وينظر إن كان من شرطنا .
442843021033	$$$	AIND-D07891	محمد بن عبد المحسن بن عبد اللطيف . يأتي في محمد بن محمد بن عبد المحسن .
564167458534	$$$	AIND-D07893	محمد بن عبد الملك بن عبد اللطيف بن الجيعان . يأتي في أبي البقاء بن الجيعان فهو بكنيته أشهر .
816077356784	$$$	AIND-D07903	محمد بن عبد الواحد بن عبد الله بن محمد المناوي . في عبد العزيز .
545964179188	$$$	AIND-D07908	محمد بن عبد الوهاب بن خليل بن غازي المقدسي أبو مساعد . يأتي في الكنى .
814403829497	$$$	AIND-D07961	محمد بن عثمان الشافعي . هو ابن عثمان بن محمد بن إسحق مضى .
428745965326	$$$	AIND-D08024	محمد بن علي بن أحمد الزراتيتي . في ابن علي بن محمد بن أحمد .
183794417431	$$$	AIND-D08053	محمد بن علي بن أبي بكر الشيبي . في ابن علي بن محمد بن أبي بكر .
668890840863	$$$	AIND-D08115	محمد بن علي بن عبد الكريم الفوى . في ابن علي بن محمد بن عبد الكريم .
503257775918	$$$	AIND-D08171	محمد بن علي بن محمد بن الركن محمد البدر والشمس أبو الغيث الخانكي قاضيها الشافعي . مات في يوم السبت ثاني جمادى الأولى سنة
816366763841	$$$	AIND-D08210	محمد بن علي بن موسى الشمس الدمشقي الشافعي ويعرف بابن قديدار . هكذا سماه شيخنا في إنبائه وهو محمد بن أحمد بن عبد الله . م
913502650216	$$$	AIND-D08245	محمد بن علي الشمس الطيبي ثم القاهري الشافعي ووجدت بخطي في موضع آخر أنه محمد بن أحمد بن محمد وقد ترجمته هناك .
662049931122	$$$	AIND-D08258	محمد بن علي بن الركن المعري . هو ابن أحمد بن علي بن سليمان . مضى .
100487151475	$$$	AIND-D08275	محمد بن علي المصري نزيل مكة ، هو الفراش الكتبي قريبا وإن جده عبد الكريم .
467098681202	$$$	AIND-D08275	محمد بن العماد . هو محمد بن عبد الرحمن بن خضر .
721189617570	$$$	AIND-D08386	محمد بن عمر الشمس الغزي قاضيها الحنفي . في ابن محمد بن عمر بن إسرائيل .
621516177324	$$$	AIND-D08408	محمد بن عيسى بن علي بن عيسى أبو الفضل الأقفهسي ثم القاهري وهو بكنيته أشهر . يأتي في الكنى .
430314635196	$$$	AIND-D08420	محمد بن غزي أبو بكر .
664025448381	$$$	AIND-D08424	محمد بن أبي فارس . في ابن عبد العزيز بن أحمد بن محمد بن أبي بكر .
448014598078	$$$	AIND-D08428	محمد بن الفخر المصري . مضى في ابن عثمان بن عبد الله بن النيدي .
168149663683	$$$	AIND-D08439	محمد بن فهيد . مضى في ابن أحمد بن محمد المغيربي .
308700790732	$$$	AIND-D08472	محمد بن أبي القسم بن عبد الرحمن بن عبد الله الشيشيني . صوابه محمد بن قاسم ابن عبد الله بن عبد الرحمن . مضى .
138755981277	$$$	AIND-D08494	محمد بن قلبة الشمس الشامي . في ابن محمد بن محمد بن قلبة .
318402215900	$$$	AIND-D08496	محمد بن قندو ملك بنجالة . رأيت من كتبه هنا . ومضى في الفاء من الآباء .
913511039008	$$$	AIND-D08564	محمد بن محمد بن أحمد بن عبد الله بن أحمد الزفتاوي . هكذا رأيت من ساق نسبه وأحمد الأول زيادة ، وسيأتي في محله .
323569598647	$$$	AIND-D08627	محمد بن محمد بن أحمد بن أبي الفضل . اثنان الشرف أبو القسم والكمال أبو الفضل النويريان المكيان الخطيبان بها . يأتي كل منه
495565422836	$$$	AIND-D08658	محمد بن محمد بن أحمد بن محمد بن محمد بن عثمان بن موسى الطوخي . مضى في محمد بن أبي بكر بن أحمد بن محمد .
650679173387	$$$	AIND-D08663	محمد بن محمد بن أحمد بن محمد المحب الطوخي . مضى في ابن أبي بكر .
391374717240	$$$	AIND-D08680	محمد بن محمد بن أحمد الشمس الحموي الحنفي ويعرف بابن المعشوق . ممن أخذ عن شيخنا وسيأتي في محمد بن أحمد ناصر الدين .
138642735447	$$$	AIND-D08693	محمد بن محمد بن أسعد القاياتي . سقط من نسبه محمد آخر كما سيأتي .
733722198377	$$$	AIND-D08699	محمد بن محمد بن إسماعيل البرادعي . صواب جده سليمان وسيأتي .
346554384794	$$$	AIND-D08723	محمد أخو الثلاثة . هو حسن الماضي في الحاء .
930040791478	$$$	AIND-D08735	محمد بن محمد بن أبي بكر أبو الفتح النحريري ثم القاهري المالكي . سيأتي بزيادة محمد ثالث والرابع إسماعيل .
662502916544	$$$	AIND-D08738	محمد بن محمد بن جمال الدين ولي الدين المدعو عبد الولي الواسطي ثم القاهري . مضى في عبد الولي .
372814922178	$$$	AIND-D08739	محمد بن محمد بن جوارش . في محمد بن محمد بن اقوش .
789217034702	$$$	AIND-D08742	محمد بن محمد بن الحسام . فمن جده لاجين .
236902695404	$$$	AIND-D08751	محمد أبو الفضل أخو الذي قبله . صوابه عبد الرحمن وقد مضى .
645050417661	$$$	AIND-D08759	محمد بن محمد بن حسن السكري بن الجنيد . في ابن عبد الرحمن .
851666027056	$$$	AIND-D08771	محمد بن محمد بن خضر بن سمري العيزري . يأتي بزيادة محمد ثالث .
226874114842	$$$	AIND-D08857	محمد بن محمد بن عبد الله بن أحمد الشمس الشهير والده بالصغير بالتصغير طبيب مشهور . مضى في ابن أحمد بن عبد الله بن أحمد .
951083615017	$$$	AIND-D08861	محمد بن محمد بن عبد الله بن جوارش . في محمد بن محمد بن أقوش .
669897474903	$$$	AIND-D08890	محمد بن محمد بن عبد الله . في محمد بن محمد بن آقش .
618679496346	$$$	AIND-D08909a	محمد بن محمد بن علي بن إبراهيم بن موسى بن طاهر خير الدين أبو الخير القليوبي المخبزي كاتب الغيبة . مضى في محمد بن أبي بكر
695893771128	$$$	AIND-D08917	محمد بن محمد بن علي بن أحمد أبو الخير بن النحاس. يأتي في الكنى .
414023959439	$$$	AIND-D08928	محمد بن محمد بن علي بن عبد الله بن علي بن محمد بن عبد السلام الكازروني المكي رئيس المؤذنين بالمسجد الحرام . مضى في ابن أ
717829981167	$$$	AIND-D08973	محمد بن محمد بن علي الزين أبو بكر الخوافي . هكذا رأيته بدون محمد الثالث والصواب إثباته وسيأتي .
195785933889	$$$	AIND-D09011	محمد بن محمد بن عيسى بن كرامة . ذكره ابن عزم هكذا وهو الآتي .
639677514884	$$$	AIND-D09039	محمد الزين أبو بكر أخو الذي قبله . وهو بكنيته أشهر . يأتي في الكنى .
131214623876	$$$	AIND-D09039	محمد بن محمد بن محمد بن أحمد بن محمد بن محمد بن سعيد الشرف أبو القسم بن الضياء قاضي مكة الحنفي وابن قاضيها . وهو بكنيته 
686238483643	$$$	AIND-D09067	محمد بن محمد بن محمد بن أبي بكر الشمس الدلجي المقرئ ويدعى قريشا . سبق هناك ويأتي في ابن أبي يزيد أيضا .
697194005691	$$$	AIND-D09068	محمد بن محمد بن محمد بن أبي بكر ولي الدين النحريري المالكي . وكذا رأيته بخطي وكتب إلى أنه محمد بن محمد بن محمد بن محمد ب
873925199110	$$$	AIND-D09100	محمد بن محمد بن محمد بن عبد الرحمن بن عبد الستار الحريري . يأتي بدون من بعد المحمدين . محمد بن محمد بن
901095900446	$$$	AIND-D09106	محمد بن محمد بن محمد بن عبد الرحمن أو حسن البدر بن الجنيد مضى في ... = 521?
890350093643	$$$	AIND-D09132	محمد بن محمد بن محمد بن عبد الله المحب أبو الوليد بن الشحنة . هكذا سمي شيخنا في معجمه جده محمد بن عبد الله وصوا به محمد 
960743097722	$$$	AIND-D09147	محمد بن محمد بن محمد بن علي بن أحمد بن عبد الله بن عمر بن حياة بن قيس الحراني ثم الدمشقي . في عبد العزيز .
938085467516	$$$	AIND-D09148	محمد بن محمد بن محمد بن علي بن أحمد الكمال بن اليونانية صوابه بدون محمد الثالث وقد مضى .
338581013899	$$$	AIND-D09151	محمد بن محمد بن محمد بن علي بن حسن بن عمر المحب أبو الطيب بن الشمس السيوطي ووالد أصيل الدين محمد الآتي الشهير أبوه بابن 
302598079884	$$$	AIND-D09151	محمد بن محمد بن محمد بن علي بن عبد الله أبو الخير رئيس المؤذنين بمكة . يأتي في أبي الخير من الكنى أيضا .
400430220710	$$$	AIND-D09163	محمد بن محمد بن المحب محمد بن علي بن يوسف الأنصاري الزرندي المدني
871475725766	$$$	AIND-D09183	محمد إمام الدين أبو الكرم شقيق اللذين قبله ويدعى مكرما يأتي .
157563241930	$$$	AIND-D09184	محمد أخو اللذين قبله واسمه أيضا عامر . سبق في عامر .
270935279104	$$$	AIND-D09203	محمد بن محمد بن محمد أبو الفضل ويسمى العباس بن الجمال أبي المكارم القرشي بن ظهيرة ابن عم المذكورين قبله . مضى في العباس 
312433722895	$$$	AIND-D09211	محمد شقيق الذي قبله ويدعى عطية . مضى فيه .
612028663333	$$$	AIND-D09218	محمد بن محمد بن محمد بن محمد بن عبد العزيز بن أبي الحسن كريم الدين أبو الطيب بن روق الموقع . في الكنى .
499625510448	$$$	AIND-D09220	محمد بن محمد بن محمد بن محمد بن علي بن عبد الله بن علي أبو عبد الله رئيس المؤذنين بمكة . يأتي في الكنى .
132376446519	$$$	AIND-D09228	محمد بن محمد بن محمد بن محمد بن محمد بن عبد الله بن فهد . أخوان أحدهما عمر مضى والآخر أبو زرعة يأتي في الكنى .
633012766291	$$$	AIND-D09240	محمد بن محمد بن محمد بن محمد بن يوسف بن الجزري، هكذا ذكره شيخنا في أنبائه وسقط من نسبه بعد محمد الرابع علي وقد مضى . انت
614880790103	$$$	AIND-D09241	محمد بن محمد بن محمد بن محمد التاج بن التنسي . مضى بزيادة محمد خامس ابن عطاء الله بن عواض .
246985803379	$$$	AIND-D09255	محمد بن محمد بن محمد بن يحيى بن يونس بن أحمد بن صلاح القلقشندي . يأتي بدون محمد الثالث .
143357134475	$$$	AIND-D09260	محمد بن محمد بن محمد البدر بن المحب بن الصفي العمري الدميري المالكي هكذا رأيته في طبقة ختم البخاري بخطي ، وقد مضى في محم
863116478102	$$$	AIND-D09265	محمد بن محمد بن محمد الجلال بن العز بن البدر القادري صوابه ابن عبد العزيز وقد مضى .
353290438315	$$$	AIND-D09277	محمد بن محمد بن محمد العز بن الشمس بن الحمراء الدمشقي الحنفي . يأتي بدون محمد الثالث .
783168849675	$$$	AIND-D09312	محمد بن محمد بن محمود بن محمد بن أبي الحسين الشمس البالسي . في محمد بن محمود ابن محمد بن أبي الحسين فشمس الدين إنما هو م
800403244822	$$$	AIND-D09314	محمد بن محمد بن محمود الشمس الدمشقي بن السلعوس . هكذا في الأنباء بإسقاط محمد الثالث وقد مضى .
870771083123	$$$	AIND-D09342	محمد بن محمد بن يوسف بن حاجي الجمال التوريزي . مضى بزيادة محمد ثالث قبل يوسف .
745122318211	$$$	AIND-D09349	محمد بن محمد بن يوسف بن علم الدين الفارسكوري أبو الطيب وهو بكنيته أشهر يأتي .
570576357258	$$$	AIND-D09353	محمد بن محمد بن يوسف الحموي الموقع . مضى في ابن صلاح بن يوسف .
523163944847	$$$	AIND-D09355	محمد بن محمد بن محيي الدين . في محمد بن محمد بن محمد بن أحمد بن يوسف .
401306830735	$$$	AIND-D09355	محمد بن محمد أثير الدين الخصوصي . صوابه محمد بن عمر بن محمد بن أبي بكر .
291080521653	$$$	AIND-D09373	محمد بن محمد الشمس أبو عبد الله الكيلاني المقري نزيل الحرمين . يأتي في ابن أبي يزيد .
926597269432	$$$	AIND-D09374	محمد بن محمد الشمس الحموي الموقع ناظر القدس والخليل . مضى في محمد بن صلاح بن يوسف .
485847222203	$$$	AIND-D09376	محمد بن محمد الصدر بن البهاء السبكي . مضى في محمد بن عبد الوهاب بن محمد .
689686202361	$$$	AIND-D09416	محمد أخو الذي قبله . يأتي في مغيث .
352006981641	$$$	AIND-D09426	محمد بن محمود ناصر الدين بن العجمي ، مضى في ابن محمد بن محمود .
468474415146	$$$	AIND-D09442	محمد بن معبد المدني . هو ابن علي بن معبد مضى .
533452572849	$$$	AIND-D09506	محمد بن أبي والي . في ابن محمد بن موسى بن أبي والي .
764973959359	$$$	AIND-D09511	محمد بن يحيى بن شاكر بن عبد الغني البدر أبو البقاء بن الجيعان . في الكني .
561214671066	$$$	AIND-D09522	محمد بن يحيى بن محمد بن إبرهيم بن أحمد البدر أبو السعود بن الأمين الأقصرائي يأتي في الكني .
229948541167	$$$	AIND-D09526	محمد بن يحيى بن محمد بن محمد بن محمد زين العابدين بن الشرف المناوي ثم القاهري . يأتي في الألقاب .
613035297034	$$$	AIND-D09537	محمد بن أبي يزيد الدلجي . مضى في قريش من القاف .
960063621419	$$$	AIND-D09552	محمد بن أبي اليمن . هو محمد بن محمد بن محمد بن علي بن أحمد .
175519058220	$$$	AIND-D09552	محمد بن أبي اليمن الطبري جماعة منهم الزكي أبو الخير . مضوا في محمد بن محمد ابن أحمد بن الرضي إبراهيم بن محمد بن إبراهيم 
215876651370	$$$	AIND-D09580	محمد بن يوسف بن علي أبو الطيب القنبشي المكي التاجر . في الكنى .
755016681853	$$$	AIND-D09587	محمد بن يوسف بن محمد بن يوسف السيوطي . في ابن أبي الحجاج .
724813498764	$$$	AIND-D09603	محمد بن يوسف . في ابن إبرهيم بن يوسف .
173845531031	$$$	AIND-D09611	محمد الشمس بن الشرف الششتري المدني المقرئ . مضى في ابن محمد بن محمد بن أحمد بن عثمان بن عبد الغني . محمد بن بهاء الدين ب
841679391127	$$$	AIND-D09611	محمد بن تقي الدين الجهيني . في ابن أبي بكر بن أحمد .
123618740635	$$$	AIND-D09612	محمد بن شرف الدين الششتري . أشير إليه قريبا .
238467172765	$$$	AIND-D09612	محمد بن مجد الدين المكراني المكي . في ابن إسماعيل بن إبرهيم وفي ابن عبد القادر بن إبرهيم .
571222280606	$$$	AIND-D09612	محمد بن مظفر الدين . مضى في ابن محمد بن عبد الله بن محمد .
649479604640	$$$	AIND-D09612	محمد بن ناصر الدين الجندي . هو ابن محمد بن بخشيش .
747810867643	$$$	AIND-D09624	محمد البدر النويري الحنفي . مضى في ابن محمد بن محمد بن محمد بن عبد الرحيم بن إبرهيم .
605493938622	$$$	AIND-D09624	محمد البهاء بن البرجي المحتسب . في ابن حسن بن عبد الله بل ابن محمد .
201636989376	$$$	AIND-D09624	محمد البهاء المحلي الفرضي ابن الواعظ . في محمد بن أحمد .
620874451414	$$$	AIND-D09643	محمد الكمال أبو البركات السكندري المالكي ويعرف بابن ملك . يأتي في الكنى .
857655495147	$$$	AIND-D09650	محمد الشمس بن النحاس الدمشقي الخواجا . مضى في ابن أبي بكر بن إسماعيل .
788353010161	$$$	AIND-D09652	محمد الشمس بن الهيصم أخو التاج عبد الرزاق والمجد عبد الغني والد إبرهيم ، مضى في ابن إبرهيم .
694081833460	$$$	AIND-D09653	محمد المحب بن الجليس الحنبلي . في ابن محمد بن محمد .
458642967039	$$$	AIND-D09655	محمد ناصر الدين بن فخر الدين بن النيدي في ابن عثمان بن عبد الله .
620396300800	$$$	AIND-D09656	محمد ناصر الدين بن التنسي ، كذا رأيت اسمه في النسخة من تاريخ المقريزي وصوابه أحمد بن محمد بن محمد بن محمد وقد مضى .
335389149698	$$$	AIND-D09656	محمد ناصر الدين بن تيمية في ابن محمد ابن عبد الله بن عبد الحليم وله ابن شاركه في اسمه ولقبه معا مضى أيضا .
185874795014	$$$	AIND-D09657	محمد ناصر الدين بن الطحان القاهري الشافعي أحد الفضلاء في ابن محمد بن عرفات .
755373197831	$$$	AIND-D09659	محمد بن بطالة أحد المعتقدين . مضى في ابن عبد الرحمن بن يوسف .
467690080805	$$$	AIND-D09671	محمد بن نقيب القصر المعروف بابن شفتر وهو والد أمير حاج . مضى في ابن محمد بن عبد الغني .
191465802280	$$$	AIND-D09672	محمد أصيل الدين الدمياطي . هو ابن محمد بن محمد بن عبد الكريم مضى .
792123689517	$$$	AIND-D09674	محمد الشرف الأصيلي صاحب سبع الكاملية هو محمد بن محمد بن عثمان بن أيوب .
159572314684	$$$	AIND-D09678	محمد الشمس البصروي ثم الدمشقي الشافعي هو ابن عبد الرحمن بن عمر بن عبد العزيز. مضى .
318645488194	$$$	AIND-D09678	محمد الشمس البغدادي ثم القاهري الحنبلي . هو ابن علي بن عيسى.
101724473922	$$$	AIND-D09678	محمد الشمس المعروف بالبلدي . مضى في ابن سالم بن محمد .
890245237316	$$$	AIND-D09680	محمد الشمس التبسي المغربي قاضي حماة ، مضى في ابن عيسى .
307773852229	$$$	AIND-D09680	محمد الشمس التفهني الكحال ، اثنان ابن محمد بن عبد الله وابن يعقوب .
168900446802	$$$	AIND-D09683	محمد الشمس الحجازي العطار المقرئ بالمسجد الحرام . هو ابن أحمد بن علي بن عبد الله مضى .
357585406551	$$$	AIND-D09687	محمد الشمس الخانكي موقع مكة . مضى في ابن محمد .
483263531610	$$$	AIND-D09688	محمد الشمس الذهبي في الشمس بن النحاس .
259216394847	$$$	AIND-D09688	محمد الشمس الريس في الجامع الطولوني . في ابن عبد الله بن أيوب .
216967170657	$$$	AIND-D09688	محمد الشمس زاده شيخ الشيخونية كذا سماه المقريزي وأرخه سنة تسع ، ومضى في زاده وأنه مات سنة ثمان .
437432371828	$$$	AIND-D09698	محمد الشمس الكركي الحنفي . هو ابن عمر تقدم .
105461598838	$$$	AIND-D09700	محمد الشمس المكيسي . في ابن داود بن محمد بن داود .
622556367483	$$$	AIND-D09704	محمد الصدر المليجي . هو محمد بن محمد بن محمد بن محمد بن عبد الرحمن بن عبد القادر .
727061645951	$$$	AIND-D09708	محمد قوام الدين الرومي الحنفي . هو ابن محمد بن محمد بن قوام .
523927308947	$$$	AIND-D09716	محمد ناصر الدين التروجي المالكي . في ابن عبد الله .
491438230172	$$$	AIND-D09718	محمد ناصر الدين الملقب شفتر نقيب السقاة . في ابن عبد الغني .
801015614110	$$$	AIND-D09721	محمد ناصر الدين النبراوي أحد نواب الحنفية . مضى في ابن أحمد بن حسين .
926857317041	$$$	AIND-D09730	محمد أبو الفتح بن حرمى . في الكنى .
992439454389	$$$	AIND-D09730	محمد أبو الفضل بن عرب كاتب ديوان الأتابك أزبك . مضى في ابن محمد بن علي .
659764038354	$$$	AIND-D09742	محمد البياتي المغربي . مضى قريبا بزيادة كنيته أبي عبد الله .
509595372243	$$$	AIND-D09742	محمد التبا ذكاني . في محمد بن محمد بن محمد المولى شمس الدين .
810704456410	$$$	AIND-D09746	محمد الجبريني اثنان أحدهما ابن أحمد بن علوان بن نبهان والآخر ابن أبي بكر بن محمد بن نبهان .
623189707496	$$$	AIND-D09753	محمد الحنفي . في ابن حسن بن علي .
640021449467	$$$	AIND-D09759	محمد الدمدمكي . في ابن الدمدمكي .
732367440641	$$$	AIND-D09761	محمد الرباطي . يأتي في محمد القدسي .
356973038351	$$$	AIND-D09766	محمد الزيات . يأتي في محمد المصري .
809966258974	$$$	AIND-D09770	محمد السنقري الهمذاني هو ابن بهاء الدين مضى .
489945058099	$$$	AIND-D09774	محمد الشبراوي في ابن سليمان بن مسعود .
215071345473	$$$	AIND-D09779	محمد الصغير . في ابن علي بن قطلوبك .
586300803911	$$$	AIND-D09780	محمد الضرير الأزهري . في ابن عيسى بن إبرهيم .
877335169872	$$$	AIND-D09785	محمد الفرنوي هو ابن علي .
239448640341	$$$	AIND-D09787	محمد القباقبي الدمشقي الصالحي الحنبلي آخر . مضى قريبا في الملقبين بشمس الدين .
358801754972	$$$	AIND-D09792	محمد القنشي . هو ابن علي بن خلد بن علي بن موسى .
692278283101	$$$	AIND-D09792	محمد القواس الدمشقي أحد المعتقدين . مضى في ابن عبد الله .
961263192936	$$$	AIND-D09794	محمد الكمالي هو ابن عبد الله بن طغاي .
961372244846	$$$	AIND-D09797	محمد الماحوزي ، مضى في الملقبين شمس الدين .
437684030325	$$$	AIND-D09798	محمد المدني المالكي . هو ابن علي بن معبد بن عبد الله مضى .
224609192832	$$$	AIND-D09804	محمد المغربي اللبسي . هو ابن محمد بن يحيى بن محمد بن عيسى مضى .
753372515212	$$$	AIND-D09821	محمود بن إبرهيم بن محمد بن محمود ابن عبد الحميد بن هلال الدولة . يأتي في ابن محمد بن إبراهيم بن محمود .
547134393262	$$$	AIND-D09832	محمود بن أحمد العيني الحنفي . اثنان تقدما أجلهما وأشهرهما البدر واسم جده موسى وثانيهما وهو في تلامذته المظفر واسم جده حس
953273043908	$$$	AIND-D09841	محمود بن شيرين في ابن يوسف بن مسعود .
889188273234	$$$	AIND-D09904	مرشد بن عيسى . مضى في محمد .
282868075659	$$$	AIND-D09929	مسعود رسول تمرلنك . في ابن محمد .
987376929941	$$$	AIND-D09930	مسعود الطائي قاضي طرابلس . في ابن شعبان . مسعود المطيبيز . في ابن مبارك قريبا .
436991970476	$$$	AIND-D09939	مصطفى بن عبد الله القرماني . هو الذي قبله .
924474952884	$$$	AIND-D09948	مظفر الشيرازي . هو محمد بن عبد الله بن محمد .
322349059274	$$$	AIND-D09957	معين بن صفي الحسني الحسيني الإيجي . هو محمد بن عبد الرحمن بن محمد بن عبد الله بن محمد .
764164459800	$$$	AIND-D09994	مقبل صاحب الينبع . في ابن نخبار قريبا .
365223234840	$$$	AIND-D09994	مقبل غلة السلطاني . تقدم في ابن عبد الله .
819457969501	$$$	AIND-D10032	مهنا بن طرنطاي . صوابه محمد بن طرنطاي ولكن كنت كتبته هنا غلطا .
113363668393	$$$	AIND-D10060c	موسى بن الزين في ابن أحمد بن موسى بن أحمد .
718555598276	$$$	AIND-D10071	موسى بن عطية الشرف اللقاني . يأتي في ابن عمر بن عوض بن عطية .
484509240800	$$$	AIND-D10085	موسى بن محمد بن علي المناوي . في ابن علي بن محمد قريبا .
580848209380	$$$	AIND-D10090	موسى بن محمد بن محمد الغيريني المالكي . ممن قرض للفخر أبي بكر بن ظهيرة في سنة سبعين أو بعدها بعض تآليفه وما علمته . وينظ
115490180613	$$$	AIND-D10100	موسى الشرف بن البرهان . في ابن إبرهيم .
949280067078	$$$	AIND-D10100	موسى الشرف الأنصاري اثنان مضيا ابن محمد بن محمد بن جمعة وابن علي بن محمد بن سليمان .
730790383112	$$$	AIND-D10101	موسى السبكي . في ابن أحمد بن موسى بن عبد الله بن سليمان .
288538775064	$$$	AIND-D10109	مولى شيخ . في محمد بن محمد بن محمود .
219940933147	$$$	AIND-D10109	مؤمن العنتابي . هو عبد المؤمن .
577832504865	$$$	AIND-D10111	ميان مضى في إميان من الهمزة .
346470501924	$$$	AIND-D10112	ميرك القاسمي . مضى في جيرك .
355916074545	$$$	AIND-D10119	ناصر البسكري . مات في المحرم سنة تسع وسبعين بمكة .
429983288932	$$$	AIND-D10143	نعمة الله السيد الإيجي ثم الكرماني أحد أصحاب اليافعي تقدم في ابن عبد الله بن محمد قريبا .
381174173306	$$$	AIND-D10156	نور في أحمد بن عز الدين بن نور الدين .
580751740580	$$$	AIND-D10173	هبيهب هو محمد بن محمد بن أحمد .
275003756207	$$$	AIND-D10178	همام بضم الهاء والتخفيف بن أحمد الخوارزمي القاهري الشافعي ويسمى محمدا أيضا مضى في المحمدين .
427505221089	$$$	AIND-D10193a	وميان مضى في أميان .
393497038551	$$$	AIND-D10194	لاجين الجركسي . مضى في أول حرف اللام .
118736572120	$$$	AIND-D10195	لاشين وربما يقال له لاجين . | حرف الياء الأخيرة
889498652413	$$$	AIND-D10205	ياقوت الحبشي الفخر مقدم المماليك . مات سنة ثلاث وثلاثين والظاهر أنه الأرغو نشاوي الماضي قريبا .
732874952547	$$$	AIND-D10248	يحيى بن سيف بن محمد بن عيسى نظام الدين بن سيف الدين . يأتي في يحيى بن يوسف بن محمد بن عيسى .
814735183805	$$$	AIND-D10287	يحيى بن أبي الفضائل . في ابن محمد بن محمد بن إبراهيم .
205395087413	$$$	AIND-D10343	يحيى الدمشقي الأصل المكي مولدا ومنشأ ابن قيم الجوزية . كثر الإقامة بالقاهرة منها بعد التسعين عدة سنين وهو ابن عبد الرحمن
101288267838	$$$	AIND-D10344	يحيى التلمساني . في ابن محمد بن يحيى .
640210194496	$$$	AIND-D10345	يحيى قاصد الحبشة . في ابن أحمد بن شاذ بك .
888932421723	$$$	AIND-D10359	يشبك الأشقر . يأتي قريبا .
262517313629	$$$	AIND-D10359	يشبك الأعرج . وهو يشبك الساقي .
311376760932	$$$	AIND-D10359	يشبك الأفقم . هو الموساوي .
364904468600	$$$	AIND-D10368	يشبك جن . مضى قريبا .
977356738680	$$$	AIND-D10369	يشبك الدوادار الناصري أتابك العساكر . هو يشبك الشعباني .
176794128510	$$$	AIND-D10372	يشبك الصغير . هو يشبك من مهدي .
513772900488	$$$	AIND-D10377	يشبك المشد . هو السودوني .
874990555280	$$$	AIND-D10379c	يشبك اليوسفي . هو المشد .
171907764392	$$$	AIND-D10390	يعقوب بن رسول التباني . مضى قريبا .
857722605755	$$$	AIND-D10400	يعقوب بن فقيه بن أحمد الشرف بن التباني . مضى في ابن جلال بن أحمد قريبا .
891037962480	$$$	AIND-D10418	يلبغا المجنون . يأتي قريبا .
942745342280	$$$	AIND-D10455	يوسف بن بدر الكومي . هو محمد بن أحمد بن يوسف يأتي .
493912871269	$$$	AIND-D10470b	يوسف بن سيف المعري . في ابن أبي بكر بن عمر بن سيف .
898654818733	$$$	AIND-D10498a	يوسف بن علي بن ضوء الصفدي الأصل الحنفي . يأتي قريبا بزيادة محمد قبل ضوء .
670186885606	$$$	AIND-D10525	يوسف بن محمد بن بيرم خجا . في قرا يوسف من القاف .
948072108543	$$$	AIND-D10536	يوسف بن محمد بن عيسى السيرامي . مضى في ابن عيسى بدون واسطة .
649236337169	$$$	AIND-D10543a	يوسف بن محمد بن يوسف الجمال أبو الحجاج الأسيوطي. يأتي في الكنى .
259442889247	$$$	AIND-D10545	يوسف بن محمد التركماني وشهرته بقرا يوسف ولذا قدمته في القاف .
849279472161	$$$	AIND-D10546	يوسف بن محمد . في العجل بن نعير .
446005531239	$$$	AIND-D10568	يوسف الجمال الهدباني . يأتي قريبا .
286257074797	$$$	AIND-D10571	يوسف ولد كاتب السر . مضى في ابن محمد بن محمد بن محمد بن عثمان بن محمد .
230334419569	$$$	AIND-D10573	يوسف البحيري المعتقد الشهير بالأزهري . في ابن محمد بن ناصر .
836319072883	$$$	AIND-D10573	يوسف التادفي . في ابن عبد الرحمن بن الحسن .
350052438665	$$$	AIND-D10578	يوسف الصفي . في ابن أحمد بن يوسف .
728261218954	$$$	AIND-D10578	يوسف فقيه الزيدية والمقيم بينبع . مضى في ابن حسن بن محمد بن سالم .
121978770061	$$$	AIND-D10578	يوسف الكردي . في ابن يعقوب .
701879046848	$$$	AIND-D10606	أبو الاسباط هو أحمد بن عبد الرحمن بن أبي بكر بن أحمد
767024976579	$$$	AIND-D10607	أبو أمامة بن النقاش . هو عبد الرحمن بن محمد بن علي بن عبد الواحد | حرف الباء الموحدة
771852620491	$$$	AIND-D10607	أبو البركات بن أحمد بن الزين . هو محمد بن أحمد بن محمد بن حسين
261607150284	$$$	AIND-D10607	أبو البركات بن أحمد بن علي بن محمد الجبرتي الحنفي سعد الدين . مضى في المحمدين وكذا ابنه صبر الدين محمد .
960030069453	$$$	AIND-D10608	أبو البركات بن أحمد بن محمد بن كمال . يأتي في أبي البركات الدلوالي
420864873176	$$$	AIND-D10610	أبو البركات بن الزين هو الكمال محمد بن محمد بن أحمد بن حسن القاضي .
404288983770	$$$	AIND-D10611	أبو البركات بن أبي السعود . هو محمد ابن محمد بن حسين .
124029784803	$$$	AIND-D10611	أبو البركات بن الضياء . هو محمد بن أحمد بن محمد بن محمد بن سعيد .
622506037994	$$$	AIND-D10613	أبو البركات بن ظهيرة . هو محمد بن علي بن محمد بن محمد بن حسين بن علي .
850130916078	$$$	AIND-D10614	أبو البركات بن عبد القادر النويري . في محمد .
818421977850	$$$	AIND-D10616	أبو البركات بن عزوز في محمد بن محمد ابن محمد .
157269644027	$$$	AIND-D10616	أبو البركات بن علي بن أحمد بن عبد العزيز النويري . هو الكمال محمد مضى .
955294700287	$$$	AIND-D10617	أبو البركات بن علي هو أبو البركات بن ظهيرة . مضى قريبا
238265848578	$$$	AIND-D10617	أبو البركات بن الفاكهي . هو محمد بن محمد بن علي بن محمد بن عمر بن عبد الله .
350610281221	$$$	AIND-D10618	أبو البركات بن مجد الدين ويلقب هو صدر الدين . في أحمد بن إسمعيل ابن إبرهيم .
759307457287	$$$	AIND-D10618	أبو البركات بن المحب الطبري إمام المقام . هو محمد بن محمد بن محمد بن محمد بن إبرهيم ابن أحمد .
239964541703	$$$	AIND-D10618	أبو البركات بن المصري . محمد بن محمد بن الخضر .
832909103885	$$$	AIND-D10619	أبو البركات بن أبي الهدى . في ابن عبد الوهاب قريبا .
443849659151	$$$	AIND-D10620	أبو البركات الجيعاني . في ابن عبد الرزاق قريبا .
336743912212	$$$	AIND-D10620	أبو البركات الخانكي . هو محمد بن محمد بن إبرهيم تقدم
925666136857	$$$	AIND-D10622	أبو البركات الصالحي . محمد بن محمد بن أبي بكر
535847523102	$$$	AIND-D10623	أبو البركات الغراقي . محمد بن محمد بن محمد بن علي بن يوسف .
988941407013	$$$	AIND-D10623	أبو البركات الفتحي المغربي . هو محمد بن أحمد بن محمد بن إبرهيم .
979537777448	$$$	AIND-D10625	أبو البقاء الأحمدي أحد الفضلاء من سوق الحاجب . هو محمد بن علي بن خلف .
693398164271	$$$	AIND-D10629	أبو البقاء بن الضياء . محمد بن أحمد بن محمد بن محمد بن سعيد .
561835430729	$$$	AIND-D10642	أبو بكر بن إبرهيم بن معتوق . مضى في أحمد بن إبراهيم بن عبد الله .
620874453839	$$$	AIND-D10645	أبو بكر بن أحمد بن إبرهيم بن فلاح . يأتي قريبا .
849271083895	$$$	AIND-D10664	أبو بكر بن أحمد بن عمر الشرف بن الشهاب العجلوني . مضى في المحمدين وسمى شيخنا في معجمه والده محمدا أيضا .
121244767113	$$$	AIND-D10675	أبو بكر بن أحمد بن وجيه . يأتي في أبي بكر بن وجيه .
776822870942	$$$	AIND-D10686	أبو بكر بن حبيب واسم حبيب محمد بن أحمد بن علي بن ملاعب العزازي الجرائحي سماه بعضهم ثابتا . مضى في المثلثة
660485460914	$$$	AIND-D10694	أبو بكر بن أبي ذر . في أبي بكر بن أحمد بن إبرهيم بن محمد .
850030252981	$$$	AIND-D10699	أبو بكر بن أبي السعود . يأتي في ابن محمد بن محمد بن محمد بن حسين .
927780066254	$$$	AIND-D10705	أبو بكر بن شتات . سيأتي في ابن علي .
755138319317	$$$	AIND-D10709	أبو بكر بن الطيب في ابن أحمد بن أبي بكر بن أحمد .
644689712101	$$$	AIND-D10719	أبو بكر بن عبد الله الشيخ زين الدين التاجر . صوابه ابن محمد بن عبد الله بن مقبل يأتي .
972805919723	$$$	AIND-D10721	أبو بكر بن أبي عبد الله في ابن محمد بن محمد بن محمد بن محمد .
194036913138	$$$	AIND-D10724	أبو بكر بن عبد الرحمن بن سالم بن غزى . هو محمد مضى .
133567632536	$$$	AIND-D10798	أبو بكر بن قندس . في ابن إبرهيم بن يوسف .
965935650052	$$$	AIND-D10843	أبو بكر بن محمد بن علي بن منصور رضي الدين الحلبي الحنبلي . مضى في المحمدين .
166874600732	$$$	AIND-D10851	أبو بكر بن محمد بن أبي الفرج المراغي . وهو محمد مضى .
448262067491	$$$	AIND-D10855	أبو بكر بن محمد بن محمد بن أبي بكر بن الحسين الزين محمد بن أبي عبد الله بن ناصر الدين أبي الفرج العثماني المراغي المدني 
998273733927	$$$	AIND-D10858	أبو بكر بن محمد بن محمد بن علي الزين الخوافي ثم الهروي . مضى في المحمدين .
629963511129	$$$	AIND-D10885	أبو بكر بن المغلى والد عبد الرحمن وإخوته . مضى قريبا في ابن محمود بن إبرهيم .
845445879131	$$$	AIND-D10886	أبو بكر بن موسى بن عيسى بن قريش القرشي الهاشمي المكي كتب ببعض الاستدعاءات وصوابه ابن علي بن موسى . مضى .
292632417632	$$$	AIND-D10889	أبو بكر بن أبي الوفا . هو ابن محمد بن علي بن أحمد .
658728047976	$$$	AIND-D10897	أبو بكر بن الحلاوي . في ابن محمد بن أبي بكر .
977490957675	$$$	AIND-D10898	أبو بكر بن الشريف . هو ابن محمد بن محمد بن علي مضى .
962865419628	$$$	AIND-D10898	أبو بكر التقي الطرابلسي . في ابن إسمعيل بن عمر .
602310464877	$$$	AIND-D10900	أبو بكر الزكي المقري هو ابن أحمد بن محمد مضى .
198931666297	$$$	AIND-D10910	أبو بكر الحجازي الفقيه . في ابن قاسم بن عبد المعطي .
699110806907	$$$	AIND-D10910	أبو بكر الحلبي نزيل بيت المقدس . في ابن محمد بن عبد الله .
100512322942	$$$	AIND-D10911	أبو بكر الخوافي . هو محمد بن محمد بن محمد بن علي .
330041415038	$$$	AIND-D10913	أبو بكر الساسي . في ابن رجب .
180204098955	$$$	AIND-D10919	أبو بكر القليوبي ثم القاهري الزيات والد أبي الخير المخبزي . في محمد بن علي بن إبرهيم بن موسى بن طاهر .
524145415565	$$$	AIND-D10919	أبو بكر اللوبياني . في ابن عبد الرحمن بن رحال بن منصور .
599433172385	$$$	AIND-D10921	أبو بكر المنجم الأديب في ابن عبد الله بن قطلبك .
245685573032	$$$	AIND-D10922	أبو بكر النويري الخطيب . هو الخطيب أبو الفضل محمد بن محمد بن المحب أحمد بن محمد بن أحمد مضى .
214442202541	$$$	AIND-D10924	أبو التقى البلقيني . صالح بن عمر بن رسلان .
194116605360	$$$	AIND-D10924	أبو التقى البدري الشاعر . في أبي بكر بن عبد الله بن محمد بن أحمد .
570073044401	$$$	AIND-D10924	أبو التقى الزبيري أحمد بن حسين بن علي . | حرف الجيم .
849464022464	$$$	AIND-D10924	أبو جعفر بن الضيا . هو محمد بن أحمد بن عمر بن محمد بن عثمان بن عبيد الله .
872754992578	$$$	AIND-D10924	أبو الجود الجيعاني . في أبي البركات بن عبد الرزاق .
925146043845	$$$	AIND-D10924	أبو الجود الغراقي . محمد بن محمد بن محمد بن محمد بن علي بن يوسف .
376669492678	$$$	AIND-D10924	أبو الجود الفرضي . داود بن سليمان بن حسن البنبي المالكي | حرف الحاء المهملة .
434789963206	$$$	AIND-D10924	أبو حاتم السبكي . محمد بن محمد بن أحمد بن علي بن عبد الكافي .
601907811787	$$$	AIND-D10924	أبو حامد بن أبي الخير بن أبي السعود بن ظهيرة . هو محمد بن محمد بن محمد ابن حسين بن علي .
311926216140	$$$	AIND-D10924	أبو حامد بن الضياء محمد بن أحمد بن محمد بن محمد ابن سعيد .
781935728075	$$$	AIND-D10924	أبو حامد بن ظهيرة . هو ابن أبي الخير المشار إليه قريبا .
514741786068	$$$	AIND-D10928	أبو حامد الطبري . محمد بن عبد الواحد بن الزين محمد بن أحمد بن محمد .
519028364757	$$$	AIND-D10928	أبو حامد الفاسي هو محمد بن عبد اللطيف بن محمد بن عبد الرحمن .
225389336021	$$$	AIND-D10928	أبو حامد القدسي . محمد بن خليل بن يوسف .
720862467545	$$$	AIND-D10928	أبو حامد المرشدي . محمد بن محمد بن أبي بكر بن علي بن يوسف .
961812649433	$$$	AIND-D10928	أبو حامد المطري المدني . محمد بن عبد الرحمن بن محمد بن أحمد بن خليف .
333816288748	$$$	AIND-D10936	أبو الحسن الطوخي . هو علي ابن عبد القادر بن محمد بن محمد بن علي بن شرف مضى .
198126360047	$$$	AIND-D10936	أبو الحسن العدوي علي بن محمد بن علي بن محمد بن عبد الرحمن .
622355043824	$$$	AIND-D10936	أبو الحسن المسلمي علي بن خليل بن مسلم وعلي بن محمد بن مفضل .
307962598895	$$$	AIND-D10936	أبو الحياة هو الخضر بن محمد . | حرف الخاء المعجمة .
781415634420	$$$	AIND-D10937	أبو الخير بن أبي البركات . هو محمد بن محمد بن محمد بن حسين بن علي بن أحمد بن عطية بن ظهيرة .
314728011257	$$$	AIND-D10940	أبو الخير بن أبي السعود محمد بن محمد بن محمد بن محمد بن حسين بن علي .
516687943167	$$$	AIND-D10941	أبو الخير بن عبد القوي . هو محمد .
285078476286	$$$	AIND-D10942	أبو الخير بن علي الفاكهي . في أبي الخير الفاكهي .
794006935046	$$$	AIND-D10945	أبو الخير بن محمد بن علي بن محمد الفاكهي . في أبي الخير الفاكهي .
783655392786	$$$	AIND-D10950	أبو الخير بن البدراني محمد بن محمد بن حسن بن علي .
825682318868	$$$	AIND-D10951	أبو الخير بن الخطيب القنبشي محمد بن محمد بن محمد بن علي بن يوسف .
672149820950	$$$	AIND-D10952	أبو الخير بن الرومي في محمد بن محمد بن داود .
844971922962	$$$	AIND-D10952	أبو الخير بن الزين القسطلاني في محمد بن حسين بن محمد بن محمد بن محمد .
220649772577	$$$	AIND-D10955	أبو الخير بن القصبي هو محمد بن محمد بن أحمد بن موسى بن أبي بكر .
908503045674	$$$	AIND-D10958	أبو الخير الجوخي آخر مضى في ابن محمد بن علي بن أبي بكر .
242833446443	$$$	AIND-D10958	أبو الخير الخانكي . في محمد بن محمد بن محمد بن محمد بن محمد .
111413319212	$$$	AIND-D10958	أبو الخير الخانكي الآخر . في محمد بن علي بن محمد .
258650166829	$$$	AIND-D10958	أبو الخير الخضري . في محمد بن محمد بن عبد الله .
767373104682	$$$	AIND-D10958	أبو الخير الزفتاوي . في محمد بن عمر بن عبد الرحمن .
665908696625	$$$	AIND-D10958	أبو الخير السخاوي في محمد بن عبد الرحمن بن محمد بن أبي بكر بن عثمان ختم له بخير .
629523109434	$$$	AIND-D10962	أبو الخير الفاسي اثنان محمد بن عبد الرحمن بن محمد بن محمد بن محمد بن عبد الرحمن و★محمد★ بن عبد اللطيف بن أبي السرور محمد
273070183998	$$$	AIND-D10964	أبو الخير القلقشندي في محمد بن عبد الرحمن بن محمد بن إسماعيل وإن كان بالكنية أشهر .
668685325888	$$$	AIND-D10965	أبو الخير المخبزي في محمد بن أبي بكر .
189687420485	$$$	AIND-D10966	أبو الخير النحاس . اثنان مضيا في ابن النحاس قريبا .
748591011408	$$$	AIND-D10967	أبو ذر الحلبي أحمد بن إبرهيم بن محمد بن خليل .
684829202001	$$$	AIND-D10967	أبو ذر الزركشي عبد الرحمن بن محمد . .
224344954454	$$$	AIND-D10969	أبو الرضا أحمد بن محمد بن بركوت المكيني . فيما زعمه سبط شيخنا .
596883035736	$$$	AIND-D10969	أبو الرضا محمد بن يوسف الدميري . | حرف الزاي .
638553445982	$$$	AIND-D10971	أبو زرعة بن العراقي . أحمد بن عبد الرحيم بن الحسين بن عبد الرحمن .
183995749985	$$$	AIND-D10973	أبو زيد عبد الرحمن بن محمد بن خلدون | حرف السين المهملة .
880841610849	$$$	AIND-D10974	أبو السرور الفاسي أحمد بن محمد بن عبد اللطيف بن أبي السرور وجد أبيه محمد بن عبد الرحمن بن أبي الخير محمد بن محمد بن محمد
453714663019	$$$	AIND-D10975	أبو السعادات بن الإمام الطبري . هو محمد بن المحب محمد بن الرضي محمد بن المحب محمد ابن الشهاب أحمد بن إبراهيم بن محمد بن 
978573088367	$$$	AIND-D10975	أبو السعادات بن أبي البركات ابن ظهيرة هو محمد بن محمد بن محمد بن حسين ويقال له أبو السعادات بن ظهيرة أيضا .
866312541818	$$$	AIND-D10978	أبو السعادات البلقيني محمد بن محمد بن عبد الرحمن بن عمر .
619712632444	$$$	AIND-D10978	أبو السعادات الطبري هو ابن الإمام مضى قريبا .
316489619073	$$$	AIND-D10978	أبو السعادات الكازروني محمد بن محمد بن محمد بن أحمد .
694882948743	$$$	AIND-D10982	أبو سعد بن القطان في محمد بن محمد بن عبيد .
902727489168	$$$	AIND-D10983	أبو سعد الهاشمي القرشي في محمد بن علي بن هاشم بن علي بن مسعود .
489236223636	$$$	AIND-D10983	أبو السعود بن الأقصرائي يأتي في ابن يحيى قريبا .
644681324180	$$$	AIND-D10983	أبو السعود بن أبي البركات في محمد بن محمد بن محمد بن حسين بن علي بن أحمد .
456428377748	$$$	AIND-D10983	أبو السعود بن حسين هو محمد بن حسين بن علي بن أحمد .
578935608986	$$$	AIND-D10984	أبو السعود بن ظهيرة هو الجمال محمد بن عالم الحجاز البرهان إبراهيم بن علي بن محمد بن أبي السعود محمد بن حسين بن علي بن أح
979600692893	$$$	AIND-D10985	أبو السعود بن أبي الفضل بن ظهيرة في محمد بن محمد بن أحمد بن ظهيرة .
439470806699	$$$	AIND-D10986	أبو السعود بن الكمال أبي الفضل محمد بن النجم محمد بن أبي بكر المرجاني المكي مضى في المحمدين .
150051247790	$$$	AIND-D10986	أبو السعود بن أبي الفتح محمد بن محمد بن علي بن يعقوب القاياتي مضى في المحمدين أيضا .
164278326960	$$$	AIND-D10989	أبو السعود الأسيوطي محمد بن محمد بن علي بن أبي بكر بن النقيب .
789120571060	$$$	AIND-D10990	أبو السعود الحسيني إبرهيم بن أحمد بن علي .
583612257974	$$$	AIND-D10990	أبو السعود الطوخي هو أحمد بن محمد بن أحمد بن محمد بن محمد بن محمد بن عثمن .
831961192119	$$$	AIND-D10990	أبو السعود الغراقي . هو محمد بن محمد بن محمد بن علي بن يوسف بن أحمد .
129885034168	$$$	AIND-D10990	أبو سعيد بن أبي بكر بن عبد الله بن ظهيرة هو محمد مضى .
838223287999	$$$	AIND-D10992	أبو سعيد المريني صاحب فاس وما والاها في عثمان بن أحمد بن إبرهيم .
798532589247	$$$	AIND-D10992	أبو سهل بن عمار في يحيى بن محمد بن عمار | حرف الشين المعجمة .
557628544703	$$$	AIND-D10992	أبو شعر هو عبد الرحمن بن سليمان بن أبي الكرم .
991923558091	$$$	AIND-D10993	أبو الصفا إبرهيم بن علي بن إبرهيم بن يوسف | حرف الطاء المهملة .
744669337318	$$$	AIND-D10997	أبو الطاهر العلوي محمد بن محمد بن علي بن إدريس بن أحمد بن محمد بن عمر .
502465058539	$$$	AIND-D10997	أبو الطاهر القادري محمد بن المحب محمد بن عبد الله بلكا .
395841656561	$$$	AIND-D10997	أبو الطيب ابن البدراني محمد بن الحسن بن علي بن عبد العزيز ★ID_Missing★ أبو الطيب بن البرقي هو محمد بن أبي الفضل محمد بن 
205646747380	$$$	AIND-D10998	أبو الطيب بن أبي الفضل بن ظهيرة هو يحيى بن محمد ابن أحمد بن ظهيرة مضى .
810167588603	$$$	AIND-D10998	أبو الطيب بن أبي القسم النويري محمد بن محمد ابن محمد بن محمد بن علي بن محمد بن إبراهيم .
132443559684	$$$	AIND-D10999	أبو الطيب بن يحيى بن عبد الله الحنفي المزين أبوه مضى في المحمدين .
746405779208	$$$	AIND-D11000	أبو الطيب السحولي محمد بن عمر بن علي .
795504301835	$$$	AIND-D11000	أبو الطيب العسقلاني شعبان بن محمد بن محمد بن محمد .
372882036493	$$$	AIND-D11001	أبو الطيب النستراوي محمد بن محمد بن محمد بن عبد الله بن أحمد .
137350895377	$$$	AIND-D11001	أبو الطيب النقاوسي المغربي محمد بن أبي عبد الله محمد بن محمد بن يحيى بن أبي علي في الأسماء | حرف العين المهملة .
931110344473	$$$	AIND-D11001	أبو العباس بن محمود بن أحمد الحصيري في النظام بن الحصيري من الألقاب ? .
744551896859	$$$	AIND-D11001	أبو العباس بن ساج هو أحمد بن يوسف بن أحمد بن يوسف .
827137742620	$$$	AIND-D11001	أبو العباس بن الضيا هو أحمد بن موسى بن إبرهيم .
916308645664	$$$	AIND-D11002	أبو العباس بن الغمري . هو أحمد بن محمد بن عمر .
244653774635	$$$	AIND-D11004	أبو العباس الحنفي هو أحمد بن محمد بن عبد الغني .
719503513389	$$$	AIND-D11004	أبو العباس المجدلي الواعظ هو أحمد بن عبد الله بن محمد بن داود .
484765095728	$$$	AIND-D11005	أبو عبد القادر المقري علي بن حسن بن علي بن بدر . ★ID_Missing★ أبو عبد الله بن آجروم محمد بن محمد ابن داود .
531984570167	$$$	AIND-D11005	أبو عبد الله بن أبي الخير هو محمد بن محمد بن محمد بن حسين .
337259812665	$$$	AIND-D11006	أبو عبد الله بن ظهيرة هو محمد بن محمد بن محمد بن حسين بن علي بن أحمد ابن عطية بن ظهيرة أبو عبد الله بن عبد الكريم بن ظهي
926450472767	$$$	AIND-D11006	أبو عبد الله بن المحتسب . في محمد بن يوسف بن حسين .
861501675330	$$$	AIND-D11006	أبو عبد الله الأيسر . هو محمد بن نصر بن محمد بن يوسف بن الأحمر .
758447626050	$$$	AIND-D11006	أبو عبد الله الريمي في محمد بن علي بن محمد .
970964621124	$$$	AIND-D11006	أبو عبد الله الفاسي أخو أبي الخير هو محمد بن عبد اللطيف بن أبي السرور محمد بن عبد الرحمن .
907953592135	$$$	AIND-D11006	أبو عبد الله الفيومي . في محمد بن عمر بن عبد العزيز بن أحمد .
885451151176	$$$	AIND-D11006	أبو عبد الله الناشري . هو محمد بن عبد الله بن عمر بن أبي بكر بن عمر .
296377931594	$$$	AIND-D11006	أبو عبد الله النويري المالكي . هو محمد بن علي بن أحمد بن عبد العزيز بن القسم بن عبد الرحمن .
957161166668	$$$	AIND-D11006	أبو عبد الله النويري الصغير هو محمد بن محمد بن محمد بن علي بن أحمد بن عبد العزيز .
743624955725	$$$	AIND-D11006	أبو العدل البلقيني قاسم بن عبد الرحمن بن عمر بن رسلان .
203050473297	$$$	AIND-D11007	أبو العزم المقدسي اثنان محمد بن محمد بن يوسف . و★محمد★ بن حسن بن أحمد . | حرف الغين المعجمة .
732015122265	$$$	AIND-D11011	أبو الغيث بن زبرق . في محمد بن عبد القادر بن عبد الرحمن .
518558603103	$$$	AIND-D11011	أبو الغيث بن الصفي . في محمد بن يوسف بن أحمد .
400233092980	$$$	AIND-D11020	أبو الفتح بن أحمد بن محمد بن محمد بن محمد بن وفا في المحمدين .
458244511610	$$$	AIND-D11021	أبو الفتح بن إسمعيل آخر هو محمد بن علي بن أحمد .
892174620539	$$$	AIND-D11021	أبو الفتح بن برية مباشر منفلوط وأخو أبي البقاء الماضي وهما ابنا شمس الدين محمد أخى يحيى ابني كريم الدين .
923019532155	$$$	AIND-D11021	أبو الفتح بن أبي بكر بن الحسين المراغي في محمد .
986143807359	$$$	AIND-D11021	أبو الفتح بن أبي بكر بن رسلان البلقيني في محمد .
800847845248	$$$	AIND-D11021	أبو الفتح بن تقي هو محمد بن محمد تقي بن عبد السلام بن محمد .
163426883471	$$$	AIND-D11024	أبو الفتح بن حمام في محمد بن محمد بن عبد الله بن إبرهيم .
278455670675	$$$	AIND-D11025	أبو الفتح بن سعيد بن أبي الفتح محمد بن عبد الوهاب الأنصاري الزرندي المدني واسمه محمد مضى .
480797284247	$$$	AIND-D11025	أبو الفتح بن صالح محمد بن صالح بن عمر بن رسلان . و★محمد★ بن عبد الرحمن ابن صالح .
207987169178	$$$	AIND-D11025	أبو الفتح بن ظهيرة محمد بن عثمان بن أبي بكر بن عبد الله بن ظهيرة .
861065467804	$$$	AIND-D11026	أبو الفتح بن عبد القادر . في الفاسي قريبا .
543321773982	$$$	AIND-D11027	أبو الفتح بن علي بن عمر بن إبرهيم بن أبي بكر القرشي نسبة للقرشية بالقرب من زبيد اليماني الماضي أبوه واخوته عبد المحسن وع
371963484062	$$$	AIND-D11028	أبو الفتح بن الغمري هو محمد بن أحمد بن محمد بن عمر .
353315608476	$$$	AIND-D11029	أبو الفتح بن المحب بن ظهيرة محمد بن أحمد بن محمد بن عبد الله بن ظهيرة .
302589695920	$$$	AIND-D11034	أبو الفتح بن محمد بن مظفر الدين مظفر بن عبد الله بن محمد مضى في المحمدين .
389491480506	$$$	AIND-D11036	أبو الفتح بن وفا في محمد بن أحمد بن محمد بن محمد بن محمد .
659403331519	$$$	AIND-D11037	أبو الفتح بن البلقيني في محمد بن محمد بن محمد بن عمر بن رسلان .
992980522947	$$$	AIND-D11037	أبو الفتح بن القاياتي محمد بن محمد بن علي بن يعقوب .
781461772228	$$$	AIND-D11037	أبو الفتح بن المرجاني محمد بن محمد بن أبي بكر بن علي بن يوسف .
929751390149	$$$	AIND-D11037	أبو الفتح الجوهري محمد بن محمد بن عبد الله .
722397583307	$$$	AIND-D11037	أبو الفتح الحجازي المكتب محمد بن محمد بن محمد بن أحمد .
363868477388	$$$	AIND-D11037	أبو الفتح الرسام محمد بن محمد بن أحمد بن عبد الله .
109882398669	$$$	AIND-D11037	أبو الفتح الزرندي جماعة قاضي المدينة محمد بن علي بن يوسف بن الحسن وابن أخيه عبد الوهاب وحفيد هذا ابن سعيد بن أبي الفتح .
827288737742	$$$	AIND-D11037	أبو الفتح السوهائي محمد بن محمد بن محمد بن اسماعيل .
478767241165	$$$	AIND-D11037	أبو الفتح الطيي محمد بن محمد بن علي بن إبرهيم .
608316708817	$$$	AIND-D11038	أبو الفتح الفوي محمد بن أحمد بن أبي بكر .
732669433806	$$$	AIND-D11038	أبو الفتح الفيومي أحمد بن عبد النور بن أحمد .
871974852560	$$$	AIND-D11038	أبو الفتح القمني الواعظ محمد بن عبد الرحمن بن محمد بن يحيى .
852999821277	$$$	AIND-D11038	أبو الفتح المراغي محمد بن أبي بكر بن الحسين بن عمر .
259719714782	$$$	AIND-D11038	أبو الفتح المنصوري محمد بن البدر حسن بن عبد الله مضى قريبا .
544429070302	$$$	AIND-D11039	أبو الفتح المنوفي آخر نائب جدة هو البدر محمد بن العز محمد .
767448602593	$$$	AIND-D11040	أبو الفتح الواعظ الحسيني محمد بن إبرهيم بن معمر وآخر مضى في القمني .
479857760229	$$$	AIND-D11042	أبو الفرج بن قاسم في محمد بن عبد العزيز بن أحمد بن قاسم .
732317112300	$$$	AIND-D11044	أبو الفرج الكازروني هو محمد بن محمد بن أحمد بن محمد بن محمود .
380440172528	$$$	AIND-D11044	أبو الفرج المراغي محمد بن أبي بكر بن الحسين بن عمر .
896209541114	$$$	AIND-D11047	أبو الفضائل المرشدي في محمد بن محمد بن إبرهيم .
325444458490	$$$	AIND-D11047	أبو الفضل بن أحمد بن محمد بن أحمد بن عبد العزيز الكمال محمد بن المحب أبي الفضل النويري المكي خطيبها الشافعي والد أبي الف
518734764029	$$$	AIND-D11047	أبو الفضل بن أحمد بن محمد بن محمد بن وفا غرق وهو عبد الرحمن مضى . ★ID_Missing★ أبو الفضل ابن أخي الريس في أحمد بن أبي بك
733659289599	$$$	AIND-D11047	أبو الفضل بن أسد في ابن محمد بن أحمد بن أسد .
610996869120	$$$	AIND-D11047	أبو الفضل بن الإمام المغربي المالكي في محمد بن إبرهيم بن عبد الرحمن وسمي المقريزي والده يحيى بن عبد الرحمن وهناك ترجمته 
375633500160	$$$	AIND-D11047	أبو الفضل بن الإمام الدمشقي الشافعي هو المحب محمد بن أحمد بن محمد بن أيوب .
171001796610	$$$	AIND-D11047	أبو الفضل بن الأوجاقي في عبد الرحيم بن محمد بن محمد بن محمد .
408512649220	$$$	AIND-D11048	أبو الفضل بن البرقي في محمد بن محمد بن علي بن محمد بن محمد بن حسين بن علي .
758187579398	$$$	AIND-D11048	أبو الفضل بن البقري في مجد الدين من الألقاب .
105381910535	$$$	AIND-D11048	أبو الفضل بن جلود في علم الدين .
408223242248	$$$	AIND-D11048	أبو الفضل بن الجمال المرجاني المكي أخو أبي الفتح الماضي هو محمد بن محمد بن أبي بكر بن علي .
655045449737	$$$	AIND-D11048	أبو الفضل بن حجر أحمد بن علي بن محمد بن محمد بن علي بن أحمد أستاذنا .
354393544713	$$$	AIND-D11048	أبو الفضل بن الحنفي في عبد الرحمن بن محمد بن حسن وسماه بعضهم محمدا .
584467896328	$$$	AIND-D11048	أبو الفضل بن الردادي في محمد بن علي بن محمد بن عمر بن عبد الله .
951150729230	$$$	AIND-D11048	أبو الفضل بن الزين هو محمد بن محمد بن أحمد بن أبي الخير بن حسين مضى .
918611318800	$$$	AIND-D11048	أبو الفضل بن ظهيرة جماعة الكمال محمد بن أحمد بن ظهيرة وحفيده محمد ابن أحمد سبط ابن اليافعي والعباس بن محمد بن محمد .
870305519633	$$$	AIND-D11048	أبو الفضل بن عبد الرحمن النويري محمد بن عبد الرحمن بن علي بن أحمد بن عبد العزيز .
520399902758	$$$	AIND-D11052	أبو الفضل بن عرب موقع الأتابك أزبك في محمد بن محمد بن علي .
514527877163	$$$	AIND-D11054	أبو الفضل بن أبي اللطف علي بن محمد بن علي بن منصور .
969240762418	$$$	AIND-D11055	أبو الفضل بن المراغي هو الكمال محمد بن محمد بن محمد بن أبي بكر بن الحسين مضى .
195035158578	$$$	AIND-D11055	أبو الفضل بن المصري في محمد بن أبي بكر بن علي .
370759718962	$$$	AIND-D11055	أبو الفضل بن أبي المكارم في أبي الفضل بن ظهيرة قريبا .
362983479359	$$$	AIND-D11056	أبو الفضل بن وفا هو محمد بن محمد بن عبد الرحمن بن أحمد بن محمد بن محمد وجده أيضا يكنى أبا الفضل كما تقدم قريبا . ★ID_Mis
333006788672	$$$	AIND-D11056	أبو الفضل الحنفي في ابن الحنفي قريبا وأنه عبد الرحمن بن محمد بن حسن .
656492484672	$$$	AIND-D11056	أبو الفضل السنباطي المكتب مضى قريبا في ابن عبد الوهاب .
503341668415	$$$	AIND-D11056	أبو الفضل العراقي هو عبد الرحيم بن الحسين بن عبد الرحمن .
756774099013	$$$	AIND-D11056	أبو الفضل القزويني في عماد الدين .
877117069383	$$$	AIND-D11056	أبو الفضل المحلي في محمد بن محمد بن عبد اللطيف بن أحمد .
523994421319	$$$	AIND-D11056	أبو الفضل المرجاني في محمد ابن محمد بن أبي بكر وقد أشير إليه قريبا .
332306339914	$$$	AIND-D11056	أبو الفضل المشدالي المغربي هو محمد بن محمد بن أبي القسم بن محمد .
647550228555	$$$	AIND-D11056	أبو الفضل المنوفي إمام الزاهد هو محمد بن عبد الرزاق بن أحمد .
366863210575	$$$	AIND-D11056	أبو الفضل النويري اثنان محمد بن عبد الرحمن بن علي بن أحمد إمام الكاملية بمكة وخطيب مكة محمد بن محمد بن أحمد ابن محمد بن 
239201179727	$$$	AIND-D11057	أبو الفوز بن البريدي محمد بن علي بن عادل .
647613143119	$$$	AIND-D11057	أبو الفوز ربيب الأمشاطي محمد بن عبد الرحمن .
656005945423	$$$	AIND-D11057	أبو الفيض محمد بن علي بن عبد الله . | حرف القاف .
499378051170	$$$	AIND-D11065	أبو القسم بن أحمد بن محمد النويري مضى في عبد العزيز .
885522454659	$$$	AIND-D11072	أبو القسم بن سعيد بن محمد بن محمد العقباني مضى في قاسم .
860201441436	$$$	AIND-D11086	أبو القسم بن أبي الفضل محمد بن أحمد النويري في محمد بن محمد بن أحمد بن محمد بن أحمد بن عبد العزيز .
343895201969	$$$	AIND-D11094	أبو القسم بن محب الدين مضى في عبد العزيز بن محمد بن محمد بن أحمد بن عبد العزيز .
906628192442	$$$	AIND-D11097	أبو القسم الإمام شرف الدين بن زبيدة اليماني مضى قريبا في ابن علي بن محمد بن علي .
614767548601	$$$	AIND-D11097	أبو القسم الشريف المغربي شيخ تربة خشقدم يأتي في الحداد من الألقاب . ★ID_Missing★ أبو القسم البرزالي في ابن أحمد بن محمد 
442058692798	$$$	AIND-D11098	أبو القسم التينملي هو القسم بن علي بن محمد بن علي .
640075978946	$$$	AIND-D11099	أبو القسم الخطيب محمد بن محمد بن أحمد بن محمد بن أحمد .
978606643395	$$$	AIND-D11099	أبو القسم العبدوسي في ابن موسى بن محمد بن معطي قريبا .
437356878020	$$$	AIND-D11099	أبو القسم العقباني في قاسم بن سعيد .
679502436550	$$$	AIND-D11100	أبو القسم النويري محمد بن محمد بن علي بن محمد بن إبرهيم بن عبد الخالق .
481891997916	$$$	AIND-D11104	أبو كم في يحيى بن عبد الله . | حرف اللام .
680928499940	$$$	AIND-D11104	أبو اللطف في محمد بن علي بن منصور .
901272066277	$$$	AIND-D11104	أبو الليث بن الضيا في محمد بن محمد بن أحمد بن محمد بن محمد بن سعيد . | حرف الميم .
130656786662	$$$	AIND-D11104	أبو المحاسن بن الشرف أبي القسم محمد بن أبي النجا محمد بن أبي البقا محمد بن الضيا المكي الحنفي مضى في محمد بن محمد بن محم
692903237864	$$$	AIND-D11104	أبو مدين الرملي هو علي بن إبرهيم بن أحمد مضى .
676960688361	$$$	AIND-D11104	أبو مدين الغراقي في محمد بن محمد بن محمد بن علي بن يوسف .
497004075248	$$$	AIND-D11108	أبو المكارم بن أبي البركات محمد بن محمد بن محمد بن حسين بن ظهيرة .
995912341753	$$$	AIND-D11109	أبو المكارم ابن الرافعي محمد بن عبد الكريم بن أبي السعادات محمد بن محمد بن ظهيرة .
303269173498	$$$	AIND-D11109	أبو المكارم الشيبي أحمد بن علي بن أبي راجح محمد بن إدريس .
211183229185	$$$	AIND-D11110	أبو المواهب بن زغدان في محمد بن أحمد بن محمد بن داود . | حرف النون .
360118769921	$$$	AIND-D11110	أبو نافع في أحمد بن سعيد .
870284548356	$$$	AIND-D11110	أبو النجاح محمد بن أحمد بن يحيى الصالحي .
881776941321	$$$	AIND-D11113	أبو النجا بن الضيا الحنفي هو محمد بن محمد بن أحمد بن محمد بن محمد مضى .
905319569681	$$$	AIND-D11114	أبو النجا بن محمد بن إبراهيم المكي المرشدي أخو عبد الرحمن وعبد الأول واسمه محمد ممن سمع من شيخنا ومضى في المحمدين .
353462409496	$$$	AIND-D11115	أبو النجا الزيتوني محمد بن محمد بن عبد الله بن محمد بن عيسى .
846976801059	$$$	AIND-D11118	أبو النجا في عبد الباري .
156070074660	$$$	AIND-D11118	أبو نجور الأدكاوي في أحمد بن موسى .
622719949093	$$$	AIND-D11118	أبو نصر الشرواني في محمد بن محمود بن علي .
835341801769	$$$	AIND-D11118	أبو النعيم رضوان بن محمد ابن يوسف .
875196078378	$$$	AIND-D11118	أبو النور بن المصري محمد بن الخضر بن محمد بن الخضر | حرف الهاء .
846272157994	$$$	AIND-D11118	أبو الهائم محمد بن إبرهيم بن أحمد .
502779631917	$$$	AIND-D11118	أبو هريرة بن النقاش عبد الرحمن ابن محمد بن علي بن عبد الواحد .
679435327791	$$$	AIND-D11118	أبو هريرة القبابي عبد الرحمن بن عمر . ★ID_Missing★ أبو هريرة القباني عبد الرحمن بن يحيى بن محمد بن سعيد الماضي أبوه .
115343382837	$$$	AIND-D11119	أبو الوفا محمد بن الشيخ أبي بكر بن محمد بن علي بن أحمد بن أبي الوفا تاج الدين مضى .
513311529268	$$$	AIND-D11121	أبو الوليد بن الشحنة محمد بن محمد بن محمد | حرف اللام وألف .
734208743739	$$$	AIND-D11121	أبو لاطية لقب لعلي بن محمد بن خالد بن أحمد البلبيسي | حرف الياء .
423280793919	$$$	AIND-D11122	أبو يزيد محمد بن محمد بن أبي بكر الدلجي والد قريش الماضي .
476879804748	$$$	AIND-D11132	أبو اليسر بن الصائغ هو أحمد بن عبد الله بن محمد بن محمد بن عبد القادر .
592663566670	$$$	AIND-D11132	أبو اليسر بن عبد القوي هو محمد بن محمد بن عبد القوي .
379110578511	$$$	AIND-D11132	أبو اليمن بن البرقي محمد بن محمد بن علي بن محمد بن محمد بن حسين بن علي مضى .
209207712081	$$$	AIND-D11134	أبو اليمن بن ظهيرة في محمد بن المحب أحمد بن أبي السعادات محمد بن محمد بن محمد بن حسين .
318590966099	$$$	AIND-D11134	أبو اليمن بن علي بن محمد بن عبد المؤمن البتنوني الأصل القاهري الباسطي ويسمى محمدا مضى .
910507923798	$$$	AIND-D11135	أبو اليمن بن محمد الطويل بن عبد الكريم بن محمد بن أحمد بن عطية بن ظهيرة القرشي المخزومي المكي مضى في المحمدين .
514511100247	$$$	AIND-D11135	أبو اليمن بن البتنوني محمد بن علي بن محمد .
204241656155	$$$	AIND-D11135	أبو اليمن النويري محمد بن محمد بن علي بن أحمد بن عبد العزيز . | كتاب الألقاب وبدأت منها بما أضيف إلى الدين ممن اشتهر بذل
721520974175	$$$	AIND-D11135	أثير الدين محمد بن محمد بن محمد بن محمد بن محمد بن الأخصاصي . ومحمد بن المحب محمد بن المحب محمد بن محمد بن الشحنة .
566214285665	$$$	AIND-D11136	498 أصيل الدين الخضري محمد بن إبراهيم بن علي بن عثمان . والدهقلي شيخ قدم على العلاء بن السيد عفيف الدين الايحي بلادهم فس
884167694691	$$$	AIND-D11136	افتخار الدين ياقوت بن عبد الله الفهدي .
833030740329	$$$	AIND-D11136	أفضل الدين محمد بن الزين قاسم بن قطلوبغا ومحمود بن عمر بن منصور القاضي .
355827997034	$$$	AIND-D11136	أكمل الدين محمد بن أحمد بن عبد القادر ومحمد بن الشرف عبد الله ابن الشمس محمد بن مفلح .
754765027693	$$$	AIND-D11136	إمام الدين المنزلي علي بن عبد الكريم بن أحمد وإمام الدين محمد بن أبي بكر بن علي بن أبي بكر بن محمد بن عثمان .
946792847734	$$$	AIND-D11136	499 أمين الدين بن القاضي الشمس محمد بن محمد بن عبادة أخو أحمد الماضي ولد سنة ثلاث وتسعين وسبعمائة . وعبد الوهاب بن محمد 
565207652732	$$$	AIND-D11136	أوحد الدين محمد بن أحمد بن أبي بكر بن رسلان قاضي المحلة ومحمد بن محمد ابن محمد بن حسن بن البرجي || حرف الباء الموحدة .
100713650559	$$$	AIND-D11136	500 بدر الدين بن الأخنائي محمد بن البهاء محمد بن العلم محمد بن أحمد بن محمد بن أبي بكر . وابن أبي البقاء السبكي محمد بن 
984336062848	$$$	AIND-D11136	برهان الدين خلق ممن يسمى إبراهيم منهم ابن محمد بن عبد الله بن سعد بن الديري وابن علي بن أبي البركات من ظهيرة وابن علي بن
649995508098	$$$	AIND-D11136	بهاء الدين جماعة فمن المحمدين ابن أحمد المحلى ابن الواعظ وابن أبي بكر ابن علي المشهدي ومن غيرهم أحمد بن عبد الرحمن بن سل
241596127621	$$$	AIND-D11136	501 تاج الدين جماعة فمن المحمدين ابن إبرهيم بن عوض الأخميمي وابن عبد الرحمن بن عمر البلقيني وابن محمد بن محمد بن محمد بن
801003035015	$$$	AIND-D11136	وتاج الدين بن حتى التاجر ضربه السلطان في سنة خمس وخمسين ثم أمر بإدخاله المقشرة ثم بنفيه مع خصمه الفخر التوريزي ثم استرضى
282381539717	$$$	AIND-D11136	وتاج الدين بن سعد الدين بن البقري الوزير ابن الوزير . مات في يوم الاثنين ثامن عشرى ذي القعدة سنة ثمان في العقوبة عند جما
686691473806	$$$	AIND-D11136	وتاج الدين بن قريميط ويسمى بركات أحد كتاب المماليك .
777594624399	$$$	AIND-D11136	وتاج الدين إمام الشيخونية وابن أئمتها محمد بن أحمد بن محمد بن موسى ممن استقر في جهات أبيه بعده بل أخذ بعض التداريس وناب 
898260556176	$$$	AIND-D11136	وتاج الدين الهندي والظن أنه من كنباية أو أعمالها نزيل مكة أقام فيها عشرين سنة أو نحوها لم يخرج منها إلا إلى المدينة للزي
208972831121	$$$	AIND-D11136	502 تقي الدين بن الجيعان هو عبد الوهاب بن عبد الغني بن شاكر وابن الحريري الدمشقي هكذا رأيته في الآخذين عن شيخنا وابن الح
311800387991	$$$	AIND-D11136	503 جلال الدين بن الأبشيهي في الأبشيهي وابن الأسيوطي عبد الرحمن ابن أبي بكر بن علي وابن الأمانة عبد الرحمن بن محمد بن أح
649940982172	$$$	AIND-D11136	504 جمال الدين بن خطيب المنصورية يوسف بن الحسن بن محمد وابن السابق محمد بن محمد بن محمد بن محمد بن محمود وابن ظهيرة محمد
520504760735	$$$	AIND-D11136	حافظ الدين الجلالي أحمد بن محمد بن علي . والمنهلي محمد بن عبد الرحمن بن سليمان بن داود .
734644951456	$$$	AIND-D11136	حسام الدين بن حريز محمد بن أبي بكر بن محمد . وابن غرلو في حسن والصفدي في حسام بن عبد الله .
624854849954	$$$	AIND-D11136	حميد الدين النعماني محمد بن أحمد بن محمد بن أحمد بن عمر بن محمد بن ثابت . || حرف الخاء المعجمة .
542411610536	$$$	AIND-D11136	خير الدين جماعة منهم ابن البساطي محمد بن عبد العزيز بن محمد بن أحمد ابن عثمان . والسخاوي قاضي طيبة محمد بن محمد بن أحمد 
771311557036	$$$	AIND-D11136	ركن الدين الخوافي نسبة لخاف بلد بخراسان ممن أخذ عن أبي بكر التاذباذي وعنه الصفي عبد الرحمن الايجي .
826214996398	$$$	AIND-D11136	ركن الدين الدخان عبد الرحمن بن علي بن محمد بن علي ونزيل مكة محمد بن مهذب || حرف الزاي ★ID_Missing★ زكي الدين بن صالح محم
535138687411	$$$	AIND-D11136	505 زين الدين بن أبي الفضل بن القاضي عبد الله بن عبد الرحمن بن صالح المدني ممن سمع مني بها وابن محمد بن المحب بن الحسين 
572417661365	$$$	AIND-D11136	والزين الطبري محمد بن أحمد ابن محمد بن المحب أحمد بن عبد الله . والعراقي عبد الرحيم بن الحسين بن عبد الرحمن والمخدوم الح
870041278903	$$$	AIND-D11137	السراج بن الملقن عمر بن علي بن أحمد بن محمد . والسراج البلقيني عمر بن رسلان بن نصير والعبادي عمر بن حسين ابن حسن . وقاري
607574317499	$$$	AIND-D11137	506 سعد الدين بن الديري سعد بن محمد بن عبد الله . وابن الذهبي محمد ابن محمد بن علي بن يوسف . وابن عويد السراج اسمه إبرهي
280909339077	$$$	AIND-D11139	509 شهاب الدين بن الضعيف أحمد بن يونس . والأذرعي أحمد بن الحسن ابن علي بن محمد بن عبد الرحمن . والحسيني كاتب السر أحمد ب
574602893768	$$$	AIND-D11139	510 الصدر بن الادمي علي بن محمد بن محمد بن أحمد ومنهم من جعل بدل أحمد أبا بكر . وابن الرومي عدل باشر في أوقاف جامع المغر
709323938253	$$$	AIND-D11139	صفي الدين الكازروني المدني محمد بن محمد بن مسدد .
144288274896	$$$	AIND-D11139	والصفي الايجي عبد الرحمن بن محمد بن عبد الله بن محمد بن عبد الله . وحفيد ولد أخيه عبد الرحمن بن عبيد الله بن العلاء محمد
991093086679	$$$	AIND-D11139	511 صلاح الدين بن الجيعان محمد بن يحيى بن شاكر . وابن أبي الخير المخبزي محمد بن محمد بن محمد أبي بكر بن علي بن إبرهيم وا
182863288793	$$$	AIND-D11140	صير الدين ملك الحبشة في علي بن محمد بن أحمد بن علي || حرف الضاد المعجمة .
431283526112	$$$	AIND-D11140	الضياء بن سالم المكي محمد بن محمد بن سالم .
869215001062	$$$	AIND-D11140	513 ضيا الدين الأخنائي مات في سنة احدى ذكره شيخنا في انبائه . والبلقيني عبد الخالق بن عمر بن رسلان || حرف الظاء المعجمة 
493090789864	$$$	AIND-D11140	ظهير الدين محمد بن عبد الوهاب بن محمد الطرابلسي || حرف العين المهملة .
192703125994	$$$	AIND-D11140	عز الدين بن جماعة محمد بن أبي بكر بن العز عبد العزيز بن محمد بن إبرهيم . وابن النجم عمر بن أحمد بن عمر بن يوسف بن علي في
335598868973	$$$	AIND-D11140	عزيز الدين وقد يقال فيه عزيز يأتي في الفصل بعده .
539995691502	$$$	AIND-D11140	عضد الدين عبد الرحمن بن النظام يحيى بن سيف الصيرامي والنظامي في أبي الخير .
743977277933	$$$	AIND-D11140	عفيف الدين محمد بن نور الدين محمد بن عبد الله بن محمد بن عبد الله الحسيني الايجي وابن حفيده محمد بن عبيد الله بن العلاء 
449746852336	$$$	AIND-D11140	عفيف قاضي سكندرية هو محمد بن محمد بن محمد بن حسن القسطنيني سبط ابن التنسي .
433045133809	$$$	AIND-D11140	514 علاء الدين بن اللفت في ابن اللفت . والأمير الشريف ولي الوزارة بالديار المصرية وشد الدواوين مرارا ثم الحجوبية الصغرى 
394482702846	$$$	AIND-D11143	فتح الدين البلقيني اثنان محمد بن صالح بن عمر بن رسلان . ومحمد ابن محمد بن محمد بن عمر بن رسلان .
842329512457	$$$	AIND-D11146	521 فخر الدين بن شمس الدين بن رقيط أحد الكتبة كان مستوفى اسكندرية كأبيه ثم باشر نظر جدة نيابة عن أبي الفتح المنوفي في سن
920226126351	$$$	AIND-D11146	522 قطب الدين الايجي نعمة الله بن أحمد بن الصفي عبد الرحمن بن محمد . والخنجي الرجل الصالح الذاكر كان كثير العبادة والذكر
746896513553	$$$	AIND-D11146	قوام الدين الحنفي محمد بن محمد بن محمد بن قوام .
598472677922	$$$	AIND-D11147	كريم الدين بن ظهيرة المكي الحنبلي عبد الكريم بن عبد الرحمن . وابن فخيرة عبد الكريم بن عبد الغني بن يعقوب بن كاتب جكم عبد
474916870691	$$$	AIND-D11147	524 الكمال بن البارزي محمد بن محمد بن محمد بن عثمان بن محمد . وابن أبي شريف محمد بن محمد بن أبي بكر . وابن العديم عمر بن
139695512099	$$$	AIND-D11147	لسان الدين أحمد بن محمد بن محمد بن محمد بن محمد بن محمد بن محمود بن الشحنة . || حرف الميم .
992703699498	$$$	AIND-D11148	مجير الدين عبد الكافي بن أحمد بن الجوبان .
733881588268	$$$	AIND-D11148	526 محب الدين بن الأمين الحلبي الكاتب هو محمد المدعو عبد الرحمن بن الحسن بن حمزة بن يوسف مضى . وابن أبي حامد بن ظهيرة في
146431564341	$$$	AIND-D11150	مظفر الدين محمد بن عبد الله بن محمد الشيرازي نزيل مكة . و★محمود★ بن أحمد بن اسمعيل الأمشاطي .
733831256633	$$$	AIND-D11151	529 موفق الدين بن المحب أحمد بن نصر الله الحنبلي هو محمد . وآخر حنبلي كان قاضي طرابلس ممن قتل في خروج نائبها عليهم سنة ا
750524586565	$$$	AIND-D11152	530 ناضر الدين بن تيمية محمد بن محمد بن محمد بن عبد الله بن عبد الحليم بن عبد السلام وأبوه وابن دقماق الأمير ابن الأمير 
279588133447	$$$	AIND-D11153	532 نجم الدين بن محمد بن محمد بن عبادة أخو أحمد الماضي ولد سنة سبع وتسعين وسبعمائة . وابن يوسف بن نجم الدين الخانكي ابن 
111048415817	$$$	AIND-D11154	نسيم الدين عبد الغني بن عبد الواحد بن إبرهيم المرشدي المكي و★محمد★ بن محمد المدعو سعيد بن مسعود بن محمد الكازروني .
294972840522	$$$	AIND-D11154	نفيس الدين سليمان بن إبرهيم بن عمر العلوي اليماني .
401965341258	$$$	AIND-D11154	533 نور الدين بن الجلال هو علي بن يوسف بن مكي وابن عثمان الجبرتي هو علي بن سليمان بن عثمان مضى . وابن قطب الدين بن روح ا
455157504586	$$$	AIND-D11154	همام الدين عبد الواحد بن عبد الحميد بن مسعود السيواسي والد الكمال ابن الهمام و★شيخ الجمالية★ واسمه محمد بن أحمد الخوارزم
942963448396	$$$	AIND-D11154	وجيه الدين عبد الرحمن بن أبي بكر بن فهد و★عبد الرحمن★ بن حسن بن سويد .
699593153100	$$$	AIND-D11154	ولي الدين أبو الفرج . و★ميخائيل★ بن اسرائيل مقبوحان .
144212777553	$$$	AIND-D11154	534 ولي الدين جماعة يسمون أحمد منهم ابن الزين عبد الرحيم بن الحسين أبو زرعة العراقي . وابن تقي الدين محمد بن محمد بن عمر
717607689446	$$$	AIND-D11436	الاطرابلسي في الطرابلسي .
230917430698	$$$	AIND-D11520	البوصيري في الأبوصيري .
781369499079	$$$	AIND-D11539	التعزي في العلوي .
884335467994	$$$	AIND-D11548	التنسي في ابن التنسي .
223455764256	$$$	AIND-D11683	الرهوني بالضم في ابن الرهوني .
564662394814	$$$	AIND-D11750	السيوطي في الأسيوطي .
664038039520	$$$	AIND-D11771	الشقطي في ابن الشقطي .
601916203022	$$$	AIND-D11791	الصندفائي في السندفائي .
562175172626	$$$	AIND-D11795	الصيرامي في السيرامي .
640164061326	$$$	AIND-D11839	العدناني في البرشكي .
164110557746	$$$	AIND-D12034	المصيري بضم أوله مصغر . هو أحمد بن علي بن عبد الله ، مضى في البصيري قيم مدرسة الولوي البلقيني .
711492397348	$$$	AIND-D12846	آسية ابنة عبد الرحمن بن محمد بن أبي بكر الهرساني ، تأتي في مريم .
937091426708	$$$	AIND-D12891	أمة العزيز ابنة محمد بن اسماعيل ابن الشيخ يوسف الأنبابي كذافي معجمي ، وأظنها أمة الخالق الماضية قريبا فيحرر .
513978427797	$$$	AIND-D12891	أمة العزيز ابنة محمد بن محمد بن محمد بن أحمد بن إبراهيم الطبري في علما .
868048988616	$$$	AIND-D12904	بدور أم فضيل الطبرية ، هي نعمة الله ابنة المحب محمد بن محمد بن محمد تأتي .
441706375639	$$$	AIND-D12909	بركة ابنة عبد الرحمن بن علي بن أحمد بن عبد العزيز النويري المكية واسمها فاطمة تأتي .
854971148814	$$$	AIND-D12930	تفاحة الحبشية أخرى أم قاضي الحرمين المحيوي الحنبلي تأتي في المبهمات .
925796166161	$$$	AIND-D12930	تقية ويقال لها ست الأهل أم ريم ابنة التقي محمد بن محمد بن محمد بن فهد الهاشمي المكي أخت صاحبنا النجم عمر واخوته . تأتي ف
461784508950	$$$	AIND-D12931	توفيق ابنة أحمد بن جار الله بن زائد ذكرت في عينا .
103456729622	$$$	AIND-D12931	توفيق في خديجة ابنة محمد بن أحمد بن محمد بن أحمد بن عبد الله .
266153781792	$$$	AIND-D12931	توفيق أخرى في زينب ابنة علي بن أحمد بن عبد العزيز .
844158233121	$$$	AIND-D12931	تيتي بفوقانيتين المدعوة ستيتة ابنة داود الكيلاني ستأتي في ستيتة . || حرف الجيم
614100658733	$$$	AIND-D12935	جهة طي هي زينب ابنة يحيى بن أحمد بن اسماعيل بن العباس الغساني ملوك اليمن تأتي .
211980151387	$$$	AIND-D12946	حبيبة ابنة أبي اليمن محمد بن أحمد بن الرضى إبراهيم بن محمد بن إبراهيم الطبري المكية . ستأتي في حبيبة قريبا .
562779155053	$$$	AIND-D12961	حليمة ابنة أحمد بن محمد بن إسماعيل بن إبراهيم في فاطمة .
112361237131	$$$	AIND-D12973	حورية هي التي قبلها || حرف الخاء المعجمة
528088066858	$$$	AIND-D13044	رابعة ابنة عبد القادر بن أبي الفتح محمد بن أحمد . تأتي في أم الحسين
776554441517	$$$	AIND-D13045	رحمة ابنة عطية بن محمد بن فهد ؛ في ست الجميع .
712809409329	$$$	AIND-D13046	رقية ابنة العفيف عبد السلام بن محمد بن مزروع المدنية ؛ في ابنة يحيى قريبا .
698850765626	$$$	AIND-D13052	رقية ابنة التقي محمد بن محمد بن أبي الخير محمد بن فهد الهاشمي أم كلثوم . في الكني .
613471513410	$$$	AIND-D13056	رئيسة في أم كلثوم ابنة المحب محمد بن محمد بن محمد بن أحمد بن إبراهيم . | حرف الزاي المنقوطة
723358084020	$$$	AIND-D13106	زينب ابنة عمر بن محمد بن محمد بن فهد . هي حفصة تقدمت .
911388732347	$$$	AIND-D13107	زينب ابنة أبي الفتح بن أحمد الحسنى الفاسى المكى أم الهدى في الكنى .
179801451495	$$$	AIND-D13133	زينب ابنة محمد بن محمد بن أبي الخير محمد بن فهد ويقال لها ست بني هاشم أم هانئ . في الكنى .
377051180019	$$$	AIND-D13136	زينب ابنة محمد بن محمد بن يوسف الزعيفرني . في رقية
810352143357	$$$	AIND-D13139	زينب ابنة هاشم بن علي بن غزوان تأتي في ست قريش .
358977924111	$$$	AIND-D13145	سادة ابنة عبد الرزاق بن الهيصم . تأتي في أم الجمالى من الكنى .
801741237285	$$$	AIND-D13159	ست الأهل ابنة الرضى محمد بن المحب محمد بن الشهاب أحمد بن الرضى إبراهيم بن محمد بن إبراهيم الطبرى اسمها حسنة مضت .
540805196840	$$$	AIND-D13159	ست الأهل ابنة التقى محمد بن محمد بن أبي الخير محمد بن فهد وتسمى أيضا تقية في أم ريم من الكنى .
147111046191	$$$	AIND-D13159	ست بنى هاشم ابنة التقي محمد بن محمد بن محمد ابن الفهد وتسمى أيضا زينب . في أم هانئ من الكنى .
646635875381	$$$	AIND-D13160	ست التجار هي تجار .
679972203584	$$$	AIND-D13167	ست الخطباء ابنة التقي محمد بن محمد بن أبي الخير محمد بن فهد هي أم كلثوم في الكنى .
870171307079	$$$	AIND-D13172	ست العرب ابنة محمد بن محمد بن أبي الخير محمد بن فهد أم البنين . في الكنى .
963066752073	$$$	AIND-D13174	ست العيش جماعة ممن يسمون عائشة منهن ابنة العلاء على بن محمد بن علي الكناني تأتى في عائشة .
469070015566	$$$	AIND-D13177	ست قريش ابنة محمد بن محمد بن عبد الله بن فهد . هي أم الحسن تأتي .
522811632722	$$$	AIND-D13179	ست قريش ابنة التقي محمد بن محمد بن محمد بن فهد أم ابيها واسمها فاطمة الهاشمي المكية . ستأتي في الفاء .
155487071312	$$$	AIND-D13181	ست القضاة ابنة أحمد بن أبي بكر بن عبد الله بن ظهيرة . في مريم .
165041695838	$$$	AIND-D13184	ست القضاة ابنة أبي البقاء محمد بن عبد الله بن أحمد بن حسن بن الزين محمد بن الأمين محمد بن القطب القسطلاني . ستأتي في سعا
680240639072	$$$	AIND-D13184	ست القضاة ابنة محمد بن محمد بن أبي الخير محمد بن محمد بن عبد الله بن فهد أم الحسين ، تأتى في الكنى .
664960789601	$$$	AIND-D13184	ست الكرم ابنة عبد الرحمن بن أبي بكر بن عبد الله بن ظهيرة بن أحمد بن عطية بن ظهيرة القرشي . هي مباركة تأتي .
397053815909	$$$	AIND-D13186	ست الكل ابنة عطية بن محمد بن أبي الخير محمد بن فهد . هي أم كلثوم تأتي
694593547382	$$$	AIND-D13193	الست نعمة في نعمة .
727275564151	$$$	AIND-D13193	ست الوزراء في وزراء .
700771757174	$$$	AIND-D13196	ستيتة ابنة جان بردى . في عائشة .
794812247167	$$$	AIND-D13197	ستيتة ابنة صالح بن عمر بن رسلان البلقيني . في عمائم .
262886419590	$$$	AIND-D13198	ستيتة ابنة علي بن أحمد بن يسير ، هي فاطمة تأتي .
105339972743	$$$	AIND-D13198	ستيتة ابنة علي بن أبي البركات محمد بن أبي السعود محمد بن حسين بن علي ابن ظهيرة أم راجح ، تأتي في الكنى .
571079683216	$$$	AIND-D13201	ستيتة ابنة يحيى بن شاكر بن الجيعان في فاطمة .
205416066223	$$$	AIND-D13211	ستيت ابنة علي بن أبي البركات محمد بن محمد بن حسين بن ظهيرة . في أم راجح من الكنى .
837862583499	$$$	AIND-D13219	الست نعمة في نعمة ابنة محمد بن محمد بن محمد بن أحمد بن الرضي إبراهيم الطبري المكي .
593338854605	$$$	AIND-D13220	سعادات أو بدون ألف وهو المدعوة به ابنة عبد الرحمن بن محمد بن ابن محمد بن عبد الله بن فهد . هي خديجة سلفت .
203381828824	$$$	AIND-D13225	سعادة ابنة إبراهيم بن أحمد بن أبي بكر بن عبد الوهاب المرشدى هي خديجة تقدمت .
596895624414	$$$	AIND-D13227	سعادة ابنة عبد الرحمن بن محمد بن محمد بن عبد الله بن فهد . في خديجة كما أشير اليه في سعادات قريبا .
640675769574	$$$	AIND-D13231	سعادة ابنة عبد اله بن أحمد بن حسن القسطلاني ، في أم الوفاء .
920792362220	$$$	AIND-D13231	سعادة ابنة عبد الملك بن محمد بن عبد الملك أم الحسين ابنة المرجاني ، ماتت في سنة اثنتين وأربعين . وتأتي في الكنى .
844053376241	$$$	AIND-D13232	سعادة ابنة الجمال محمد المرشدي ابن أبي بكر بن علي بن يوسف بن إبراهيم الانصاري المصري الأصل المكي في أم الحسين .
963486182645	$$$	AIND-D13232	سعادة أم الحسين ابنة الكمال أبي الفضل محمد بن أحمد بن عبد العزيز النويرى ثم المكي أم التقي الفاسي في الكنى .
525223357693	$$$	AIND-D13234	سعادة ابنة الجمال محمد بن عبد الله بن ظهيرة أم كلثوم القرشية المكية في الكنى .
586384698622	$$$	AIND-D13234	سعادة ابنة محمد بن فتح الطائفي هي عائشة تأتي .
253285657867	$$$	AIND-D13237	سعدانة ابنة داود الكيلاني وتدعى رابعة ، مضت هناك .
924302994701	$$$	AIND-D13238	سعيدة ابنة أحمد بن الكمال أبي الفضل محمد ابن أحمد بن عبد العزيز بن القسم أم الحسن النويرية في الكنى .
813342682379	$$$	AIND-D13238	سعيدة ابنة أحمد بن محمد بن محمد أم الخير المطرية في الكنى .
491220135187	$$$	AIND-D13239	سعيدة ابنة عبد الرحمن بن علي بن أحمد بن عبد العزيز . هي خديجة مضت .
486828698901	$$$	AIND-D13239	سعيدة ابنة المحب محمد بن أحمد بن الرضى إبراهيم بن محمد بن إبراهيم الطبري هي أم كلثوم في الكنى
500430826775	$$$	AIND-D13240	سعيدة أم الخير ابنة الكمال أبي الفضل محمد بن أحمد بن الكمال أبي الفضل محمد بن أحمد بن عبد العزيز بن القسم في الكنى .
943206722840	$$$	AIND-D13240	سعيدة ابنة القاضي عز الدين محمد بن أحمد بن أبي الفضل محمد بن أحمد النويري ، هي أم الخير أيضا تأتي في الكنى .
771798101271	$$$	AIND-D13240	سعيدة ابنة الامام الرضى محمد بن المحب محمد بن أحمد ابن الرضى إبراهيم بن محمد بن إبراهيم أم كلثوم الطبرية المكية ، هكذا س
665459911973	$$$	AIND-D13246	سودة ابنة عبد الله بن علي ، في نشوان .
481476767046	$$$	AIND-D13259	شقراء ابنة الجمال محمد بن النجم محمد بن أبي البركات ابن أبي السعود أم الخير ابنة ابن ظهيرة في الكنى .
218330328455	$$$	AIND-D13284	ضوء الصباح ابنة محمد بن أحمد بن عمر بن سلمان البالسي واسمها عائشة تأتي .
697051409803	$$$	AIND-D13285	ططر ابنة العز محمد بن أحمد بن محمد بن عثمان بن المنجا . في تتر .
167411477920	$$$	AIND-D13298	عائشة ابنة القاضي شهاب الدين أحمد بن ظهيرة بن أحمد بن عطية بن ظهيرة أم كمال القرشية . في الكنى .
336660032930	$$$	AIND-D13299	عائشة ابنة أحمد بن محمد بن محمد بن محمد بن فهد . في ابنة أبي بكر قريبا .
131428543923	$$$	AIND-D13308	عائشة ابنة أبي جعفر ، هي ابنة محمد بن أحمد بن عمر تأتي .
514922147274	$$$	AIND-D13321	عائشة ابنة عطية بن محمد بن أبي الخير محمد بن فهد أم كلثوم ، في الكنى .
923300556268	$$$	AIND-D13333	عائشة ابنة الزين محمد بن الزين أحمد بن الجمال محمد بن المحب أحمد بن عبد الله الطبري المدعوة سعيدة . سلفت في السين
183945424388	$$$	AIND-D13342	عائشة ابنة أبي البركات محمد بن أبي السعود محمد بن حسين بن علي بن أحمد ابن عطية بن ظهيرة أم كمال القرشي . في الكنى .
116169666054	$$$	AIND-D13342	عائشة ابنة أبي اليمن محمد بن محمد بن علي النويري . في أم كمال أيضا .
849162038790	$$$	AIND-D13342	عائشة ابنة محمد بن محمد بن محمد بن أحمد بن إبراهيم الطبري . في أم كمال أيضا .
344679542305	$$$	AIND-D13351	عزيزة ابنة محمد بن محمد بن أبي بكر بن عبد العزيز . في هاجر .
543623769634	$$$	AIND-D13351	عزيزة ابنة محمد بن محمد بن محمد بن أحمد بن إبراهيم الطبري . في علما .
463504174632	$$$	AIND-D13352	عفيفة ابنة القاضي أبي اليمن محمد بن محمد علي بن أحمد النويري في أم هانئ .
450992565801	$$$	AIND-D13352	علا بضم أولها ابنة المحب محمد بن محمد بن محمد بن أحمد بن الرضى إبراهيم الطبري في خديجة .
578759454313	$$$	AIND-D13392	فاطمة ابنة المحب أحمد بن محمد بن عبد الله بن ظهيرة أم الحسين ، تأتي .
848058936942	$$$	AIND-D13394	فاطمة ابنة أحمد بن النجم محمد بن الجمال محمد بن المحب أحمد بن عبد الله بن محمد الطبري ذكرها التقي بن فهد في معجمه وبيض ،
431803625163	$$$	AIND-D13436	فاطمة ابنة عبد القادر بن محمد بن ظريف الشاوي أم الخير أخت الشهاب أحمد الماضي . تأتي في الكنى .
820569468689	$$$	AIND-D13464	فاطمة ابنة فرج الشرابي ...
148830711580	$$$	AIND-D13467	فاطمة ابنة قجا في التي بعدها .
904250027833	$$$	AIND-D13485	فاطمة ابنة محمد بن أحمد المخزومي المكي جدة النجم عمر بن فهد . هي فاطمة ابنة أحمد بن محمد بن إسماعيل بن إبراهيم انقلب نسب
798092193609	$$$	AIND-D13497	فاطمة ابنة محمد بن علي بن محمد بن علي بن سكر ، في مؤنسة .
471594987348	$$$	AIND-D13501	فاطمة ابنة المحب محمد بن الرضى محمد بن أحمد بن الرضى إبراهيم الطبري ، في أم كلثوم .
579514429267	$$$	AIND-D13501	فاطمة ابنة الخطيب محمد بن محمد بن أحمد بن محمد بن أحمد بن عبد العزيز مضت في ابنة أبي القسم .
927893319526	$$$	AIND-D13507	فاطمة ابنة محمد بن محمد بن عبد الله بن فهد ست قريش ، ستأتي في أم الحسن .
785190514539	$$$	AIND-D13507	فاطمة ابنة محمد بن محمد بن علي بن أحمد بن عبد العزيز . في أم الحسين
958041976684	$$$	AIND-D13507	فاطمة ابنة الشيخ سيف الدين محمد بن محمد بن عمر بن قطلويغا . هي مباركة تأتي .
186323595143	$$$	AIND-D13521	فاطمة ابنة محمود بن محمد بن عمر الشيشيني . ستأتي في أم الشهاب أحمد ممن لم يسم .
174852173704	$$$	AIND-D13522	فاطمة ابنة أبي محمود في ابنة أحمد بن محمد بن إبراهيم .
342959878185	$$$	AIND-D13586	كمالية ابنة الرضى محمد بن محمد بن عثمان أم الحسن الطبرية . في الكنى .
387033624674	$$$	AIND-D13599	مباركة ابنة أبي اليمن محمد بن أحمد بن الرضى إبراهيم الطبرية . هي فاطمة مضت .
791049957479	$$$	AIND-D13599	مباركة ابنة المحب محمد بن الرضى محمد بن الشهاب أحمد بن الرضى إبراهيم . في أم كلثوم .
851565375594	$$$	AIND-D13600	متى ابنة فتح خان الهدوي زوج سلطان جانفور ...
665531215993	$$$	AIND-D13607	مريم ابنة علي بن عبد الرحمن هي أم هانئ الهورينية في الكنى .
157454200990	$$$	AIND-D13624	مكية ابنة عيسى . في آمنة .
187858710702	$$$	AIND-D13635	موفقية ابنة أحمد بن محمد بن محمد بن أحمد الطبرية ، في خديجة .
823664865470	$$$	AIND-D13645	نفيسة ابنة محمد بن محمد بن أبي الخير محمد بن فهد الهاشمي المكية أم البنين . في الكنى .
834200957137	$$$	AIND-D13655	هاجر ابنة قاضي الفيوم محب الدين بن كريم الدين القرشي العقيلي وتدعى فائدة . سلفت في الفاء .
307765473507	$$$	AIND-D13664	أم أبيها هي فاطمة ابنة محمد بن محمد بن محمد بن فهد .
160725758182	$$$	AIND-D13665	أم أحمد هي صفية ابنة ياقوت .
604768334056	$$$	AIND-D13666	أم أصيل هي فاطمة ابنة عبد الرحمن بن عمر بن رسلان البلقيني
788592095464	$$$	AIND-D13667	أم الأمان ابنة محمد بن أحمد بن حسن بن الزين محمد بن الامين محمد القسطلاني . هي فاطمة .
204195524843	$$$	AIND-D13667	أم الامان اخرى هي أيضا فاطمة ابنة محمد بن أحمد بن الرضى إبراهيم الطبري .
560199659760	$$$	AIND-D13669	أم تاج الدين بن المقسي . في بلقيس ابنة محمد . || حرف الجيم
524153811190	$$$	AIND-D13671	أم حبيبة هي زينب ابنة أحمد بن محمد بن موسى .
874596299033	$$$	AIND-D13686	أم الحسن وتلقب نسيم ابنة أبي اليمن محمد ابن أحمد بن الرضى إبراهيم بن محمد بن إبراهيم الطبري . في نسيم
577689907504	$$$	AIND-D13696	أم الحسن ابنة ابن العجمي . هي فاطمة ابنة محمد بن يوسف .
498706968895	$$$	AIND-D13705	أم الحسين ابنة الزين هي ست الكل ابنة أحمد بن محمد بن الزين وتعرف بابنة رحمة .
642152165746	$$$	AIND-D13734	أم الخير ابنة إبراهيم بن خليل بن الشرائحي . في أي ملك .
425440866697	$$$	AIND-D13741	أم الخير ابنة علي بن محمد بن سعيد . هي هاج .
633545453976	$$$	AIND-D13749	أم الخير ابنة أبي السرور محمد به عبد الرحمن بن أبي الخير محمد بن محمد الحسني الفاسي ، في سعادة من الأسماء .
250865545642	$$$	AIND-D13757	أم زين العابدين القادري ... || حرف السين المهملة
514272031154	$$$	AIND-D13757	أم السعد اثنتان زينب ابنة محمد بن محمد بن أحمد بن الرضى الطبري ، وخديجة ابنة عبد الرحمن بن علي النويري .
667234103740	$$$	AIND-D13761	أم صالح البلقيني . هي زينب ابنة صالح .
795504308669	$$$	AIND-D13761	أم الصفا هي أمة العزيز ابنة عبد الرحمن بن سليمان المنهلي . || حرف العين المهملة
290187145662	$$$	AIND-D13761	أم عبد البر بن الشحنة . هي ألف ابنة الولوي محمد بن أحمد بن يوسف السفطي .
570941272519	$$$	AIND-D13763	أم عمر ...
457565041096	$$$	AIND-D13763	أم عيسى ، مريم ابنة أحمد . || حرف الغين المعجمة
973648982474	$$$	AIND-D13763	أم الغيث ، اثنتان منصورة ابنة عبد الرحمن بن أبي بكر وفاطمة ابنة علي ابن أبي اليمن محمد بن محمد بن علي . || حرف الفاء
101581877708	$$$	AIND-D13763	أم الفضل ابنة ابن القدسي . هاجر ابنة محمد بن محمد بن أبي بكر .
325754843595	$$$	AIND-D13763	أم الفضل ، خديجة ابنة عبد الرحمن بن محمد بن فهد . || حرف القاف
921601864159	$$$	AIND-D13768	أم الكامل ابنة المجد محمد بن يعقوب الشيرازى . مضت في بيبى .
431853957605	$$$	AIND-D13769	أم الكرام ، كمالية ابنة علي بن أحمد النويرى
681033364017	$$$	AIND-D13803	أم كمال ابنة عبد الوهاب بن عبد الله ، في عائشة .
504516080180	$$$	AIND-D13803	أم كمال ابنة علي ابن أحمد النويري ، وابنة علي بن عبد الكريم بن أحمد بن عطية بن ظهيرة ، وابنة محمد بن أحمد بن قاسم ، وابن
439483396674	$$$	AIND-D13809	أم محمد هي آسية ابنة جار الله بن صالح .
721252545103	$$$	AIND-D13816	أم منصور هي منصورة ابنة عبد الله بن محمد . || حرف النون
228925141585	$$$	AIND-D13816	أم نجم الدين بن ظهيرة اسمها سعدانة ابنة داود الكيلاني وتدعى رابعة مضت . || حرف الهاء
915453014662	$$$	AIND-D13841	أم الهدى ابنة عبد الله بن أحمد بن حسن بن الزين القسطلاني المكية . في هدية .
410030994074	$$$	AIND-D13849	أم الوفا ابنة القاضي على بن أحمد بن عبد العزيز النويري المكية ، في غصون .
783735091867	$$$	AIND-D13850	أم الوفا ابنة الجمال محمد بن عبد الله بن ظهيرة . في أم كلثوم .
685986837148	$$$	AIND-D13851	أم الولوي الأسيوطي . هي عائشة ابنة سعد . || ( حرف الياء الأخيرة )
599412208287	$$$	AIND-D13851	أم يحيى بن حجي . في زينب ابنة محمد بن محمد بن عثمان
225699721888	$$$	AIND-D13851	أم يحيى امرأة معتقدة بالجبل . في فاطمة . || ( المبهمات )
359309275825	$$$	AIND-D13860	ابنة للبدر السمرباى هي سعادات .
690135003831	$$$	AIND-D13863	ابنة أخرى للظاهر جقمق زوج الأمير أزبك وأم ولده . هي خديجة .
591493362375	$$$	AIND-D13870	ابنة للزيني عبد الباسط وهي خوند زوج الظاهر جقمق اسمها فاطمة .
484811240155	$$$	AIND-D13878	ابنة قلماطي العثماني الظاهر برقوق فاطمة وابنة أخيها زينب ابنة محمد بن قلمطاي .
845538161378	$$$	AIND-D13881	ابنة لكاتبه محمد بن عبد الرحمن السخاوي . هي جويرية .
816123507431	$$$	AIND-D13885	ابنة القاضي ناصر الدين محمد الزفتاوي اسمها زينب .
403039089391	$$$	AIND-D13887	ابنة للملكي زوج الشريف الأنصاري هي فاطمة ابنة يحيى .
785349898994	$$$	AIND-D13887	ابنة نحيله المغنية والدة البدر بن الكعكى اسمها خديجة .
363310641915	$$$	AIND-D13892	أم الشهاب الطوخى هي زينب ابنة على بن محمد .
209044140802	$$$	AIND-D13895	أم العلاء الاهناسي واخوته ، هي آمنة .
176685085444	$$$	AIND-D13896	أم الكمال بن أبي شريف وأخيه إبراهيم . هي فاطمة ابنة أحمد بن عوجان .
774465680152	$$$	AIND-D13908	زوجة البوني أحد أعيان الدولة بمكة هي قندولة ابنة أبي الخير محمد بن ريحان الريسي .
962215310109	$$$	AIND-D13912	★?1066 number★ زوجة عبد الكريم الدميري ماتت بمكة في رجب سنة ست وستين ولعهلها زينب ابنة الدقوقي .
648972104484	$$$	AIND-D13922	عمة التاج المقسى هي عمائم .
258658562859	$$$	AIND-D13922	خوند البارزية هي مغل .
774868333359	$$$	AIND-D13922	خوند الخاصكية هي زينب .
350782255921	$$$	AIND-D13922	المطرية داية مكة . هي أم الخير ابنة أحمد بن محمد بن محمد . | [final section] أخر ما يسر الله جمعه من أهل القرن التاسع وا
