AIND-ID	型	意味	作業可否	該当箇所	前後文脈	作業者への指示
AIND-D00050	DOLLAR3_STUB	処理済みの転送見出し（$$$）が同じブロックに同居	◎	###$352468336744$# $$$	ن بعد ذا %~% أيضا دخول الوقت وهو التاسع %~% ###$352468336744$# $$$ إبراهيم بن أحمد بن وفاء . في ابن أحمد بن محم	処理済みなので作業不要。ブロック先頭の項だけ作業すればよい。
AIND-D00056	DOLLAR3_STUB	処理済みの転送見出し（$$$）が同じブロックに同居	◎	###$871945470082$# $$$	ه أنه مات تقريبا بمالقة سنة اثنتين وخمسين . ###$871945470082$# $$$ إبراهيم بن أحمد البيجوري . في ابن أحمد بن عل	処理済みなので作業不要。ブロック先頭の項だけ作業すればよい。
AIND-D00112	PLUSMIN	語末に付く注記マーカー（語を分断しない）	◎	±±±	واحد ولا زال يدأب في تحصيل العلوم ويديب بصافي±±± فكره النظر في منطوقها والمفهوم مع ما أوتيه م	無視してよい。記号を取り除いた語がそのまま正しい読み。
AIND-D00117	DOLLAR3_STUB	処理済みの転送見出し（$$$）が同じブロックに同居	◎	###$560623255847$# $$$	لسكينة لا يخلو عن فضيلة في النحو . مات في . ###$560623255847$# $$$ إبراهيم بن خليل الكردي . هو الذي قبله .	処理済みなので作業不要。ブロック先頭の項だけ作業すればよい。
AIND-D00142	PLUSMIN	語末に付く注記マーカー（語を分断しない）	◎	±±±	ي ناظر جيشها وابن ناظره ويعرف قديما بابن فليب±±± استقر بعد أبيه ويقال انه فاق عليه كرما وحسنا	無視してよい。記号を取り除いた語がそのまま正しい読み。
AIND-D00149	PLUSMIN	語末に付く注記マーカー（語を分断しない）	◎	±±±	يهم ما سلبوه من ملكهم وأمدهم بماله عند فاقتهم±±± وكان يصرح بأنه أزال دولة وأقام أخرى ثم أعاد	無視してよい。記号を取り除いた語がそのまま正しい読み。
AIND-D00152	PLUSMIN	語末に付く注記マーカー（語を分断しない）	◎	±±±	ه بعده وكان شابا حسن الشكالة جوادا كريما دريا±±± سيوسا مع تيه وإسراف وزهو . وقد أثنى عليه شيخ	無視してよい。記号を取り除いた語がそのまま正しい読み。
AIND-D00166	PLUSMIN	語末に付く注記マーカー（語を分断しない）	◎	±±±	ه لأهله ببلاده ولم يترك عنده إلا ما يكون وفاء±±± لدينه حتى لا يدع شيئا تغتصبه الدولة ومع ذلك	無視してよい。記号を取り除いた語がそのまま正しい読み。
AIND-D00174	DOLLAR3_STUB	処理済みの転送見出し（$$$）が同じブロックに同居	◎	###$862046912930$# $$$	نى على صلاحه كما سيأتي في ترجمته . مات في . ###$862046912930$# $$$ إبراهيم بن علبك . في ابن أحمد بن غنائم .	処理済みなので作業不要。ブロック先頭の項だけ作業すればよい。
AIND-D00196	PLUSMIN	語末に付く注記マーカー（語を分断しない）	◎	±±±	دة سنة إحدى وتسعين ففجع الناس لذلك فجعة عظيمة±±± وحصل عليه من نحيبهم وبكأنهم ما لا يعبر عنه ف	無視してよい。記号を取り除いた語がそのまま正しい読み。
AIND-D00207	PLUSMIN	語末に付く注記マーカー（語を分断しない）	◎	±±±	النظم وبالنثر حتى من خوله في النعم بعد الفاقة±±± والعدم وأخذ بجاهه أمورا لا يستحقها كالنظر عل	無視してよい。記号を取り除いた語がそのまま正しい読み。
AIND-D00207	PLUSMIN	語末に付く注記マーカー（語を分断しない）	◎	±±±	قها كالنظر على جامع الفكاهين وعلى خان اويداني±±±★ وجرت فيهما وقائع وكتدريس القراآت بالمؤيدية	無視してよい。記号を取り除いた語がそのまま正しい読み。
AIND-D00207	PLUSMIN	語末に付く注記マーカー（語を分断しない）	◎	±±±	~% لا تهتكن من مساوي الناس ما ستروا %~% نبيتك±±± الله سترا من مساويكا %~% %~% واذكر محاسن ما	無視してよい。記号を取り除いた語がそのまま正しい読み。
AIND-D00207	PLUSMIN	語末に付く注記マーカー（語を分断しない）	◎	±±±	خ للبيب الفائز %~% %~% فقلت أعيان الزمان الكل±±± يا %~% شيخي تتمات الكمال البارزي %~% وقوله	無視してよい。記号を取り除いた語がそのまま正しい読み。
AIND-D00207	STAR_ORPHAN	対になっていない孤立した★（変換ノイズ）	◎	★	كالنظر على جامع الفكاهين وعلى خان اويداني±±±★ وجرت فيهما وقائع وكتدريس القراآت بالمؤيدية ع	無視してよい。
AIND-D00213	PLUSMIN	語末に付く注記マーカー（語を分断しない）	◎	±±±	حدا وحكى ذلك للشيخ رمضان الآتي فقال له قد كنت±±± معك وحفظتها ثم أنشده إياها وهي : %~% يا مال	無視してよい。記号を取り除いた語がそのまま正しい読み。
AIND-D00248	PLUSMIN	語末に付く注記マーカー（語を分断しない）	◎	±±±	ة لأخيه وذاك الأصغر وكان فيه فضل وربما تعتريه±±± حالة جنون مات في	無視してよい。記号を取り除いた語がそのまま正しい読み。
AIND-D00249	PLUSMIN	語末に付く注記マーカー（語を分断しない）	◎	±±±	ه هو والولي العراقي بل سمع على الولي في أملية±±± وغيرها وتفقه بالزين بن طاهر ودرس بعد أبيه با	無視してよい。記号を取り除いた語がそのまま正しい読み。
AIND-D00266	PLUSMIN	語末に付く注記マーカー（語を分断しない）	◎	±±±	%~% %~% فلازمي كل ما لله فيه رضا %~% واستمسكي±±± بالتقى±±± في القول والعمل %~% %~% فمن أطاع س	無視してよい。記号を取り除いた語がそのまま正しい読み。
AIND-D00266	PLUSMIN	語末に付く注記マーカー（語を分断しない）	◎	±±±	ازمي كل ما لله فيه رضا %~% واستمسكي±±± بالتقى±±± في القول والعمل %~% %~% فمن أطاع سعيد عند خا	無視してよい。記号を取り除いた語がそのまま正しい読み。
AIND-D00271	PLUSMIN	語末に付く注記マーカー（語を分断しない）	◎	±±±	ما يستحضر لفظ التنبيه إلا أنه صار بأخرة يتعلم±±± كثيرا ويرد ما لا يتجه رده وربما أخطأ في الرد	無視してよい。記号を取り除いた語がそのまま正しい読み。
AIND-D00325	ELLIPSIS	原文の欠落（lacuna）	○	...	إبراهيم بن محمد الحموي ...	欠落部は情報なしとして扱い、該当要素を立てずに作業する。
AIND-D00338	ELLIPSIS	原文の欠落（lacuna）	○	...	إبراهيم بن موسى بن عبد الله الهوى الصوفي ...	欠落部は情報なしとして扱い、該当要素を立てずに作業する。
AIND-D00361	DOLLAR3_STUB	処理済みの転送見出し（$$$）が同じブロックに同居	◎	###$615463781131$# $$$	دين بن الحسام الصقري . مضى فيمن أبوه محمد . ###$615463781131$# $$$ إبراهيم ابن أخي ابن الزمن . هو ابن عبد الكري	処理済みなので作業不要。ブロック先頭の項だけ作業すればよい。
AIND-D00367	DOLLAR3_STUB	処理済みの転送見出し（$$$）が同じブロックに同居	◎	###$636238168857$# $$$	في أوائل سنة خمس وسبعين وكان صحبة العسكر . ###$636238168857$# $$$ إبراهيم بن الحموي . في ابن محمود بن عبد الرح	処理済みなので作業不要。ブロック先頭の項だけ作業すればよい。
AIND-D00367	DOLLAR3_STUB	処理済みの転送見出し（$$$）が同じブロックに同居	◎	###$147845022490$# $$$	ي . في ابن محمود بن عبد الرحيم بن أبي بكر . ###$147845022490$# $$$ إبراهيم بن خطيب عذراء . في ابن محمد بن عيسى	処理済みなので作業不要。ブロック先頭の項だけ作業すればよい。
AIND-D00367	DOLLAR3_STUB	処理済みの転送見出し（$$$）が同じブロックに同居	◎	###$832237994778$# $$$	ن خطيب عذراء . في ابن محمد بن عيسى بن عمر . ###$832237994778$# $$$ إبراهيم بن قنديل . يأتي قريبا في إبراهيم الش	処理済みなので作業不要。ブロック先頭の項だけ作業すればよい。
AIND-D00377	DOLLAR3_STUB	処理済みの転送見出し（$$$）が同じブロックに同居	◎	###$552754742070$# $$$	صوابه أحمد قال شيخنا ويتعجب من خفائه عليه . ###$552754742070$# $$$ إبراهيم برهان الدين الحنبلي الصواف . مضى في	処理済みなので作業不要。ブロック先頭の項だけ作業すればよい。
AIND-D00384	DOLLAR3_STUB	処理済みの転送見出し（$$$）が同じブロックに同居	◎	###$477777363778$# $$$	هو ابن أحمد بن إبراهيم بن عبد الرحمن مضى . ###$477777363778$# $$$ إبراهيم الأخضري المغربي . مضى في ابن محمد .	処理済みなので作業不要。ブロック先頭の項だけ作業すればよい。
AIND-D00391	DOLLAR3_STUB	処理済みの転送見出し（$$$）が同じブロックに同居	◎	###$210449204049$# $$$	القادر بمكة الفقه وأصوله والعربية وغيرها . ###$210449204049$# $$$ إبراهيم الحتاتي مضى في ابن أحمد بن محمد .	処理済みなので作業不要。ブロック先頭の項だけ作業すればよい。
AIND-D00392	DOLLAR3_STUB	処理済みの転送見出し（$$$）が同じブロックに同居	◎	###$535306437462$# $$$	هيم الحصحاص قاضي سوسة . ذكره ابن عزم هكذا . ###$535306437462$# $$$ إبراهيم الخدري . في الأخضري وأنه ابن محمد .	処理済みなので作業不要。ブロック先頭の項だけ作業すればよい。
AIND-D00392	DOLLAR3_STUB	処理済みの転送見出し（$$$）が同じブロックに同居	◎	###$103943242584$# $$$	إبراهيم الخدري . في الأخضري وأنه ابن محمد . ###$103943242584$# $$$ إبراهيم الخنجي . في ابن محمد بن مبارز بن محم	処理済みなので作業不要。ブロック先頭の項だけ作業すればよい。
AIND-D00393	DOLLAR3_STUB	処理済みの転送見出し（$$$）が同じブロックに同居	◎	###$121924223833$# $$$	نكار بعض رفقائه عليه ذلك رحمه الله وإيانا . ###$121924223833$# $$$ إبراهيم الزايرجي نزيل دمياط . مات في . ###$	処理済みなので作業不要。ブロック先頭の項だけ作業すればよい。
AIND-D00393	DOLLAR3_STUB	処理済みの転送見出し（$$$）が同じブロックに同居	◎	###$408502894922$# $$$	$$$ إبراهيم الزايرجي نزيل دمياط . مات في . ###$408502894922$# $$$ إبراهيم الزرعي الدمشقي . مضى قريبا في الملقب	処理済みなので作業不要。ブロック先頭の項だけ作業すればよい。
AIND-D00393	DOLLAR3_STUB	処理済みの転送見出し（$$$）が同じブロックに同居	◎	###$707545531227$# $$$	مشقي . مضى قريبا في الملقبين ببرهان الدين . ###$707545531227$# $$$ إبراهيم الزواوي . هو ابن محمد بن عبد الرحمن	処理済みなので作業不要。ブロック先頭の項だけ作業すればよい。
AIND-D00396	DOLLAR3_STUB	処理済みの転送見出し（$$$）が同じブロックに同居	◎	###$319505302366$# $$$	قادر الجيلي وهذا شيء لا يعتمده أهل الحديث . ###$319505302366$# $$$ إبراهيم السنهوري المالكي . مضى في الملقبين ب	処理済みなので作業不要。ブロック先頭の項だけ作業すればよい。
AIND-D00407	DOLLAR3_STUB	処理済みの転送見出し（$$$）が同じブロックに同居	◎	###$496840475517$# $$$	تعالى وأعاد علي من بركته والله تعالى أعلم . ###$496840475517$# $$$ إبراهيم الفرنوي أحد الكتاب . في ابن يوسف بن	処理済みなので作業不要。ブロック先頭の項だけ作業すればよい。
AIND-D00408c	DOLLAR3_STUB	処理済みの転送見出し（$$$）が同じブロックに同居	◎	###$284218622852$# $$$	إبراهيم بن موسى بن بلال المقرى . ###$284218622852$# $$$ إبراهيم الكلبشي . في ابن محمد .	処理済みなので作業不要。ブロック先頭の項だけ作業すればよい。
AIND-D00409	DOLLAR3_STUB	処理済みの転送見出し（$$$）が同じブロックに同居	◎	###$581158568836$# $$$	القادري في ابتدائه وما علمت شيئا من خبره . ###$581158568836$# $$$ إبراهيم المتبولي . هو ابن علي بن عمر .	処理済みなので作業不要。ブロック先頭の項だけ作業すればよい。
AIND-D00410a	DOLLAR3_STUB	処理済みの転送見出し（$$$）が同じブロックに同居	◎	###$343983260557$# $$$	الله بن عمر بن داود وهو ابن محمد بن راشد . ###$343983260557$# $$$ إبراهيم الناجي . في ابن محمد بن محمود .	処理済みなので作業不要。ブロック先頭の項だけ作業すればよい。
AIND-D00413	DOLLAR3_STUB	処理済みの転送見出し（$$$）が同じブロックに同居	◎	###$273682531221$# $$$	ادي عشر المحرم سنة ثلاث وتسعين وكان شريرا . ###$273682531221$# $$$ اجترك القاسمي في مشترك .	処理済みなので作業不要。ブロック先頭の項だけ作業すればよい。
AIND-D00514	DOLLAR3_STUB	処理済みの転送見出し（$$$）が同じブロックに同居	◎	###$868023796832$# $$$	القضاء ، وبالجملة فهو خفيف مع فضيلة . مات . ###$868023796832$# $$$ أحمد بن أحمد بن محمد بن علي بن أبي بكر بن أي	処理済みなので作業不要。ブロック先頭の項だけ作業すればよい。
AIND-D00521	DOLLAR3_STUB	処理済みの転送見出し（$$$）が同じブロックに同居	◎	###$756614693985$# $$$	التي تليها وممن قرأ عنده نور الدين السروي . ###$756614693985$# $$$ أحمد بن أحمد بن محمد شهاب الدين الطولوني كبي	処理済みなので作業不要。ブロック先頭の項だけ作業すればよい。
AIND-D00529	DOLLAR3_STUB	処理済みの転送見出し（$$$）が同じブロックに同居	◎	###$713165898875$# $$$	المقادسة ومعيد المعظمية . ومات سنة اثنتين . ###$713165898875$# $$$ أحمد بن أحمد الحنبلي بن الضياء ، مضى فيمن اس	処理済みなので作業不要。ブロック先頭の項だけ作業すればよい。
AIND-D00534	DOLLAR3_STUB	処理済みの転送見出し（$$$）が同じブロックに同居	◎	###$814995211398$# $$$	أحباس البدر العيني ، قاله شيخنا في أنبائه . ###$814995211398$# $$$ أحمد بن أبي أحمد شهاب الدين المغراوي المالكي	処理済みなので作業不要。ブロック先頭の項だけ作業すればよい。
AIND-D00536	DOLLAR3_STUB	処理済みの転送見出し（$$$）が同じブロックに同居	◎	###$579883500680$# $$$	له على خيره ودينه . قاله شيخنا في الأنباء . ###$579883500680$# $$$ أحمد بن أبي أحمد الزاهد . في ابن محمد بن سلي	処理済みなので作業不要。ブロック先頭の項だけ作業すればよい。
AIND-D00536	DOLLAR3_STUB	処理済みの転送見出し（$$$）が同じブロックに同居	◎	###$677552063623$# $$$	ن أبي أحمد الزاهد . في ابن محمد بن سليمان . ###$677552063623$# $$$ أحمد بن أرسلان بن عباد السفطي . يأتي في ابن	処理済みなので作業不要。ブロック先頭の項だけ作業すればよい。
AIND-D00540	PLUSMIN	語末に付く注記マーカー（語を分断しない）	◎	±±±	ممن هو دون طبقته راغبا في الفائدة ولو من آحاد±±± الطلبة سريع التقييد لذلك للخوف من تفلته مبال	無視してよい。記号を取り除いた語がそのまま正しい読み。
AIND-D00560	DOLLAR3_STUB	処理済みの転送見出し（$$$）が同じブロックに同居	◎	###$626641601721$# $$$	الأبشيطي الماضي في اسمه واسم أبيه ونسبته . ###$626641601721$# $$$ أحمد بن اقبرص . مضى في ابن آق برص بمهملتين .	処理済みなので作業不要。ブロック先頭の項だけ作業すればよい。
AIND-D00580	PLUSMIN	語末に付く注記マーカー（語を分断しない）	◎	±±±	سب بالنساخة الجيدة مع مزيد فاقته وكثرة أخلافه±±± وعدم موافاته في الكتابة ولولا ذلك لكان غنيا	無視してよい。記号を取り除いた語がそのまま正しい読み。
AIND-D00589	DOLLAR3_STUB	処理済みの転送見出し（$$$）が同じブロックに同居	◎	###$459020436725$# $$$	وممن ذكره شيخنا في أنبائه وابن فهد وآخرون . ###$459020436725$# $$$ أحمد بن أبي بكر بن سراج البابي . فيمن جده عل	処理済みなので作業不要。ブロック先頭の項だけ作業すればよい。
AIND-D00611	DOLLAR3_STUB	処理済みの転送見出し（$$$）が同じブロックに同居	◎	###$311716480300$# $$$	بن محمد إذ الرداد ليس اسم أب له بل هو لقب . ###$311716480300$# $$$ أحمد بن أبي بكر بن محمد بن عثمان بن أحمد بن	処理済みなので作業不要。ブロック先頭の項だけ作業すればよい。
AIND-D00616	ELLIPSIS	原文の欠落（lacuna）	○	...	افعي في المنام وسأله عن بعض المسائل . مات في ... وستين رحمه الله .	欠落部は情報なしとして扱い、該当要素を立てずに作業する。
AIND-D00633	DOLLAR3_STUB	処理済みの転送見出し（$$$）が同じブロックに同居	◎	###$247015146843$# $$$	عالى يلهمه الخير وينفعه وينفع به المسلمين . ###$247015146843$# $$$ أحمد بن تقي المالكي . هو ابن محمد بن أحمد بن	処理済みなので作業不要。ブロック先頭の項だけ作業すればよい。
AIND-D00633	DOLLAR3_STUB	処理済みの転送見出し（$$$）が同じブロックに同居	◎	###$883714688348$# $$$	المالكي . هو ابن محمد بن أحمد بن علي يأتي . ###$883714688348$# $$$ أحمد بن تميم . هو ابن علي بن يحيى بن تميم يأ	処理済みなので作業不要。ブロック先頭の項だけ作業すればよい。
AIND-D00641	DOLLAR3_STUB	処理済みの転送見出し（$$$）が同じブロックに同居	◎	###$657113220451$# $$$	عاء مستهل صفر سنة ثلاث وخمسين عن سبع سنين . ###$657113220451$# $$$ أحمد بن أبي جعفر . في ابن محمد بن أحمد بن عم	処理済みなので作業不要。ブロック先頭の項だけ作業すればよい。
AIND-D00641	DOLLAR3_STUB	処理済みの転送見出し（$$$）が同じブロックに同居	◎	###$308965016935$# $$$	حمد بن عمر بن الضياء محمد بن عثمان الحلبي . ###$308965016935$# $$$ أحمد بن جلال . في يعقوب بن جلال بن أحمد بن ي	処理済みなので作業不要。ブロック先頭の項だけ作業すればよい。
AIND-D00645	DOLLAR3_STUB	処理済みの転送見出し（$$$）が同じブロックに同居	◎	###$617120531821$# $$$	تنزل في جهات وقررت له مرتبات سوى الهوائي . ###$617120531821$# $$$ أحمد بن حامد . هو ابن محمد بن محمد بن حامد .	処理済みなので作業不要。ブロック先頭の項だけ作業すればよい。
AIND-D00646	PLUSMIN	語末に付く注記マーカー（語を分断しない）	◎	±±±	بداني وابن خطيب يبرود والشمس الموصلي والعنابي±±± وسمع من العماد بن السيرجي وابن النجم وابن أم	無視してよい。記号を取り除いた語がそのまま正しい読み。
AIND-D00675	DOLLAR3_STUB	処理済みの転送見出し（$$$）が同じブロックに同居	◎	###$257941308831$# $$$	وثلاثين ودفن بحوش سعيد السعداء رحمه الله . ###$257941308831$# $$$ أحمد بن حسن البطائحي . مضى فيمن جده محمد بن	処理済みなので作業不要。ブロック先頭の項だけ作業すればよい。
AIND-D00680	DOLLAR3_STUB	処理済みの転送見出し（$$$）が同じブロックに同居	◎	###$396051350955$# $$$	تابة على ابن سعد الدين وغيره وحج غير مرة . ###$396051350955$# $$$ أحمد بن الحسن العباسي الحنبلي . مضى فيمن جده	処理済みなので作業不要。ブロック先頭の項だけ作業すればよい。
AIND-D00684	PLUSMIN	語末に付く注記マーカー（語を分断しない）	◎	±±±	ن نحو سبعين سنة وكان بسبب تجرئه ينسب إلى نففن±±± ورد ما نسب إليه من التشيع وأنه كان من خيار ا	無視してよい。記号を取り除いた語がそのまま正しい読み。
AIND-D00696	DOLLAR3_STUB	処理済みの転送見出し（$$$）が同じブロックに同居	◎	###$154870482376$# $$$	آن بطيبة على خير وانجماع وتقلل ونعم الرجل . ###$154870482376$# $$$ أحمد بن حسين بن محمد بن سليمان بن محمد البظا	処理済みなので作業不要。ブロック先頭の項だけ作業すればよい。
AIND-D00699	DOLLAR3_STUB	処理済みの転送見出し（$$$）が同じブロックに同居	◎	###$763816314319$# $$$	وقد %~% رحمه الله . وذكره ابن فهد مطولا . ###$763816314319$# $$$ أحمد بن حسين بن محمد . في أحمد القزويني من آ	処理済みなので作業不要。ブロック先頭の項だけ作業すればよい。
AIND-D00732	DOLLAR3_STUB	処理済みの転送見出し（$$$）が同じブロックに同居	◎	###$216648386078$# $$$	زهري الماضي . مات في فتنة التتار سنة ثلاث . ###$216648386078$# $$$ أحمد بن رسلان . هو ابن الحسين بن الحسن بن عل	処理済みなので作業不要。ブロック先頭の項だけ作業すればよい。
AIND-D00737	DOLLAR3_STUB	処理済みの転送見出し（$$$）が同じブロックに同居	◎	###$871152748077$# $$$	لله الحسناوي وله ذكر في أبي الفضل البجائي . ###$871152748077$# $$$ أحمد بن الزين الوالي . يأتي في ابن عمر .	処理済みなので作業不要。ブロック先頭の項だけ作業すればよい。
AIND-D00744a	DOLLAR3_STUB	処理済みの転送見出し（$$$）が同じブロックに同居	◎	###$969328821822$# $$$	أحمد بن سعد الدين . في بدلاي ###$969328821822$# $$$ أحمد بن أبي السعود . في ابن إسماعيل بن إبراه	処理済みなので作業不要。ブロック先頭の項だけ作業すればよい。
AIND-D00763	DOLLAR3_STUB	処理済みの転送見出し（$$$）が同じブロックに同居	◎	###$835245311589$# $$$	ي وهذا لو صح لم يكن بقادح فيه والله حسيبه . ###$835245311589$# $$$ أحمد بن سليمان الهندي . يأتي في مكي .	処理済みなので作業不要。ブロック先頭の項だけ作業すればよい。
AIND-D00769	DOLLAR3_STUB	処理済みの転送見出し（$$$）が同じブロックに同居	◎	###$746418341488$# $$$	وكان مع فضيلته صالحا رحمه الله ونفعنا به . ###$746418341488$# $$$ أحمد بن الشريفة . هو ابن محمد بن محمد بن يعق	処理済みなので作業不要。ブロック先頭の項だけ作業すればよい。
AIND-D00772	DOLLAR3_STUB	処理済みの転送見出し（$$$）が同じブロックに同居	◎	###$215595615862$# $$$	في المحرم سنة إحدى . ذكره شيخنا في أنبائه . ###$215595615862$# $$$ أحمد بن شعيب . في ابن محمد بن شعيب . يأتي .	処理済みなので作業不要。ブロック先頭の項だけ作業すればよい。
AIND-D00772	DOLLAR3_STUB	処理済みの転送見出し（$$$）が同じブロックに同居	◎	###$419870803575$# $$$	أحمد بن شعيب . في ابن محمد بن شعيب . يأتي . ###$419870803575$# $$$ أحمد بن سكر ويدعى بدير يأتي في الموحدة .	処理済みなので作業不要。ブロック先頭の項だけ作業すればよい。
AIND-D00777	DOLLAR3_STUB	処理済みの転送見出し（$$$）が同じブロックに同居	◎	###$347867186818$# $$$	على نسخة معه بالمنهاج إجازة وهو شيخ مبارك . ###$347867186818$# $$$ أحمد بن صالح بن تاج الدين الشهاب المحلى خطيب	処理済みなので作業不要。ブロック先頭の項だけ作業すればよい。
AIND-D00780	DOLLAR3_STUB	処理済みの転送見出し（$$$）が同じブロックに同居	◎	###$499231229578$# $$$	ه وسمع مني بمكة ثم سافر إلى مندوه للمعيشة . ###$499231229578$# $$$ أحمد بن صالح بن محمد بن محمد بن أبي السفاح .	処理済みなので作業不要。ブロック先頭の項だけ作業すればよい。
AIND-D00781	PLUSMIN	語末に付く注記マーカー（語を分断しない）	◎	±±±	وذكر لي ولده وهو من النجباء أن مولد والده ومض±±± ، وقال غيره أنه جاز الثمانين رحمه الله . ##	無視してよい。記号を取り除いた語がそのまま正しい読み。
AIND-D00781	DOLLAR3_STUB	処理済みの転送見出し（$$$）が同じブロックに同居	◎	###$870594905740$# $$$	±± ، وقال غيره أنه جاز الثمانين رحمه الله . ###$870594905740$# $$$ أحمد بن صالح الشاعر . هو ابن محمد بن صالح يأ	処理済みなので作業不要。ブロック先頭の項だけ作業すればよい。
AIND-D00781	DOLLAR3_STUB	処理済みの転送見出し（$$$）が同じブロックに同居	◎	###$173421889173$# $$$	بن صالح الشاعر . هو ابن محمد بن صالح يأتي . ###$173421889173$# $$$ أحمد بن ططر . كذا رأيته بهامش نسختي من الأنب	処理済みなので作業不要。ブロック先頭の項だけ作業すればよい。
AIND-D00781	DOLLAR3_STUB	処理済みの転送見出し（$$$）が同じブロックに同居	◎	###$170896918159$# $$$	د بن ططر . كذا رأيته بهامش نسختي من الأنباء ###$170896918159$# $$$ أحمد بن صحصاح بمهملات يأتي في ابن محمد بن مح	処理済みなので作業不要。ブロック先頭の項だけ作業すればよい。
AIND-D00784	DOLLAR3_STUB	処理済みの転送見出し（$$$）が同じブロックに同居	◎	###$611508553362$# $$$	. ذكره شيخنا في أنبائه والمقريزي في عقوده . ###$611508553362$# $$$ أحمد بن الصلاح هو بن محمد بن محمد بن عثمان ب	処理済みなので作業不要。ブロック先頭の項だけ作業すればよい。
AIND-D00792	DOLLAR3_STUB	処理済みの転送見出し（$$$）が同じブロックに同居	◎	###$562506499749$# $$$	سبط الزبيري في الاكتفاء للكلاعي سنة عشرين . ###$562506499749$# $$$ أحمد بن عاشر . هو ابن قاسم بن أحمد . يأتي .	処理済みなので作業不要。ブロック先頭の項だけ作業すればよい。
AIND-D00797	DOLLAR3_STUB	処理済みの転送見出し（$$$）が同じブロックに同居	◎	###$496542680747$# $$$	ين أرخه سنة سبع وخمسين رحمه الله وعفا عنه . ###$496542680747$# $$$ أحمد بن عبادة . يأتي في ابن محمد بن محمد بن	処理済みなので作業不要。ブロック先頭の項だけ作業すればよい。
AIND-D00803	DOLLAR3_STUB	処理済みの転送見出し（$$$）が同じブロックに同居	◎	###$101560878769$# $$$	يوخه . ذكره التقي بن فهد في معجمه ولم يزد . ###$101560878769$# $$$ أحمد بن عبد الحميد المالكي . في ابن يوسف بن	処理済みなので作業不要。ブロック先頭の項だけ作業すればよい。
AIND-D00810	PLUSMIN	語末に付く注記マーカー（語を分断しない）	◎	±±±	قاق ابن الجوخي أخبرتنا به زينب ابنة مكي بمندة±±± ، قال ابن ناصر الدين وكان والده من الثقات ،	無視してよい。記号を取り除いた語がそのまま正しい読み。
AIND-D00821	PLUSMIN	語末に付く注記マーカー（語を分断しない）	◎	±±±	ك في بيت ابن البارزي وشيخنا ابن خضر والفرباني±±± بل وحضر دروسه الشهاب بن المجدي وتنزل في صوفي	無視してよい。記号を取り除いた語がそのまま正しい読み。
AIND-D00824	DOLLAR3_STUB	処理済みの転送見出し（$$$）が同じブロックに同居	◎	###$282549290706$# $$$	لثلاثاء في جمادى الثانية سنة ثلاث وأربعين . ###$282549290706$# $$$ أحمد بن عبد الرحمن بن عبد الناصر الزبيري . ي	処理済みなので作業不要。ブロック先頭の項だけ作業すればよい。
AIND-D00833	DOLLAR3_STUB	処理済みの転送見出し（$$$）が同じブロックに同居	◎	###$679129122529$# $$$	فكانت المنية سنة ثلاث وسبعين عفا الله عنه . ###$679129122529$# $$$ أحمد بن عبد الرحمن بن الشيخ محمد بن حسن أبو	処理済みなので作業不要。ブロック先頭の項だけ作業すればよい。
AIND-D00840	DOLLAR3_STUB	処理済みの転送見出し（$$$）が同じブロックに同居	◎	###$100038346482$# $$$	الناظر الحنبلي . فيمن جده أحمد بن إسماعيل . ###$100038346482$# $$$ أحمد بن عبد الرحمن بن العلامة جمال الدين بن	処理済みなので作業不要。ブロック先頭の項だけ作業すればよい。
AIND-D00861	DOLLAR3_STUB	処理済みの転送見出し（$$$）が同じブロックに同居	◎	###$276308166441$# $$$	اسن وبسط في الكلام مدحا وقدحا كان الله له . ###$276308166441$# $$$ أحمد بن عبد العزيز الشيفكي ثم الشيرازي . مضى	処理済みなので作業不要。ブロック先頭の項だけ作業すればよい。
AIND-D00863	DOLLAR3_STUB	処理済みの転送見出し（$$$）が同じブロックに同居	◎	###$986428999469$# $$$	ة سبع وخمسين ونقل فدفن بمدفنهم من المدرسة . ###$986428999469$# $$$ أحمد بن عبد القادر بن إبراهيم الصدر أبو البر	処理済みなので作業不要。ブロック先頭の項だけ作業すればよい。
AIND-D00878	PLUSMIN	語末に付く注記マーカー（語を分断しない）	◎	±±±	اللطيف بن علي الشريف الشهاب بن الكمال المحرنق±±± . مات في يوم الجمعة ثالث عشر ربيع الأول سنة	無視してよい。記号を取り除いた語がそのまま正しい読み。
AIND-D00882	DOLLAR3_STUB	処理済みの転送見出し（$$$）が同じブロックに同居	◎	###$569309661013$# $$$	الضياء وحدث سمع منه ابن فهد وغيره . ومات . ###$569309661013$# $$$ أحمد بن عبد الله بن أحمد بن عبد الله الشهاب	処理済みなので作業不要。ブロック先頭の項だけ作業すればよい。
AIND-D00883	DOLLAR3_STUB	処理済みの転送見出し（$$$）が同じブロックに同居	◎	###$938148366159$# $$$	ربيع الأول سنة ست وعشرين بعد ضعف شديد مدة . ###$938148366159$# $$$ أحمد بن عبد الله بن أحمد اليرتقي . في ابن مح	処理済みなので作業不要。ブロック先頭の項だけ作業すればよい。
AIND-D00901	PLUSMIN	語末に付く注記マーカー（語を分断しない）	◎	±±±	يد على تلميذ ابن المجدي وفي الأصول عن الإمامي±±± وسمع على شيخنا النسائي الكبير أو جله وتميز ف	無視してよい。記号を取り除いた語がそのまま正しい読み。
AIND-D00925	DOLLAR3_STUB	処理済みの転送見出し（$$$）が同じブロックに同居	◎	###$241046652863$# $$$	بالشهادة تركها تورعا مات سنة سبع وعشرين . ###$241046652863$# $$$ أحمد بن عبد الله الشهاب البوصيري فيمن جده حس	処理済みなので作業不要。ブロック先頭の項だけ作業すればよい。
AIND-D00931	DOLLAR3_STUB	処理済みの転送見出し（$$$）が同じブロックに同居	◎	###$344994088904$# $$$	ن سنة بالطاعون في رمضان سنة تسع بالقاهرة . ###$344994088904$# $$$ أحمد بن عبد الله شهاب الدين القزويني . مضى ف	処理済みなので作業不要。ブロック先頭の項だけ作業すればよい。
AIND-D00931	DOLLAR3_STUB	処理済みの転送見出し（$$$）が同じブロックに同居	◎	###$810326951878$# $$$	جده أحمد بن محمد بن محمد بن محمد بن يوسف . ###$810326951878$# $$$ أحمد بن عبد الله الشهاب القلقشندي ، مضى فيمن	処理済みなので作業不要。ブロック先頭の項だけ作業すればよい。
AIND-D00943	PLUSMIN	語末に付く注記マーカー（語を分断しない）	◎	±±±	وأمانة الزيت والشمع قليلا ولم يحمد في انتمائه±±± وكان على ذهنه قليل من الحكايات المضحكة يحكيه	無視してよい。記号を取り除いた語がそのまま正しい読み。
AIND-D00944	DOLLAR3_STUB	処理済みの転送見出し（$$$）が同じブロックに同居	◎	###$293706139612$# $$$	ثم عاد فمات في جمادى الأولى سنة تسع عشرة . ###$293706139612$# $$$ أحمد بن عبد الله الزهوري . مضى في أحمد بن أح	処理済みなので作業不要。ブロック先頭の項だけ作業すればよい。
AIND-D00946	DOLLAR3_STUB	処理済みの転送見出し（$$$）が同じブロックに同居	◎	###$803435710433$# $$$	يحب السنة والآثار . مات في المحرم سنة خمس . ###$803435710433$# $$$ أحمد بن عبد الله القوصي . مضى في الملقبين شه	処理済みなので作業不要。ブロック先頭の項だけ作業すればよい。
AIND-D00946	DOLLAR3_STUB	処理済みの転送見出し（$$$）が同じブロックに同居	◎	###$669918431204$# $$$	القوصي . مضى في الملقبين شهاب الدين قريبا . ###$669918431204$# $$$ أحمد بن أبي عبد الله بن أبي العباس بن عبد ال	処理済みなので作業不要。ブロック先頭の項だけ作業すればよい。
AIND-D00955	DOLLAR3_STUB	処理済みの転送見出し（$$$）が同じブロックに同居	◎	###$512757860339$# $$$	ه أن بقاءه أمن من الدجال رحمه الله وإيانا . ###$512757860339$# $$$ أحمد بن عبيد بن علي بن أحمد . مضى في ابن عبد	処理済みなので作業不要。ブロック先頭の項だけ作業すればよい。
AIND-D00955	DOLLAR3_STUB	処理済みの転送見出し（$$$）が同じブロックに同居	◎	###$867608561653$# $$$	مد . مضى في ابن عبد الرحمن بن علي بن أحمد . ###$867608561653$# $$$ أحمد بن عبيد بن محمد بن أحمد . في ابن عبيد ا	処理済みなので作業不要。ブロック先頭の項だけ作業すればよい。
AIND-D00966	DOLLAR3_STUB	処理済みの転送見出し（$$$）が同じブロックに同居	◎	###$650154870807$# $$$	ج أمي بكرا ولم يلبث أن مات فاتصلت بالوالد . ###$650154870807$# $$$ أحمد بن عربشاه . في ابن محمد بن عبد الله بن	処理済みなので作業不要。ブロック先頭の項だけ作業すればよい。
AIND-D00976	DOLLAR3_STUB	処理済みの転送見出し（$$$）が同じブロックに同居	◎	###$107793614886$# $$$	زاد على الأربعين بيسير رحمه الله وإيانا . ###$107793614886$# $$$ أحمد بن علي بن إبراهيم الحلبي ابن أخي الصوة.	処理済みなので作業不要。ブロック先頭の項だけ作業すればよい。
AIND-D00996	DOLLAR3_STUB	処理済みの転送見出し（$$$）が同じブロックに同居	◎	###$730542901333$# $$$	ذي القعدة سنة ثمان وأربعين . أرخه ابن فهد . ###$730542901333$# $$$ 37 أحمد بن علي بن أحمد النويري المالكي إمام	処理済みなので作業不要。ブロック先頭の項だけ作業すればよい。
AIND-D01016	DOLLAR3_STUB	処理済みの転送見出し（$$$）が同じブロックに同居	◎	###$381769746558$# $$$	ة ماملا عند القلقشندي رحمه الله وعفا عنه . ###$381769746558$# $$$ 57 أحمد بن علي بن أبي راجح . يأتي فيمن جده م	処理済みなので作業不要。ブロック先頭の項だけ作業すればよい。
AIND-D01022	DOLLAR3_STUB	処理済みの転送見出し（$$$）が同じブロックに同居	◎	###$156514650261$# $$$	من مسجد الراية وقف عليه الدار المتصلة به . ###$156514650261$# $$$ 63 أحمد بن علي بن الشيخ أبي العباس بن أبي ال	処理済みなので作業不要。ブロック先頭の項だけ作業すればよい。
AIND-D01042	DOLLAR3_STUB	処理済みの転送見出し（$$$）が同じブロックに同居	◎	###$476405827783$# $$$	سنة ثمان وأربعين وخلف من النقد شيئا كثيرا . ###$476405827783$# $$$ أحمد بن علي بن عيسى بن محمد بن عيسى الحسني	処理済みなので作業不要。ブロック先頭の項だけ作業すればよい。
AIND-D01046	DOLLAR3_STUB	処理済みの転送見出し（$$$）が同じブロックに同居	◎	###$598900476108$# $$$	ش الأنباء سوى هذا وقد أثنى عليه المقريزي . ###$598900476108$# $$$ أحمد بن علي بن قوام فيمن جده أبو بكر بن محمد	処理済みなので作業不要。ブロック先頭の項だけ作業すればよい。
AIND-D01101	IDEOSPACE	全角スペース（変換ノイズ）	◎	　	أحمد بن علي الشهاب السكندري المالكي . فيمن جده أحم	半角スペースとして扱う。
AIND-D01106	DOLLAR3_STUB	処理済みの転送見出し（$$$）が同じブロックに同居	◎	###$794212436316$# $$$	علي أحد قراء الجوق . فيمن جده علي بن محمد . ###$794212436316$# $$$ أحمد بن الشيخ علي أخو نائب صفد . مضى قريبا ف	処理済みなので作業不要。ブロック先頭の項だけ作業すればよい。
AIND-D01106	DOLLAR3_STUB	処理済みの転送見出し（$$$）が同じブロックに同居	◎	###$642965834075$# $$$	ئب صفد . مضى قريبا في الملقبين شهاب الدين . ###$642965834075$# $$$ أحمد بن علي . صوابه محمد بن سند وسيأتي .	処理済みなので作業不要。ブロック先頭の項だけ作業すればよい。
AIND-D01155	DOLLAR3_STUB	処理済みの転送見出し（$$$）が同じブロックに同居	◎	###$748020566455$# $$$	ر وحدث وروى أجاز لنا . قاله ابن أبي عذيبة . ###$748020566455$# $$$ أحمد بن عيسى السنباطي الحنبلي . في ابن محمد	処理済みなので作業不要。ブロック先頭の項だけ作業すればよい。
AIND-D01159	DOLLAR3_STUB	処理済みの転送見出し（$$$）が同じブロックに同居	◎	###$128022743485$# $$$	ه وسمع على القاضي عبد القادر وباشر الأذان . ###$128022743485$# $$$ أحمد بن أبي الفتح العثماني . يأتي في ابن محم	処理済みなので作業不要。ブロック先頭の項だけ作業すればよい。
AIND-D01159	DOLLAR3_STUB	処理済みの転送見出し（$$$）が同じブロックに同居	◎	###$620056545725$# $$$	بن أبي الفتح العثماني . يأتي في ابن محمد . ###$620056545725$# $$$ أحمد بن أبي الفضل بن ظهيرة . في ابن محمد بن	処理済みなので作業不要。ブロック先頭の項だけ作業すればよい。
AIND-D01162	DOLLAR3_STUB	処理済みの転送見出し（$$$）が同じブロックに同居	◎	###$300945508801$# $$$	مى فيعود في نعمائه %~% مات سنة بضع وستين . ###$300945508801$# $$$ أحمد بن أبي القسم بن عبد الرحمن بن محمد بن ع	処理済みなので作業不要。ブロック先頭の項だけ作業すればよい。
AIND-D01162	DOLLAR3_STUB	処理済みの転送見出し（$$$）が同じブロックに同居	◎	###$853494729155$# $$$	بي الخلوف . يأتي فيمن اسم أبيه محمد قريبا . ###$853494729155$# $$$ أحمد بن أبي القسم بن محمد بن أحمد المحب النو	処理済みなので作業不要。ブロック先頭の項だけ作業すればよい。
AIND-D01169	DOLLAR3_STUB	処理済みの転送見出し（$$$）が同じブロックに同居	◎	###$514225867210$# $$$	ن أبي القسم القسنطيني . ذكره ابن عزم أيضا . ###$514225867210$# $$$ أحمد بن قرطاي . مضى في ابن علي بن قرطاي .	処理済みなので作業不要。ブロック先頭の項だけ作業すればよい。
AIND-D01192	DOLLAR3_STUB	処理済みの転送見出し（$$$）が同じブロックに同居	◎	###$477160802822$# $$$	مياه زريقة %~% وهل يبدون لي مسجد ورسول %~% ###$477160802822$# $$$ أحمد بن محمد الطيب بن أحمد بن أبي بكر بن علي	処理済みなので作業不要。ブロック先頭の項だけ作業すればよい。
AIND-D01210	DOLLAR3_STUB	処理済みの転送見出し（$$$）が同じブロックに同居	◎	###$678990711325$# $$$	سمع على النشاوي والديمي وغيرهما وأجزت له . ###$678990711325$# $$$ أحمد بن محمد بن أحمد بن علي بن عبد الرحمن ال	処理済みなので作業不要。ブロック先頭の項だけ作業すればよい。
AIND-D01233	DOLLAR3_STUB	処理済みの転送見出し（$$$）が同じブロックに同居	◎	###$404532234815$# $$$	بعين وأظنه دخل في سن الكهولة عفا الله عنه . ###$404532234815$# $$$ أحمد بن محمد بن أحمد بن محمد بن عبد الله الح	処理済みなので作業不要。ブロック先頭の項だけ作業すればよい。
AIND-D01237	DOLLAR3_STUB	処理済みの転送見出し（$$$）が同じブロックに同居	◎	###$373951564355$# $$$	صلاة عليه ونعم الرجل كان رحمه الله وإيانا . ###$373951564355$# $$$ أحمد بن محمد بن أحمد بن محمد بن عمر بن رضوان	処理済みなので作業不要。ブロック先頭の項だけ作業すればよい。
AIND-D01249	DOLLAR3_STUB	処理済みの転送見出し（$$$）が同じブロックに同居	◎	###$201251097190$# $$$	ى فيمن جد أبيه محمد بن عبد المعطي بن أحمد . ###$201251097190$# $$$ أحمد بن محمد بن أحمد بن محمد الدمشقي العوريف	処理済みなので作業不要。ブロック先頭の項だけ作業すればよい。
AIND-D01252	DOLLAR3_STUB	処理済みの転送見出し（$$$）が同じブロックに同居	◎	###$450875099765$# $$$	سع وخمسين ونعم الرجل كان رحمه الله وإيانا . ###$450875099765$# $$$ أحمد بن محمد بن أحمد بن يوسف بن إسماعيل بن ع	処理済みなので作業不要。ブロック先頭の項だけ作業すればよい。
AIND-D01257	DOLLAR3_STUB	処理済みの転送見出し（$$$）が同じブロックに同居	◎	###$349641378427$# $$$	نه الفضلاء كابن فهد ، ومات قبل دخول الشام . ###$349641378427$# $$$ أحمد بن محمد بن أحمد الشهاب القسطلاني المكي	処理済みなので作業不要。ブロック先頭の項だけ作業すればよい。
AIND-D01259	DOLLAR3_STUB	処理済みの転送見出し（$$$）が同じブロックに同居	◎	###$882552867450$# $$$	، باشر النقابة عند الكمال بن العديم وولده . ###$882552867450$# $$$ أحمد بن محمد بن أحمد بن السيف الحنبلي . مضى	処理済みなので作業不要。ブロック先頭の項だけ作業すればよい。
AIND-D01277	DOLLAR3_STUB	処理済みの転送見出し（$$$）が同じブロックに同居	◎	###$255567334052$# $$$	الخطيب بمنية سمنود . ممن أخذ عني بالقاهرة . ###$255567334052$# $$$ أحمد بن محمد بن أحمد الهدوي . مضى قريبا فيمن	処理済みなので作業不要。ブロック先頭の項だけ作業すればよい。
AIND-D01291	DOLLAR3_STUB	処理済みの転送見出し（$$$）が同じブロックに同居	◎	###$536820583101$# $$$	رقم شهادته بخطه الحسن فلعله قرأ على التاج . ###$536820583101$# $$$ أحمد بن محمد بن أبي بكر بن سعد الله الواسطي	処理済みなので作業不要。ブロック先頭の項だけ作業すればよい。
AIND-D01317	DOLLAR3_STUB	処理済みの転送見出し（$$$）が同じブロックに同居	◎	###$365604899567$# $$$	لأربعاء سابع رجب سنة أربع وسبعين رحمه الله . ###$365604899567$# $$$ أحمد بن محمد بن حسين النصيبي . مضى بدون محمد	処理済みなので作業不要。ブロック先頭の項だけ作業すればよい。
AIND-D01321	DOLLAR3_STUB	処理済みの転送見出し（$$$）が同じブロックに同居	◎	###$828031109879$# $$$	سنة خمس وكان شابا جميل الصورة شجاعا باسلا . ###$828031109879$# $$$ أحمد بن محمد بن رمضان الحجازي . في أحمد بن م	処理済みなので作業不要。ブロック先頭の項だけ作業すればよい。
AIND-D01322	DOLLAR3_STUB	処理済みの転送見出し（$$$）が同じブロックに同居	◎	###$125732653820$# $$$	يسم آباؤهم وأنه عمر ومات سنة اثنتين وستين . ###$125732653820$# $$$ أحمد بن محمد بن سالم بن محمد بن قاسم . هو شم	処理済みなので作業不要。ブロック先頭の項だけ作業すればよい。
AIND-D01334	DOLLAR3_STUB	処理済みの転送見出し（$$$）が同じブロックに同居	◎	###$974265518864$# $$$	رضوان فاستجزناه لذلك . مات في حدود الستين . ###$974265518864$# $$$ أحمد بن محمد بن صلاح . هو ابن محمد بن محمد ب	処理済みなので作業不要。ブロック先頭の項だけ作業すればよい。
AIND-D01351	DOLLAR3_STUB	処理済みの転送見出し（$$$）が同じブロックに同居	◎	###$100306783028$# $$$	أثنى علي نظما ونثرا بما أثبته في مكان آخر . ###$100306783028$# $$$ أحمد بن محمد بن عبد الرحمن بن القرداح . يأتي	処理済みなので作業不要。ブロック先頭の項だけ作業すればよい。
AIND-D01354	DOLLAR3_STUB	処理済みの転送見出し（$$$）が同じブロックに同居	◎	###$317454289724$# $$$	مجلس الذي عملته في ختمه وتمسح على طريقتهم . ###$317454289724$# $$$ أحمد بن محمد بن عبد الرحيم الجرهي . هو نعمة	処理済みなので作業不要。ブロック先頭の項だけ作業すればよい。
AIND-D01369	DOLLAR3_STUB	処理済みの転送見出し（$$$）が同じブロックに同居	◎	###$743046122342$# $$$	خلف مالا جزيلا رحمه الله وعفا عنه وإيانا . ###$743046122342$# $$$ أحمد بن محمد بن عبد الله بن حمام . مضى فيمن	処理済みなので作業不要。ブロック先頭の項だけ作業すればよい。
AIND-D01381	DOLLAR3_STUB	処理済みの転送見出し（$$$）が同じブロックに同居	◎	###$257354107783$# $$$	للناس فيه اعتقاد ودرس وخطب مدة رحمه الله . ###$257354107783$# $$$ أحمد بن محمد بن عبد الله الشهاب بن الناصح .	処理済みなので作業不要。ブロック先頭の項だけ作業すればよい。
AIND-D01388	DOLLAR3_STUB	処理済みの転送見出し（$$$）が同じブロックに同居	◎	###$774708923281$# $$$	نمائة وهو سقيم جدا مع نقله من خط صحيح جدا . ###$774708923281$# $$$ أحمد ابن محمد بن عبد المهيمن كذا رأيته في نس	処理済みなので作業不要。ブロック先頭の項だけ作業すればよい。
AIND-D01399	DOLLAR3_STUB	処理済みの転送見出し（$$$）が同じブロックに同居	◎	###$114965875604$# $$$	بجده . مات بمكة في شعبان سنة سبع وسبعين . ###$114965875604$# $$$ أحمد بن محمد بن عثمان المزملاتي . في من جده	処理済みなので作業不要。ブロック先頭の項だけ作業すればよい。
AIND-D01409	DOLLAR3_STUB	処理済みの転送見出し（$$$）が同じブロックに同居	◎	###$101904812982$# $$$	يد ثم وقف عليه أهل الخير رحمه الله وإيانا . ###$101904812982$# $$$ أحمد بن محمد بن علي بن تقي . فيمن جده أحمد ب	処理済みなので作業不要。ブロック先頭の項だけ作業すればよい。
AIND-D01415	DOLLAR3_STUB	処理済みの転送見出し（$$$）が同じブロックに同居	◎	###$720224914379$# $$$	امع والألفية وعرض الأول بالشامية البرانية . ###$720224914379$# $$$ أحمد بن محمد بن علي بن شعبان . يأتي بإثبات م	処理済みなので作業不要。ブロック先頭の項だけ作業すればよい。
AIND-D01415	DOLLAR3_STUB	処理済みの転送見出し（$$$）が同じブロックに同居	◎	###$760137911243$# $$$	علي بن شعبان . يأتي بإثبات محمد قبل شعبان . ###$760137911243$# $$$ أحمد بن محمد بن علي بن عبد الله بن علي الشها	処理済みなので作業不要。ブロック先頭の項だけ作業すればよい。
AIND-D01447	DOLLAR3_STUB	処理済みの転送見出し（$$$）が同じブロックに同居	◎	###$386148600866$# $$$	ن ينطوي على خير ودين . قاله الفاسي في مكة . ###$386148600866$# $$$ أحمد بن محمد بن عماد صوابه ابن أبي بكر بن مح	処理済みなので作業不要。ブロック先頭の項だけ作業すればよい。
AIND-D01447	DOLLAR3_STUB	処理済みの転送見出し（$$$）が同じブロックに同居	◎	###$810826075170$# $$$	حمد بن عماد الشهاب الحموي الحنبلي وقد مضى . ###$810826075170$# $$$ 452 أحمد بن محمد بن عمر بن أبي بكر بن عبد ال	処理済みなので作業不要。ブロック先頭の項だけ作業すればよい。
AIND-D01468	DOLLAR3_STUB	処理済みの転送見出し（$$$）が同じブロックに同居	◎	###$723559386188$# $$$	حمد بن الفخر عبد الغني صاحب الفخرية الآتي . ###$723559386188$# $$$ أحمد بن محمد بن الفلاح . يأتي قريبا في ابن م	処理済みなので作業不要。ブロック先頭の項だけ作業すればよい。
AIND-D01470	DOLLAR3_STUB	処理済みの転送見出し（$$$）が同じブロックに同居	◎	###$595326930005$# $$$	في سنة سبع وثلاثين وهو ابن أربع عشرة سنة . ###$595326930005$# $$$ أحمد بن محمد بن فهيد المغيربي . يأتي فيمن لم	処理済みなので作業不要。ブロック先頭の項だけ作業すればよい。
AIND-D01477	DOLLAR3_STUB	処理済みの転送見出し（$$$）が同じブロックに同居	◎	###$658648337501$# $$$	ة . أفاده ابن فهد فيما استدركه على الفاسي . ###$658648337501$# $$$ أحمد بن محمد بن كميل . صوابه محمد بن أحمد بن	処理済みなので作業不要。ブロック先頭の項だけ作業すればよい。
AIND-D01492	DOLLAR3_STUB	処理済みの転送見出し（$$$）が同じブロックに同居	◎	###$906418457717$# $$$	سلطان في جامع القلعة حين يعرض للقاضي توعك . ###$906418457717$# $$$ أحمد بن محمد بن محمد بن أبي بكر بن عبية . يأ	処理済みなので作業不要。ブロック先頭の項だけ作業すればよい。
AIND-D01503	DOLLAR3_STUB	処理済みの転送見出し（$$$）が同じブロックに同居	◎	###$452682845328$# $$$	برتهم شرقي الروضة من سفح قاسيون رحمه الله . ###$452682845328$# $$$ أحمد بن محمد بن محمد بن عبدا لبر بن يحيى الس	処理済みなので作業不要。ブロック先頭の項だけ作業すればよい。
AIND-D01507	DOLLAR3_STUB	処理済みの転送見出し（$$$）が同じブロックに同居	◎	###$371636309144$# $$$	ركة في كثير من الفضائل وسلامة فطرة ومحاسن . ###$371636309144$# $$$ أحمد بن البدر محمد بن محمد بن عبد العزيز الم	処理済みなので作業不要。ブロック先頭の項だけ作業すればよい。
AIND-D01510	DOLLAR3_STUB	処理済みの転送見出し（$$$）が同じブロックに同居	◎	###$461713181864$# $$$	ته ورجع إلى بلدته وتكرر قدومه إلى القاهرة . ###$461713181864$# $$$ أحمد بن المحب محمد بن الجمال محمد بن عبد الل	処理済みなので作業不要。ブロック先頭の項だけ作業すればよい。
AIND-D01521	DOLLAR3_STUB	処理済みの転送見出し（$$$）が同じブロックに同居	◎	###$172004216011$# $$$	قريبا من سنة خمس وثمانين رحمه الله وإيانا . ###$172004216011$# $$$ أحمد بن محمد بن محمد بن أبي غانم بن الحبال .	処理済みなので作業不要。ブロック先頭の項だけ作業すればよい。
AIND-D01529	DOLLAR3_STUB	処理済みの転送見出し（$$$）が同じブロックに同居	◎	###$155445103836$# $$$	ي وابنة أخيه فاطمة ابنة أبي اليمن المراغي . ###$155445103836$# $$$ أحمد بن محمد بن محمد بن أبي الخير محمد بن مح	処理済みなので作業不要。ブロック先頭の項だけ作業すればよい。
AIND-D01529	DOLLAR3_STUB	処理済みの転送見出し（$$$）が同じブロックに同居	◎	###$459557309662$# $$$	كر بن فهد وهو بكنيته أشهر . يأتي في الكنى . ###$459557309662$# $$$ أحمد بن محمد بن محمد بن محمد بن محمد ابن علي	処理済みなので作業不要。ブロック先頭の項だけ作業すればよい。
AIND-D01545	DOLLAR3_STUB	処理済みの転送見出し（$$$）が同じブロックに同居	◎	###$336580316407$# $$$	ستفدته من تذكرة شيخنا ولم يذكره في تاريخه . ###$336580316407$# $$$ أحمد بن محمد بن محمد بن محمد بن المولي . في	処理済みなので作業不要。ブロック先頭の項だけ作業すればよい。
AIND-D01549	DOLLAR3_STUB	処理済みの転送見出し（$$$）が同じブロックに同居	◎	###$635529334014$# $$$	نه في ذلك العجائب مع الدين والصلاح والزهد . ###$635529334014$# $$$ أحمد بن محمد بن محمد الشهاب الأموي المالكي .	処理済みなので作業不要。ブロック先頭の項だけ作業すればよい。
AIND-D01554	DOLLAR3_STUB	処理済みの転送見出し（$$$）が同じブロックに同居	◎	###$327793249546$# $$$	أخير من الصحيح وأجاز ومات قريب الستين ظنا . ###$327793249546$# $$$ أحمد بن محمد بن محمد الأبدي . فيمن جده محمد	処理済みなので作業不要。ブロック先頭の項だけ作業すればよい。
AIND-D01566	DOLLAR3_STUB	処理済みの転送見出し（$$$）が同じブロックに同居	◎	###$159706516776$# $$$	فة جيدة ويشارك في غيره وقدم القاهرة مرارا . ###$159706516776$# $$$ أحمد بن محمد بن منصور الأشموني . في ابن منصو	処理済みなので作業不要。ブロック先頭の項だけ作業すればよい。
AIND-D01594	DOLLAR3_STUB	処理済みの転送見出し（$$$）が同じブロックに同居	◎	###$148570639715$# $$$	رأ الصحيح على ابن ناصر الدين عفا الله عنه . ###$148570639715$# $$$ 587 أحمد بن محمد الشهاب بن الشمس بن المغيربي	処理済みなので作業不要。ブロック先頭の項だけ作業すればよい。
AIND-D01608	DOLLAR3_STUB	処理済みの転送見出し（$$$）が同じブロックに同居	◎	###$445049212286$# $$$	انون حسن المحاضرة . قاله شيخنا في أنبائه . ###$445049212286$# $$$ أحمد بن محمد الشهاب الحلبي ثم الدمشقي قاضي ك	処理済みなので作業不要。ブロック先頭の項だけ作業すればよい。
AIND-D01617	DOLLAR3_STUB	処理済みの転送見出し（$$$）が同じブロックに同居	◎	###$100176760209$# $$$	ب الواسطي المناوي . ممن أخذ عني بالقاهرة . ###$100176760209$# $$$ أحمد بن محمد الشهاب الواسطي الاصم : مضى فيمن	処理済みなので作業不要。ブロック先頭の項だけ作業すればよい。
AIND-D01619	DOLLAR3_STUB	処理済みの転送見出し（$$$）が同じブロックに同居	◎	###$514473332117$# $$$	جيدا . مات في جمادى الأولى سنة إحدى عشرة . ###$514473332117$# $$$ أحمد بن محمد النجم والشهاب البامي . مضى فيمن	処理済みなので作業不要。ブロック先頭の項だけ作業すればよい。
AIND-D01619	DOLLAR3_STUB	処理済みの転送見出し（$$$）が同じブロックに同居	◎	###$195421015449$# $$$	حمد بن محمد النجم والشهاب البامي . مضى فيمن ###$195421015449$# $$$ أحمد بن محمد أبو طاهر الخجندي . مضى في ابن م	処理済みなので作業不要。ブロック先頭の項だけ作業すればよい。
AIND-D01622	DOLLAR3_STUB	処理済みの転送見出し（$$$）が同じブロックに同居	◎	###$159798791582$# $$$	عري اليماني . ولد سنة تسع وخمسين وسبعمائة . ###$159798791582$# $$$ أحمد بن محمد البلقيني جماعة : ابن أبي بكر بن	処理済みなので作業不要。ブロック先頭の項だけ作業すればよい。
AIND-D01623	DOLLAR3_STUB	処理済みの転送見出し（$$$）が同じブロックに同居	◎	###$690155949472$# $$$	لال الكتب أبوه . مات بمكة في صفر سنة ستين . ###$690155949472$# $$$ أحمد بن محمد الحلبي قاضي كرك نوح . مضى في اب	処理済みなので作業不要。ブロック先頭の項だけ作業すればよい。
AIND-D01625	DOLLAR3_STUB	処理済みの転送見出し（$$$）が同じブロックに同居	◎	###$765447900580$# $$$	محمد التونسي الدهان الطبيب في بضع وأربعين . ###$765447900580$# $$$ أحمد بن محمد الذروي اثنان اسم جد أحدهما أبو	処理済みなので作業不要。ブロック先頭の項だけ作業すればよい。
AIND-D01625	DOLLAR3_STUB	処理済みの転送見出し（$$$）が同じブロックに同居	◎	###$744618986919$# $$$	ن علي بن يوسف والآخر أحمد بن علي بن أحمد . ###$744618986919$# $$$ أحمد بن محمد السنهوري المالكي . مضى فيمن يعر	処理済みなので作業不要。ブロック先頭の項だけ作業すればよい。
AIND-D01627	DOLLAR3_STUB	処理済みの転送見出し（$$$）が同じブロックに同居	◎	###$265713356287$# $$$	نه . ومات بعد السبعين وكان أبوه من الخيار . ###$265713356287$# $$$ أحمد بن موسى الشهاب بن الضياء الحنبلي . مضى	処理済みなので作業不要。ブロック先頭の項だけ作業すればよい。
AIND-D01627	DOLLAR3_STUB	処理済みの転送見出し（$$$）が同じブロックに同居	◎	###$845051596203$# $$$	أحمد بن موسى الشهاب بن الضياء الحنبلي . مضى ###$845051596203$# $$$ أحمد بن محمد الطنبذي الشافعي . كذا رأيته بخط	処理済みなので作業不要。ブロック先頭の項だけ作業すればよい。
AIND-D01627	DOLLAR3_STUB	処理済みの転送見出し（$$$）が同じブロックに同居	◎	###$786486529450$# $$$	أحمد ابن عمر بن محمد البدر الطنبذي الماضي . ###$786486529450$# $$$ أحمد بن محمد الطولوني . مضى في أحمد بن أحمد	処理済みなので作業不要。ブロック先頭の項だけ作業すればよい。
AIND-D01647	DOLLAR3_STUB	処理済みの転送見出し（$$$）が同じブロックに同居	◎	###$476649465329$# $$$	ولوني . مات في سنة تسع وخمسين قاله ابن عزم ###$476649465329$# $$$ أحمد بن مظفر بن أبي بكر . في ابن محمد بن أبي	処理済みなので作業不要。ブロック先頭の項だけ作業すればよい。
AIND-D01652	DOLLAR3_STUB	処理済みの転送見出し（$$$）が同じブロックに同居	◎	###$797131673040$# $$$	وني . مات سنة إحدى وثلاثين . قاله ابن عزم . ###$797131673040$# $$$ أحمد بن مكنون . في ابن محمد بن مكنون .	処理済みなので作業不要。ブロック先頭の項だけ作業すればよい。
AIND-D01659	DOLLAR3_STUB	処理済みの転送見出し（$$$）が同じブロックに同居	◎	###$682249686501$# $$$	وإقباله علي وغالب ما أثبته مما أعلمني به . ###$682249686501$# $$$ أحمد بن موسى بن أحمد بن عبد الرحمن الجبراوي	処理済みなので作業不要。ブロック先頭の項だけ作業すればよい。
AIND-D01668	DOLLAR3_STUB	処理済みの転送見出し（$$$）が同じブロックに同居	◎	###$246281145846$# $$$	ة . قلت وتأخر حتى أجاز في سنة سبع وثلاثين . ###$246281145846$# $$$ أحمد بن موسى بن محمد بن علي المنوفي ثم القاه	処理済みなので作業不要。ブロック先頭の項だけ作業すればよい。
AIND-D01672	DOLLAR3_STUB	処理済みの転送見出し（$$$）が同じブロックに同居	◎	###$399666843143$# $$$	كثيرا واستمر على النيابة والخطابة حتى مات . ###$399666843143$# $$$ أحمد بن موسى الأدكاوي المالكي . في ابن علي ب	処理済みなので作業不要。ブロック先頭の項だけ作業すればよい。
AIND-D01672	DOLLAR3_STUB	処理済みの転送見出し（$$$）が同じブロックに同居	◎	###$866018921992$# $$$	المالكي . في ابن علي بن موسى نسب هنا لجده . ###$866018921992$# $$$ أحمد بن موسى . في ابن أبي حمو .	処理済みなので作業不要。ブロック先頭の項だけ作業すればよい。
AIND-D01685	DOLLAR3_STUB	処理済みの転送見出し（$$$）が同じブロックに同居	◎	###$709730766379$# $$$	حمد بن يحيى بن أحمد ملك . فيمن لم يسم جده . ###$709730766379$# $$$ أحمد بن يحيى بن شاكر بن عبد الغني أبو البركا	処理済みなので作業不要。ブロック先頭の項だけ作業すればよい。
AIND-D01707	DOLLAR3_STUB	処理済みの転送見出し（$$$）が同じブロックに同居	◎	###$980225625693$# $$$	إنه لعلمه بعدم شيء زائد على هذا لم يزبره . ###$980225625693$# $$$ أحمد بن يوسف بن إسماعيل بن عثمان الشهاب الكو	処理済みなので作業不要。ブロック先頭の項だけ作業すればよい。
AIND-D01714	DOLLAR3_STUB	処理済みの転送見出し（$$$）が同じブロックに同居	◎	###$460157095534$# $$$	وتقشفا وتقنعا ممن اجتمع له الحفظ والذكاء . ###$460157095534$# $$$ أحمد بن يوسف بن علي بن محمد الشهاب الطريني .	処理済みなので作業不要。ブロック先頭の項だけ作業すればよい。
AIND-D01717	DOLLAR3_STUB	処理済みの転送見出し（$$$）が同じブロックに同居	◎	###$552498892400$# $$$	شق %~% وهو ممن قرض سيرة المؤيد لابن ناهض . ###$552498892400$# $$$ أحمد بن يوسف بن محمد البانياسي . سيأتي فيمن	処理済みなので作業不要。ブロック先頭の項だけ作業すればよい。
AIND-D01724	DOLLAR3_STUB	処理済みの転送見出し（$$$）が同じブロックに同居	◎	###$563064344195$# $$$	قسمي وصاحب خالي ولذا شهدا في أسجال عدالته . ###$563064344195$# $$$ أحمد بن يوسف الكوراني . مضى فيمن جده إسماعيل	処理済みなので作業不要。ブロック先頭の項だけ作業すればよい。
AIND-D01731	DOLLAR3_STUB	処理済みの転送見出し（$$$）が同じブロックに同居	◎	###$817356607120$# $$$	قال له ملك الكلام الفارسي والتركي والعربي . ###$817356607120$# $$$ أحمد بن السيد صفي الدين الأيجي مضى في ابن عب	処理済みなので作業不要。ブロック先頭の項だけ作業すればよい。
AIND-D01732	DOLLAR3_STUB	処理済みの転送見出し（$$$）が同じブロックに同居	◎	###$478800776852$# $$$	ر . ممن سمع مني بالحرمين أشياء ولا بأس به . ###$478800776852$# $$$ أحمد الشهاب أبو العباس بن الضياء الحنبلي . ف	処理済みなので作業不要。ブロック先頭の項だけ作業すればよい。
AIND-D01733	DOLLAR3_STUB	処理済みの転送見出し（$$$）が同じブロックに同居	◎	###$139036987030$# $$$	ل في مقتلة افتات بها نائبها في سنة اثنتين . ###$139036987030$# $$$ أحمد الشهاب بن أصيل . مضى في ابن محمد بن عثم	処理済みなので作業不要。ブロック先頭の項だけ作業すればよい。
AIND-D01739	DOLLAR3_STUB	処理済みの転送見出し（$$$）が同じブロックに同居	◎	###$198243782308$# $$$	ثالث شعبان سنة أربع وتسعين ودفن بالقرافة . ###$198243782308$# $$$ أحمد الأمير الشهاب بن الطبلاوي الوالي . مضى	処理済みなので作業不要。ブロック先頭の項だけ作業すればよい。
AIND-D01739	DOLLAR3_STUB	処理済みの転送見出し（$$$）が同じブロックに同居	◎	###$246851571371$# $$$	شهاب بن الطبلاوي الوالي . مضى في ابن محمد . ###$246851571371$# $$$ أحمد الشهاب بن الطولوني . في ابن محمد بن علي	処理済みなので作業不要。ブロック先頭の項だけ作業すればよい。
AIND-D01740	DOLLAR3_STUB	処理済みの転送見出し（$$$）が同じブロックに同居	◎	###$374274526892$# $$$	يحفظ القرآن ومات في المحرم سنة تسع وخمسين . ###$374274526892$# $$$ أحمد الشهاب بن المراحل . في ابن محمد بن أحمد	処理済みなので作業不要。ブロック先頭の項だけ作業すればよい。
AIND-D01742	DOLLAR3_STUB	処理済みの転送見出し（$$$）が同じブロックに同居	◎	###$836847537848$# $$$	بباب جيرون فمات في ساعته سنة ثلاث وتسعين . ###$836847537848$# $$$ أحمد الشهاب أبو البقاء الزبيري في ابن حسين ب	処理済みなので作業不要。ブロック先頭の項だけ作業すればよい。
AIND-D01742	DOLLAR3_STUB	処理済みの転送見出し（$$$）が同じブロックに同居	◎	###$599227633337$# $$$	هاب أبو البقاء الزبيري في ابن حسين بن علي . ###$599227633337$# $$$ أحمد الشهاب أبو العباس اللجائي المغربي الفاس	処理済みなので作業不要。ブロック先頭の項だけ作業すればよい。
AIND-D01742	DOLLAR3_STUB	処理済みの転送見出し（$$$）が同じブロックに同居	◎	###$687677116095$# $$$	المالكي ، مضى في ابن محمد بن عيسى بن علي . ###$687677116095$# $$$ أحمد الشهاب أبو العباس المغراوي المغربي . مم	処理済みなので作業不要。ブロック先頭の項だけ作業すればよい。
AIND-D01746	DOLLAR3_STUB	処理済みの転送見出し（$$$）が同じブロックに同居	◎	###$456155729605$# $$$	تاسع عشر شعبان سنة ثلاث وخمسين رحمه الله . ###$456155729605$# $$$ أحمد الشهاب الباريني المحلي الشافعي . ممن تف	処理済みなので作業不要。ブロック先頭の項だけ作業すればよい。
AIND-D01746	DOLLAR3_STUB	処理済みの転送見出し（$$$）が同じブロックに同居	◎	###$758674099910$# $$$	ن تفقه عليه بالمحلة المحب بن الإمام . مضى . ###$758674099910$# $$$ أحمد الشهاب البامي ، مضى في ابن محمد بن أحمد	処理済みなので作業不要。ブロック先頭の項だけ作業すればよい。
AIND-D01746	DOLLAR3_STUB	処理済みの転送見出し（$$$）が同じブロックに同居	◎	###$227473886922$# $$$	، مضى في ابن محمد بن أحمد بن محمد بن أحمد . ###$227473886922$# $$$ أحمد الشهاب البجائي الحميري . في ابن علي بن	処理済みなので作業不要。ブロック先頭の項だけ作業すればよい。
AIND-D01746	DOLLAR3_STUB	処理済みの転送見出し（$$$）が同じブロックに同居	◎	###$783160446668$# $$$	شهاب البجائي الحميري . في ابن علي بن موسى . ###$783160446668$# $$$ أحمد الشهاب البوتيجي . ممن سمع بمكة على التق	処理済みなので作業不要。ブロック先頭の項だけ作業すればよい。
AIND-D01751	DOLLAR3_STUB	処理済みの転送見出し（$$$）が同じブロックに同居	◎	###$235933798103$# $$$	رعا في الفرائض أخذها عنه التاج بن عرب شاه . ###$235933798103$# $$$ أحمد الشهاب الحميري . في البجائي وأنه ابن عل	処理済みなので作業不要。ブロック先頭の項だけ作業すればよい。
AIND-D01754	DOLLAR3_STUB	処理済みの転送見出し（$$$）が同じブロックに同居	◎	###$589454905059$# $$$	بن أحمد بن أحمد . الشريف الإسحاقي القرآن . ###$589454905059$# $$$ أحمد الشهاب السخاوي . مضى قريبا فيمن يعرف با	処理済みなので作業不要。ブロック先頭の項だけ作業すればよい。
AIND-D01756	DOLLAR3_STUB	処理済みの転送見出し（$$$）が同じブロックに同居	◎	###$596757188327$# $$$	أحمد الشهاب الأزهري الغزولي الماضي قريبا . ###$596757188327$# $$$ أحمد الشهاب الشارعي . مضى في ابن محمد .	処理済みなので作業不要。ブロック先頭の項だけ作業すればよい。
AIND-D01757	DOLLAR3_STUB	処理済みの転送見出し（$$$）が同じブロックに同居	◎	###$549969727218$# $$$	كتب عنه منه بمكة بعد التسعين العز بن فهد . ###$549969727218$# $$$ أحمد الشهاب الطوخي الحنبلي . في ابن عبد الله	処理済みなので作業不要。ブロック先頭の項だけ作業すればよい。
AIND-D01757	DOLLAR3_STUB	処理済みの転送見出し（$$$）が同じブロックに同居	◎	###$466788290294$# $$$	د الشهاب الطوخي الحنبلي . في ابن عبد الله . ###$466788290294$# $$$ أحمد الشهاب الطولوني كبير المهندسين في ابن أ	処理済みなので作業不要。ブロック先頭の項だけ作業すればよい。
AIND-D01757	DOLLAR3_STUB	処理済みの転送見出し（$$$）が同じブロックに同居	◎	###$743696240375$# $$$	بن أحمد بن محمد بن علي بن عبد الله بن علي . ###$743696240375$# $$$ أحمد الشهاب العدوي ، في ابن محمود بن عبد الس	処理済みなので作業不要。ブロック先頭の項だけ作業すればよい。
AIND-D01763	DOLLAR3_STUB	処理済みの転送見出し（$$$）が同じブロックに同居	◎	###$863061937920$# $$$	بمكة فتلا عليه لابن كثير ونافع وكان مقرئا . ###$863061937920$# $$$ أحمد الشهاب القمني المالكي في ابن محمد بن عل	処理済みなので作業不要。ブロック先頭の項だけ作業すればよい。
AIND-D01767	DOLLAR3_STUB	処理済みの転送見出し（$$$）が同じブロックに同居	◎	###$356083830538$# $$$	يونسا %~% مات تقريبا بعد سنة أربع وستين . ###$356083830538$# $$$ أحمد الشهاب المنيجي والد أبي القسم ، مضى في	処理済みなので作業不要。ブロック先頭の項だけ作業すればよい。
AIND-D01777	DOLLAR3_STUB	処理済みの転送見出し（$$$）が同じブロックに同居	◎	###$839531892518$# $$$	ه من يقرأ على طريقته قاله شيخنا في أنبائه . ###$839531892518$# $$$ أحمد بهاء الدين الحواري الدمشقي . مضى في ابن	処理済みなので作業不要。ブロック先頭の項だけ作業すればよい。
AIND-D01783	DOLLAR3_STUB	処理済みの転送見出し（$$$）が同じブロックに同居	◎	###$158544695090$# $$$	ائه وآله وخنق في ربيع الآخر سنة أربع عشرة . ###$158544695090$# $$$ أحمد بن الأكرم . هو أحمد المشرقي يأتي [= AIN	処理済みなので作業不要。ブロック先頭の項だけ作業すればよい。
AIND-D01789	DOLLAR3_STUB	処理済みの転送見出し（$$$）が同じブロックに同居	◎	###$402749656889$# $$$	رستان المنصوري . مات بمكة سنة خمس وثمانين . ###$402749656889$# $$$ أحمد بن العجيل . مضى في المكنيين بأبي العباس	処理済みなので作業不要。ブロック先頭の項だけ作業すればよい。
AIND-D01789	DOLLAR3_STUB	処理済みの転送見出し（$$$）が同じブロックに同居	◎	###$629032357700$# $$$	د بن العجيل . مضى في المكنيين بأبي العباس . ###$629032357700$# $$$ أحمد بن عروس ، مضى في المكنيين بأبي الطرار .	処理済みなので作業不要。ブロック先頭の項だけ作業すればよい。
AIND-D01789	DOLLAR3_STUB	処理済みの転送見出し（$$$）が同じブロックに同居	◎	###$946708942662$# $$$	حمد بن عروس ، مضى في المكنيين بأبي الطرار . ###$946708942662$# $$$ أحمد بن فريفر ، في المكنيين بأبي العباس . #	処理済みなので作業不要。ブロック先頭の項だけ作業すればよい。
AIND-D01789	DOLLAR3_STUB	処理済みの転送見出し（$$$）が同じブロックに同居	◎	###$404628705096$# $$$	$ أحمد بن فريفر ، في المكنيين بأبي العباس . ###$404628705096$# $$$ أحمد بن الكردي في ابن إبراهيم .	処理済みなので作業不要。ブロック先頭の項だけ作業すればよい。
AIND-D01791	DOLLAR3_STUB	処理済みの転送見出し（$$$）が同じブロックに同居	◎	###$113405595478$# $$$	وكان عبلا أخضر اللون ربعة مسرفا على نفسه . ###$113405595478$# $$$ أحمد الأقطع . يأتي في أحمد الدوادار قريبا .	処理済みなので作業不要。ブロック先頭の項だけ作業すればよい。
AIND-D01792	DOLLAR3_STUB	処理済みの転送見出し（$$$）が同じブロックに同居	◎	###$868581642078$# $$$	لمذهب وغيره في التحقيق أمكن وعربيته قليلة . ###$868581642078$# $$$ أحمد خازوق في الملقبين بشهاب الدين الحلبي .	処理済みなので作業不要。ブロック先頭の項だけ作業すればよい。
AIND-D01792	DOLLAR3_STUB	処理済みの転送見出し（$$$）が同じブロックに同居	◎	###$766060269407$# $$$	أحمد خازوق في الملقبين بشهاب الدين الحلبي . ###$766060269407$# $$$ أحمد ذويبة ، يأتي في أحمد الصامت قريبا .	処理済みなので作業不要。ブロック先頭の項だけ作業すればよい。
AIND-D01794	DOLLAR3_STUB	処理済みの転送見出し（$$$）が同じブロックに同居	◎	###$202404532068$# $$$	فيما قيل سنة أربع وتسعين وخلفه في وظيفته . ###$202404532068$# $$$ أحمد النشار . في الملقبين بالشهاب المدني .	処理済みなので作業不要。ブロック先頭の項だけ作業すればよい。
AIND-D01795	DOLLAR3_STUB	処理済みの転送見出し（$$$）が同じブロックに同居	◎	###$405933133679$# $$$	أحمد الآثاري مات بمكة في سنة إحدى وأربعين . ###$405933133679$# $$$ أحمد الأذرعي في ابن إبراهيم . ###$262991253	処理済みなので作業不要。ブロック先頭の項だけ作業すればよい。
AIND-D01795	DOLLAR3_STUB	処理済みの転送見出し（$$$）が同じブロックに同居	◎	###$262991253359$# $$$	3133679$# $$$ أحمد الأذرعي في ابن إبراهيم . ###$262991253359$# $$$ أحمد الأريحي إمام مقام الحنفية بمكة نيابة قر	処理済みなので作業不要。ブロック先頭の項だけ作業すればよい。
AIND-D01795	DOLLAR3_STUB	処理済みの転送見出し（$$$）が同じブロックに同居	◎	###$780434149239$# $$$	ديروطي القراءات وهو ابن سعد بن مسلم ، مضى . ###$780434149239$# $$$ أحمد البامي ، في ابن محمد بن أحمد بن محمد بن	処理済みなので作業不要。ブロック先頭の項だけ作業すればよい。
AIND-D01795	DOLLAR3_STUB	処理済みの転送見出し（$$$）が同じブロックに同居	◎	###$158565666680$# $$$	امي ، في ابن محمد بن أحمد بن محمد بن أحمد . ###$158565666680$# $$$ أحمد البرنقي ، في ابن محمد .	処理済みなので作業不要。ブロック先頭の項だけ作業すればよい。
AIND-D01800	DOLLAR3_STUB	処理済みの転送見出し（$$$）が同じブロックに同居	◎	###$668790165399$# $$$	776 أحمد الجمالي موقت سوسة . ###$668790165399$# $$$ أحمد حطيبة أحد المجاذيب يأتي في حطيبة .	処理済みなので作業不要。ブロック先頭の項だけ作業すればよい。
AIND-D01802	DOLLAR3_STUB	処理済みの転送見出し（$$$）が同じブロックに同居	◎	###$864395726747$# $$$	ذي القعدة سنة عشرة ، ذكره شيخنا في أنبائه . ###$864395726747$# $$$ أحمد الخشاب المجذوب مضى في ابن محمد بن صالح	処理済みなので作業不要。ブロック先頭の項だけ作業すればよい。
AIND-D01802	DOLLAR3_STUB	処理済みの転送見出し（$$$）が同じブロックに同居	◎	###$247799484319$# $$$	مد الخشاب المجذوب مضى في ابن محمد بن صالح . ###$247799484319$# $$$ أحمد الخواص هو ابن عبادة بن شعيب .	処理済みなので作業不要。ブロック先頭の項だけ作業すればよい。
AIND-D01807	DOLLAR3_STUB	処理済みの転送見出し（$$$）が同じブロックに同居	◎	###$826953174949$# $$$	لدوري شيخ الفراشين بمكة وخال لمحمد بن يسق . ###$826953174949$# $$$ أحمد الزاهد اثنان ابن أبي بكر بن أحمد وابن م	処理済みなので作業不要。ブロック先頭の項だけ作業すればよい。
AIND-D01807	DOLLAR3_STUB	処理済みの転送見出し（$$$）が同じブロックに同居	◎	###$459293069221$# $$$	ن ابن أبي بكر بن أحمد وابن محمد بن سليمان . ###$459293069221$# $$$ أحمد الزواوي اثنان أحدهما المقيم بالأزهر وهو	処理済みなので作業不要。ブロック先頭の項だけ作業すればよい。
AIND-D01807	DOLLAR3_STUB	処理済みの転送見出し（$$$）が同じブロックに同居	◎	###$805532864423$# $$$	ح بن خلاسة والثاني ابن سليمان بن نصر الله . ###$805532864423$# $$$ أحمد الذروي في ابن محمد بن أحمد بن علي . ##	処理済みなので作業不要。ブロック先頭の項だけ作業すればよい。
AIND-D01807	DOLLAR3_STUB	処理済みの転送見出し（$$$）が同じブロックに同居	◎	###$654714081190$# $$$	$$ أحمد الذروي في ابن محمد بن أحمد بن علي . ###$654714081190$# $$$ أحمد السخاوي جماعة ابن محمد بن زين أو مونن و	処理済みなので作業不要。ブロック先頭の項だけ作業すればよい。
AIND-D01807	DOLLAR3_STUB	処理済みの転送見出し（$$$）が同じブロックに同居	◎	###$828890943400$# $$$	شمس الدين محمد بن أحمد بن موسى بن أبي بكر . ###$828890943400$# $$$ أحمد السطوحي . في ابن خضر . ###$75789815389	処理済みなので作業不要。ブロック先頭の項だけ作業すればよい。
AIND-D01807	DOLLAR3_STUB	処理済みの転送見出し（$$$）が同じブロックに同居	◎	###$757898153899$# $$$	890943400$# $$$ أحمد السطوحي . في ابن خضر . ###$757898153899$# $$$ أحمد السعودي الحنفي في ابن يوسف بن أحمد .	処理済みなので作業不要。ブロック先頭の項だけ作業すればよい。
AIND-D01813	DOLLAR3_STUB	処理済みの転送見出し（$$$）が同じブロックに同居	◎	###$676469936053$# $$$	خطه أشياء وهو الآن في سنة خمس وتسعين . حي . ###$676469936053$# $$$ أحمد الشغري جماعة ابن محمد بن محمد بن عمر وا	処理済みなので作業不要。ブロック先頭の項だけ作業すればよい。
AIND-D01815	DOLLAR3_STUB	処理済みの転送見出し（$$$）が同じブロックに同居	◎	###$930749616061$# $$$	آخر ذي الحجة سنة ثمان وخمسين أرخه ابن عزم . ###$930749616061$# $$$ أحمد الصابوني والد العلاء في ابن محمد بن سلي	処理済みなので作業不要。ブロック先頭の項だけ作業すればよい。
AIND-D01817	DOLLAR3_STUB	処理済みの転送見出し（$$$）が同じブロックに同居	◎	###$729104256958$# $$$	هناك على الطريق وكان معتقدا ، ذكره المنير . ###$729104256958$# $$$ أحمد الصيرفي العجمي نزيل مكة ، مات سنة إحدى	処理済みなので作業不要。ブロック先頭の項だけ作業すればよい。
AIND-D01817	DOLLAR3_STUB	処理済みの転送見出し（$$$）が同じブロックに同居	◎	###$741775249344$# $$$	ستين ومضى في ابن عبد الله ابن عمر بن أحمد . ###$741775249344$# $$$ أحمد الصعيدي كمونة مضى قريبا . ###$50431472	処理済みなので作業不要。ブロック先頭の項だけ作業すればよい。
AIND-D01817	DOLLAR3_STUB	処理済みの転送見出し（$$$）が同じブロックに同居	◎	###$504314728390$# $$$	249344$# $$$ أحمد الصعيدي كمونة مضى قريبا . ###$504314728390$# $$$ أحمد الصندلي في ابن محمد بن حسن بن أبي الحسن	処理済みなので作業不要。ブロック先頭の項だけ作業すればよい。
AIND-D01817	DOLLAR3_STUB	処理済みの転送見出し（$$$）が同じブロックに同居	◎	###$469527171016$# $$$	د الصندلي في ابن محمد بن حسن بن أبي الحسن . ###$469527171016$# $$$ أحمد الصنهاجي المغربي بالملقبين بالشهاب . #	処理済みなので作業不要。ブロック先頭の項だけ作業すればよい。
AIND-D01817	DOLLAR3_STUB	処理済みの転送見出し（$$$）が同じブロックに同居	◎	###$483221573576$# $$$	$ أحمد الصنهاجي المغربي بالملقبين بالشهاب . ###$483221573576$# $$$ أحمد الطوخي جماعة : في ابن محمد ابن عبد الرح	処理済みなので作業不要。ブロック先頭の項だけ作業すればよい。
AIND-D01824	DOLLAR3_STUB	処理済みの転送見出し（$$$）が同じブロックに同居	◎	###$975679000540$# $$$	ر في سائري %~% حتى خيالك في منامي زائري %~% ###$975679000540$# $$$ أحمد القروي اثنان مغربيان قائد الركب وحلولو	処理済みなので作業不要。ブロック先頭の項だけ作業すればよい。
AIND-D01827	DOLLAR3_STUB	処理済みの転送見出し（$$$）が同じブロックに同居	◎	###$877754585060$# $$$	لقصير ، ممن لقيه الشهاب بن عربشاه وأخذ عنه . ###$877754585060$# $$$ أحمد القليجي : اثنان حنفيان أحدهما ابن محمد	処理済みなので作業不要。ブロック先頭の項だけ作業すればよい。
AIND-D01827	DOLLAR3_STUB	処理済みの転送見出し（$$$）が同じブロックに同居	◎	###$338199318502$# $$$	ابن عبد الله بن محمد بن عمر ابن أخي الأول . ###$338199318502$# $$$ أحمد القوصي اثنان اتفقا في الأب والجد أيضا ف	処理済みなので作業不要。ブロック先頭の項だけ作業すればよい。
AIND-D01828	DOLLAR3_STUB	処理済みの転送見出し（$$$）が同じブロックに同居	◎	###$927855546347$# $$$	804 أحمد القيسي الفاسي المتلاعب . ###$927855546347$# $$$ أحمد الكلوتاتي اثنان : ابن عثمان بن محمد بن	処理済みなので作業不要。ブロック先頭の項だけ作業すればよい。
AIND-D01828	DOLLAR3_STUB	処理済みの転送見出し（$$$）が同じブロックに同居	◎	###$814642892783$# $$$	راهيم بن عبد الله وابن محمد بن عبد اللطيف . ###$814642892783$# $$$ أحمد المتبولي اثنان كل منهما اسم أبيه موسى أ	処理済みなので作業不要。ブロック先頭の項だけ作業すればよい。
AIND-D01835	DOLLAR3_STUB	処理済みの転送見出し（$$$）が同じブロックに同居	◎	###$380763115525$# $$$	مات بمكة في جمادى الأولى سنة سبع وأربعين . ###$380763115525$# $$$ أحمد المكيني ربيب البلقيني في ابن محمد بن بر	処理済みなので作業不要。ブロック先頭の項だけ作業すればよい。
AIND-D01836	DOLLAR3_STUB	処理済みの転送見出し（$$$）が同じブロックに同居	◎	###$981173538825$# $$$	تشي الولي الشهير ، مات في سنة بضع وثلاثين . ###$981173538825$# $$$ أحمد النحريري المالكي . في ابن عبد الله .	処理済みなので作業不要。ブロック先頭の項だけ作業すればよい。
AIND-D01837	DOLLAR3_STUB	処理済みの転送見出し（$$$）が同じブロックに同居	◎	###$220909801487$# $$$	يوخه عمر القلشاني وابن عقاب ويعقوب الزعبي . ###$220909801487$# $$$ أحمد الهيثمي ، في ابن حسن بن محمد .	処理済みなので作業不要。ブロック先頭の項だけ作業すればよい。
AIND-D01857	DOLLAR3_STUB	処理済みの転送見出し（$$$）が同じブロックに同居	◎	###$736633032769$# $$$	خمسين بالطاعون وكان زائد الغفلة رحمه الله . ###$736633032769$# $$$ أركماس الأشقر ، هو الذي قبله .	処理済みなので作業不要。ブロック先頭の項だけ作業すればよい。
AIND-D01862	DOLLAR3_STUB	処理済みの転送見出し（$$$）が同じブロックに同居	◎	###$658577035340$# $$$	ام بعد موت جانبك الطويل وسافر مع المجردين . ###$658577035340$# $$$ أركماس المؤيدي هو من صفر الماضي قريبا .	処理済みなので作業不要。ブロック先頭の項だけ作業すればよい。
AIND-D01863	DOLLAR3_STUB	処理済みの転送見出し（$$$）が同じブロックに同居	◎	###$415626170446$# $$$	لى في محاربة الزنج سنة خمس وأربعين تقريبا . ###$415626170446$# $$$ أركماس اليشبكي . هو الطويل : ###$2999892091	処理済みなので作業不要。ブロック先頭の項だけ作業すればよい。
AIND-D01863	DOLLAR3_STUB	処理済みの転送見出し（$$$）が同じブロックに同居	◎	###$299989209171$# $$$	26170446$# $$$ أركماس اليشبكي . هو الطويل : ###$299989209171$# $$$ أركماس الجاموس هو النوروز قبله .	処理済みなので作業不要。ブロック先頭の項だけ作業すればよい。
AIND-D01865	DOLLAR3_STUB	処理済みの転送見出し（$$$）が同じブロックに同居	◎	###$598346829912$# $$$	و تأمره عند ولاته والظاهر أنه الآتي قريبا . ###$598346829912$# $$$ أرنبغا الحافظي ، في الذي بعده .	処理済みなので作業不要。ブロック先頭の項だけ作業すればよい。
AIND-D01869	DOLLAR3_STUB	処理済みの転送見出し（$$$）が同じブロックに同居	◎	###$811379724384$# $$$	تواضع وحفظ لقدماء أصحابه وللمملكة به جمال . ###$811379724384$# $$$ 845 أزبك من قايتباي ويعرف بجحا . مضى قريبا ف	処理済みなので作業不要。ブロック先頭の項だけ作業すればよい。
AIND-D01871	DOLLAR3_STUB	処理済みの転送見出し（$$$）が同じブロックに同居	◎	###$659235541104$# $$$	ي عدة تجاريد شكرت شجاعته وفروسيته وديانته . ###$659235541104$# $$$ أزبك خاص خرجي ، يأتي قريبا في أزبك الظاهري ب	処理済みなので作業不要。ブロック先頭の項だけ作業すればよい。
AIND-D01873	DOLLAR3_STUB	処理済みの転送見出し（$$$）が同じブロックに同居	◎	###$233035534454$# $$$	ي ذي الحجة سنة إحدى وستين عن نحو الثمانين . ###$233035534454$# $$$ أزبك الظاهري برقوق الدوادار ، مضى قريبا .	処理済みなので作業不要。ブロック先頭の項だけ作業すればよい。
AIND-D01875	DOLLAR3_STUB	処理済みの転送見出し（$$$）が同じブロックに同居	◎	###$528020934782$# $$$	فر سنة ثلاث وخمسين وشهد السلطان الصلاة عليه ###$528020934782$# $$$ أزبك الظاهري جقمق هو أزبك الخازندار .	処理済みなので作業不要。ブロック先頭の項だけ作業すればよい。
AIND-D01888	DOLLAR3_STUB	処理済みの転送見出し（$$$）が同じブロックに同居	◎	###$790869577893$# $$$	رع في بناء خان عظيم بالقرب من سوق الصابون . ###$790869577893$# $$$ ازدمر الظاهري برقوق . هو ازدمر أخو إينال .	処理済みなので作業不要。ブロック先頭の項だけ作業すればよい。
AIND-D01891	DOLLAR3_STUB	処理済みの転送見出し（$$$）が同じブロックに同居	◎	###$987913785514$# $$$	موسم التي تليها ويلبغا أحد العرب يحل محله . ###$987913785514$# $$$ أزدمر المسرطن . تقدم قريبا . ###$5276811962	処理済みなので作業不要。ブロック先頭の項だけ作業すればよい。
AIND-D01891	DOLLAR3_STUB	処理済みの転送見出し（$$$）が同じブロックに同居	◎	###$527681196205$# $$$	13785514$# $$$ أزدمر المسرطن . تقدم قريبا . ###$527681196205$# $$$ أزدمر من علي جان . تقدم قريبا .	処理済みなので作業不要。ブロック先頭の項だけ作業すればよい。
AIND-D01896	DOLLAR3_STUB	処理済みの転送見出し（$$$）が同じブロックに同居	◎	###$984566730936$# $$$	أنهم مع ابن عثمان كاقل النواب والاسم لهم . ###$984566730936$# $$$ إسحاق بن أسعد بن إبراهيم النجم القرمي . مضى	処理済みなので作業不要。ブロック先頭の項だけ作業すればよい。
AIND-D01903	DOLLAR3_STUB	処理済みの転送見出し（$$$）が同じブロックに同居	◎	###$814584172743$# $$$	فادني ترجمته بعض ثقات أقربائه ممن حمل عني . ###$814584172743$# $$$ إسحاق النجم القرمي قيل أنه ابن إبراهيم بن إس	処理済みなので作業不要。ブロック先頭の項だけ作業すればよい。
AIND-D01910	DOLLAR3_STUB	処理済みの転送見出し（$$$）が同じブロックに同居	◎	###$327264768225$# $$$	مع إزراء هيئته واحتكار صنعته وخلفه طلماس . ###$327264768225$# $$$ أسلم بالسين أو بالصاد هو أحمد بن إسحاق بن عا	処理済みなので作業不要。ブロック先頭の項だけ作業すればよい。
AIND-D01913	DOLLAR3_STUB	処理済みの転送見出し（$$$）が同じブロックに同居	◎	###$965780443372$# $$$	الرحمن بن علي بن محمد الآتي وأفاد ترجمته . ###$965780443372$# $$$ إسماعيل بن إبراهيم بن جوشن سيأتي فيمن جده مح	処理済みなので作業不要。ブロック先頭の項だけ作業すればよい。
AIND-D01917	DOLLAR3_STUB	処理済みの転送見出し（$$$）が同じブロックに同居	◎	###$339159814385$# $$$	ت وثلاثين ودعا له بقوله نفع الله به ونفعه . ###$339159814385$# $$$ إسماعيل بن إبراهيم بن شرف . يأتي فيمن جده مح	処理済みなので作業不要。ブロック先頭の項だけ作業すればよい。
AIND-D01920	DOLLAR3_STUB	処理済みの転送見出し（$$$）が同じブロックに同居	◎	###$305261216747$# $$$	بوه منجمعا عن الناس مع تساهل وترفع . مات في ###$305261216747$# $$$ إسماعيل بن إبراهيم بن علي بن شرف . يأتي قريب	処理済みなので作業不要。ブロック先頭の項だけ作業すればよい。
AIND-D01929	DOLLAR3_STUB	処理済みの転送見出し（$$$）が同じブロックに同居	◎	###$387234926859$# $$$	د في النحو وانتفع به جماعة بل أخذ عنه خلق . ###$387234926859$# $$$ إسماعيل بن إبراهيم الجبرتي . فيمن جده عبد ال	処理済みなので作業不要。ブロック先頭の項だけ作業すればよい。
AIND-D01944	DOLLAR3_STUB	処理済みの転送見出し（$$$）が同じブロックに同居	◎	###$637727150378$# $$$	لى سنين ولي به أنس رحمه الله تعالى وإيانا . ###$637727150378$# $$$ إسماعيل بن حسين بن حسن الكمال أبو البركات بن	処理済みなので作業不要。ブロック先頭の項だけ作業すればよい。
AIND-D01945	DOLLAR3_STUB	処理済みの転送見出し（$$$）が同じブロックに同居	◎	###$950311850285$# $$$	ومدح رؤساء حلب بقصائد بديعة مع كرم وشجاعة . ###$950311850285$# $$$ إسماعيل بن الحسين بن سالم بن أبي الفضل هو ال	処理済みなので作業不要。ブロック先頭の項だけ作業すればよい。
AIND-D01951	DOLLAR3_STUB	処理済みの転送見出し（$$$）が同じブロックに同居	◎	###$848046330173$# $$$	ل كان وقورا ملازما حانوت الشهود قليل الشر . ###$848046330173$# $$$ إسماعيل بن عبد الرحمن بن عبد الغني بن شاكر ب	処理済みなので作業不要。ブロック先頭の項だけ作業すればよい。
AIND-D01952	DOLLAR3_STUB	処理済みの転送見出し（$$$）が同じブロックに同居	◎	###$564188418366$# $$$	شيه الملق وكانا من مساوئ الدهر لفظا ومعنى . ###$564188418366$# $$$ إسماعيل بن عبد الرزاق المجد أبو البركات الصو	処理済みなので作業不要。ブロック先頭の項だけ作業すればよい。
AIND-D01979	DOLLAR3_STUB	処理済みの転送見出し（$$$）が同じブロックに同居	◎	###$641170674028$# $$$	وعشرين جماعة وحصل وكتب بخطه مجاميع مفيدة . ###$641170674028$# $$$ إسماعيل بن محمد بن أبي بكر بن المقرئ . مضى ف	処理済みなので作業不要。ブロック先頭の項だけ作業すればよい。
AIND-D01984	DOLLAR3_STUB	処理済みの転送見出し（$$$）が同じブロックに同居	◎	###$156778893683$# $$$	بن ميكائيل . يأتي فيمن جده ميكائيل قريبا . ###$156778893683$# $$$ إسماعيل بن محمد بن أبي يزيد بن الشيخ جمال ال	処理済みなので作業不要。ブロック先頭の項だけ作業すればよい。
AIND-D01987	DOLLAR3_STUB	処理済みの転送見出し（$$$）が同じブロックに同居	◎	###$151582151030$# $$$	يات ، ذكره الفاسي في مكة واسم جده ميكائيل . ###$151582151030$# $$$ إسماعيل بن مروان ، في ابن إبراهيم بن مروان .	処理済みなので作業不要。ブロック先頭の項だけ作業すればよい。
AIND-D01992	DOLLAR3_STUB	処理済みの転送見出し（$$$）が同じブロックに同居	◎	###$971996402055$# $$$	في مرستانها سنة ثلاث وتسعين أو التي قبلها . ###$971996402055$# $$$ إسماعيل بن يحيى مجد الدين بن علم الدين بن ال	処理済みなので作業不要。ブロック先頭の項だけ作業すればよい。
AIND-D02000	DOLLAR3_STUB	処理済みの転送見出し（$$$）が同じブロックに同居	◎	###$817541157271$# $$$	ح . مات في رجب سنة سبع وستين وأرخه المنير . ###$817541157271$# $$$ إسماعيل التبريزي . في الرومي قريبا . ###$46	処理済みなので作業不要。ブロック先頭の項だけ作業すればよい。
AIND-D02000	DOLLAR3_STUB	処理済みの転送見出し（$$$）が同じブロックに同居	◎	###$467773952408$# $$$	$# $$$ إسماعيل التبريزي . في الرومي قريبا . ###$467773952408$# $$$ إسماعيل الجياني . مضى في ابن إبراهيم بن محمد	処理済みなので作業不要。ブロック先頭の項だけ作業すればよい。
AIND-D02023	DOLLAR3_STUB	処理済みの転送見出し（$$$）が同じブロックに同居	◎	###$445372174792$# $$$	ت في أيامه لشدة بأسه وعرض له في بدنه بياض . ###$445372174792$# $$$ أقباي الأقنص . يأتي قريبا . ###$22931099284	処理済みなので作業不要。ブロック先頭の項だけ作業すればよい。
AIND-D02023	DOLLAR3_STUB	処理済みの転送見出し（$$$）が同じブロックに同居	◎	###$229310992842$# $$$	372174792$# $$$ أقباي الأقنص . يأتي قريبا . ###$229310992842$# $$$ أقباي الدوادار . هو المؤيدي يأتي قريبا . ##	処理済みなので作業不要。ブロック先頭の項だけ作業すればよい。
AIND-D02023	DOLLAR3_STUB	処理済みの転送見出し（$$$）が同じブロックに同居	◎	###$756979601867$# $$$	$$ أقباي الدوادار . هو المؤيدي يأتي قريبا . ###$756979601867$# $$$ أقباي طاز . يأتي قريبا . ###$227616494031$#	処理済みなので作業不要。ブロック先頭の項だけ作業すればよい。
AIND-D02023	DOLLAR3_STUB	処理済みの転送見出し（$$$）が同じブロックに同居	◎	###$227616494031$# $$$	756979601867$# $$$ أقباي طاز . يأتي قريبا . ###$227616494031$# $$$ أقباي الطرنطاي . مضى قريبا . ###$3702479958	処理済みなので作業不要。ブロック先頭の項だけ作業すればよい。
AIND-D02023	DOLLAR3_STUB	処理済みの転送見出し（$$$）が同じブロックに同居	◎	###$370247995856$# $$$	16494031$# $$$ أقباي الطرنطاي . مضى قريبا . ###$370247995856$# $$$ أقباي الطويل الأشرفي قايتباي . ذكر قريبا وال	処理済みなので作業不要。ブロック先頭の項だけ作業すればよい。
AIND-D02037	DOLLAR3_STUB	処理済みの転送見出し（$$$）が同じブロックに同居	◎	###$903759270378$# $$$	كور السيرة . ذكره شيخنا في أنبائه باختصار . ###$903759270378$# $$$ أقبردي مذكور في حوادث سنة عشرة .	処理済みなので作業不要。ブロック先頭の項だけ作業すればよい。
AIND-D02041	DOLLAR3_STUB	処理済みの転送見出し（$$$）が同じブロックに同居	◎	###$397930402288$# $$$	شيخنا وتمراز مولاه من مماليك الظاهر برقوق . ###$397930402288$# $$$ أقبغا علاء الدين التركي ، في أقبغا الطولوني	処理済みなので作業不要。ブロック先頭の項だけ作業すればよい。
AIND-D02041	DOLLAR3_STUB	処理済みの転送見出し（$$$）が同じブロックに同居	◎	###$107495821813$# $$$	بغا علاء الدين التركي ، في أقبغا الطولوني . ###$107495821813$# $$$ أقبغا علاء الدين الرومي في أقبغا الجمالي قري	処理済みなので作業不要。ブロック先頭の項だけ作業すればよい。
AIND-D02041	DOLLAR3_STUB	処理済みの転送見出し（$$$）が同じブロックに同居	◎	###$701870641654$# $$$	علاء الدين الرومي في أقبغا الجمالي قريبا . ###$701870641654$# $$$ أقبغا علاء الدين الظاهري في أقبغا شيطان . #	処理済みなので作業不要。ブロック先頭の項だけ作業すればよい。
AIND-D02041	DOLLAR3_STUB	処理済みの転送見出し（$$$）が同じブロックに同居	◎	###$987687293433$# $$$	$ أقبغا علاء الدين الظاهري في أقبغا شيطان . ###$987687293433$# $$$ أقبغا التركماني مضى في أقبغا من مامش قريبا .	処理済みなので作業不要。ブロック先頭の項だけ作業すればよい。
AIND-D02041	DOLLAR3_STUB	処理済みの転送見出し（$$$）が同じブロックに同居	◎	###$827540378107$# $$$	قبغا التركماني مضى في أقبغا من مامش قريبا . ###$827540378107$# $$$ أقبغا التمرازي سبق قريبا .	処理済みなので作業不要。ブロック先頭の項だけ作業すればよい。
AIND-D02043	DOLLAR3_STUB	処理済みの転送見出し（$$$）が同じブロックに同居	◎	###$102387159551$# $$$	خذ الأموال وارتكاب المحرمات . قاله العيني . ###$102387159551$# $$$ أقبغا جيار ، يأتي قريبا . ###$313956241920$	処理済みなので作業不要。ブロック先頭の項だけ作業すればよい。
AIND-D02043	DOLLAR3_STUB	処理済みの転送見出し（$$$）が同じブロックに同居	◎	###$313956241920$# $$$	02387159551$# $$$ أقبغا جيار ، يأتي قريبا . ###$313956241920$# $$$ أقبغا دوادار يشبك . كذلك	処理済みなので作業不要。ブロック先頭の項だけ作業すればよい。
AIND-D02047	DOLLAR3_STUB	処理済みの転送見出し（$$$）が同じブロックに同居	◎	###$889360224777$# $$$	منه بعده جماعة واستولى السلطان على غالبه . ###$889360224777$# $$$ أقبغا اللكاش . في الطولوني قريبا . ###$4991	処理済みなので作業不要。ブロック先頭の項だけ作業すればよい。
AIND-D02047	DOLLAR3_STUB	処理済みの転送見出し（$$$）が同じブロックに同居	◎	###$499193483786$# $$$	77$# $$$ أقبغا اللكاش . في الطولوني قريبا . ###$499193483786$# $$$ أقبغا الهدباني الظاهري . مضى قريبا .	処理済みなので作業不要。ブロック先頭の項だけ作業すればよい。
AIND-D02057	DOLLAR3_STUB	処理済みの転送見出し（$$$）が同じブロックに同居	◎	###$969328824858$# $$$	ئه قال وهو آخر من سمع من الحجار من الرجال . ###$969328824858$# $$$ الطنبغا الرقبي . في المرقبي على الصواب قريبا	処理済みなので作業不要。ブロック先頭の項だけ作業すればよい。
AIND-D02062	DOLLAR3_STUB	処理済みの転送見出し（$$$）が同じブロックに同居	◎	###$267433021987$# $$$	ني عشري شوال سنة إحدى وعشرين بالقدس بطالا . ###$267433021987$# $$$ الطنبغا القرمشي ، مضى قريبا فيمن يلقب سيف ال	処理済みなので作業不要。ブロック先頭の項だけ作業すればよい。
AIND-D02062	DOLLAR3_STUB	処理済みの転送見出し（$$$）が同じブロックに同居	◎	###$854539112996$# $$$	ا القرمشي ، مضى قريبا فيمن يلقب سيف الدين . ###$854539112996$# $$$ الطنبغا اللفاف والمعلم مضى قريبا .	処理済みなので作業不要。ブロック先頭の項だけ作業すればよい。
AIND-D02066	DOLLAR3_STUB	処理済みの転送見出し（$$$）が同じブロックに同居	◎	###$440028631592$# $$$	كل مشكور السيرة مشهورا بالشجاعة رحمه الله . ###$440028631592$# $$$ الماس الأشرفي برسباي ، في العلاء قريبا .	処理済みなので作業不要。ブロック先頭の項だけ作業すればよい。
AIND-D02068	DOLLAR3_STUB	処理済みの転送見出し（$$$）が同じブロックに同居	◎	###$931009663536$# $$$	ع سبعة من الطلبة ومات قريبا من سنة ثمانين . ###$931009663536$# $$$ الوغ بك بن شاه رخ . يأتي في المحمدين .	処理済みなので作業不要。ブロック先頭の項だけ作業すればよい。
AIND-D02076	DOLLAR3_STUB	処理済みの転送見出し（$$$）が同じブロックに同居	◎	###$241050849858$# $$$	رآن والنقاية والألفية وهو الآن مشتغل بالحفظ ###$241050849858$# $$$ أمير حاج بن أبي الفرج في محمد بن محمد بن عبد	処理済みなので作業不要。ブロック先頭の項だけ作業すればよい。
AIND-D02077	DOLLAR3_STUB	処理済みの転送見出し（$$$）が同じブロックに同居	◎	###$136080003655$# $$$	والمقريزي في عقوده وعمله في الحاء المهملة . ###$136080003655$# $$$ أمير حاج بن محمد بن بركوت الصلاح المكيني . م	処理済みなので作業不要。ブロック先頭の項だけ作業すればよい。
AIND-D02100	DOLLAR3_STUB	処理済みの転送見出し（$$$）が同じブロックに同居	◎	###$358562665092$# $$$	الناصر بذبحه من الأمراء في سنة إحدى شعرة . ###$358562665092$# $$$ اينال الأجرود العلائي الأشرف . يأتي قريبا .	処理済みなので作業不要。ブロック先頭の項だけ作業すればよい。
AIND-D02111	DOLLAR3_STUB	処理済みの転送見出し（$$$）が同じブロックに同居	◎	###$870334861977$# $$$	ن وخلف مالا وأثاثا كثيرا ، ترجمه ابن سيده . ###$870334861977$# $$$ اينال الفقيه الظاهري جقمق ، هو اينال باي الم	処理済みなので作業不要。ブロック先頭の項だけ作業すればよい。
AIND-D02112	DOLLAR3_STUB	処理済みの転送見出し（$$$）が同じブロックに同居	◎	###$924604961437$# $$$	سنة ثمان وسبعين للصلاة عليه بمصلى المومني . ###$924604961437$# $$$ اينال المنقار ، هو الجلالي ، مضى قريبا .	処理済みなので作業不要。ブロック先頭の項だけ作業すればよい。
AIND-D02126	DOLLAR3_STUB	処理済みの転送見出し（$$$）が同じブロックに同居	◎	###$973145641673$# $$$	و بطال في العشر الأخير من شوال سنة اثنتين . ###$973145641673$# $$$ باكير هو أبو بكر بن إسحاق بن خلد .	処理済みなので作業不要。ブロック先頭の項だけ作業すればよい。
AIND-D02127	DOLLAR3_STUB	処理済みの転送見出し（$$$）が同じブロックに同居	◎	###$665325671111$# $$$	قلعة حلب ، مات في أواخر سنة احدى وأربعين . ###$665325671111$# $$$ بايزيد في أبي يزيد من الكنى .	処理済みなので作業不要。ブロック先頭の項だけ作業すればよい。
AIND-D02141	DOLLAR3_STUB	処理済みの転送見出し（$$$）が同じブロックに同居	◎	###$814107506710$# $$$	حلف على الطاعة وكتب بذلك خطه عفا الله عنه . ###$814107506710$# $$$ بديد في أحمد بن مفتاح .	処理済みなので作業不要。ブロック先頭の項だけ作業すればよい。
AIND-D02143	DOLLAR3_STUB	処理済みの転送見出し（$$$）が同じブロックに同居	◎	###$546106774250$# $$$	فقال يا مغرور بي فاتن %~% || من اسمه بردبك ###$546106774250$# $$$ بردبك اثني عشر ، يأتي قريبا في بردبك الظاهري	処理済みなので作業不要。ブロック先頭の項だけ作業すればよい。
AIND-D02147	DOLLAR3_STUB	処理済みの転送見出し（$$$）が同じブロックに同居	◎	###$675356809016$# $$$	بك الاشرفي قايتباي مات في سنة سبع وتسعين . ###$675356809016$# $$$ بردبك البجمقدار يأتي قريبا .	処理済みなので作業不要。ブロック先頭の項だけ作業すればよい。
AIND-D02155	DOLLAR3_STUB	処理済みの転送見出し（$$$）が同じブロックに同居	◎	###$160415916089$# $$$	يلبث أن مات في أوائل رجب سنة خمس وخمسين . ###$160415916089$# $$$ بردبك قصقا . مضى قريبا .	処理済みなので作業不要。ブロック先頭の項だけ作業すればよい。
AIND-D02158	DOLLAR3_STUB	処理済みの転送見出し（$$$）が同じブロックに同居	◎	###$598646769519$# $$$	وفي الشادية قانصوه الطويل الاشرفي برسباي . ###$598646769519$# $$$ بردبك هجين . مضى قريبا . || من اسمه برسباي	処理済みなので作業不要。ブロック先頭の項だけ作業すればよい。
AIND-D02163	DOLLAR3_STUB	処理済みの転送見出し（$$$）が同じブロックに同居	◎	###$445818579050$# $$$	ر . مات في ذي الحجة سنة ثلاث وتسعين بأذنة . ###$445818579050$# $$$ برسباي بلاشه .	処理済みなので作業不要。ブロック先頭の項だけ作業すればよい。
AIND-D02165	DOLLAR3_STUB	処理済みの転送見出し（$$$）が同じブロックに同居	◎	###$561887982795$# $$$	أظنه المعروف بلاشه مات في سنة ثلاث وتسعين . ###$561887982795$# $$$ برسباي الخازندار . يأتي قريبا في المحمودي .	処理済みなので作業不要。ブロック先頭の項だけ作業すればよい。
AIND-D02174	PLUSMIN	語末に付く注記マーカー（語を分断しない）	◎	±±±	44 برسباي نابش البرك±±± بمكة ، مات في جمادى الاولى سنة أربع وستين .	無視してよい。記号を取り除いた語がそのまま正しい読み。
AIND-D02178	PLUSMIN	語末に付く注記マーカー（語を分断しない）	◎	±±±	المال شيئا ولقد أفسد أمور المملكة بأخذ البدل±±± على الولايات حتى وظيفة القضاء والامور الديني	無視してよい。記号を取り除いた語がそのまま正しい読み。
AIND-D02181	DOLLAR3_STUB	処理済みの転送見出し（$$$）が同じブロックに同居	◎	###$808447906604$# $$$	بمكة وقرأ علي أربعي النووي والبعض من مسلم . ###$808447906604$# $$$ 52 بركات بن حسين بن حسن الشيرازي الاصل المكي	処理済みなので作業不要。ブロック先頭の項だけ作業すればよい。
AIND-D02214	DOLLAR3_STUB	処理済みの転送見出し（$$$）が同じブロックに同居	◎	###$531572607103$# $$$	طريق في سنة اثنتي عشرة . ذكره العيني أيضا . ###$531572607103$# $$$ بلاط تقدم قريبا في بك بلاط .	処理済みなので作業不要。ブロック先頭の項だけ作業すればよい。
AIND-D02227	DOLLAR3_STUB	処理済みの転送見出し（$$$）が同じブロックに同居	◎	###$109928518528$# $$$	السبعين ذكره شيخنا في أنبائه باختصار جدا . ###$109928518528$# $$$ بولاد نزيل بيت المقدس . في فولاد .	処理済みなので作業不要。ブロック先頭の項だけ作業すればよい。
AIND-D02235	DOLLAR3_STUB	処理済みの転送見出し（$$$）が同じブロックに同居	◎	###$351281353625$# $$$	شرفي حين أسره ولم يلبث أن مات في سنة تسعين . ###$351281353625$# $$$ بيبرس ابن أخت الظاهر برقوق مضى قريبا .	処理済みなので作業不要。ブロック先頭の項だけ作業すればよい。
AIND-D02237	DOLLAR3_STUB	処理済みの転送見出し（$$$）が同じブロックに同居	◎	###$156187497372$# $$$	ة سنة ثلاث وثلاثين . ذكره شيخنا في أنبائه . ###$156187497372$# $$$ بيخجا الظاهري برقوق . هو طيفور يأتي .	処理済みなので作業不要。ブロック先頭の項だけ作業すればよい。
AIND-D02243	DOLLAR3_STUB	処理済みの転送見出し（$$$）が同じブロックに同居	◎	###$767612162985$# $$$	المراحلي . مات في المحرم سنة احدى وتسعين . ###$767612162985$# $$$ 113 بير محمد بن علي بن عمر الخواجا جمال الدي	処理済みなので作業不要。ブロック先頭の項だけ作業すればよい。
AIND-D02246	DOLLAR3_STUB	処理済みの転送見出し（$$$）が同じブロックに同居	◎	###$707226768302$# $$$	سنة ثلاث وخمسين ، وكان متواضعا خيرا شجاعا . ###$707226768302$# $$$ بيسق هو محمد بن عبد الكريم . ###$3791986410	処理済みなので作業不要。ブロック先頭の項だけ作業すればよい。
AIND-D02246	DOLLAR3_STUB	処理済みの転送見出し（$$$）が同じブロックに同居	◎	###$379198641070$# $$$	26768302$# $$$ بيسق هو محمد بن عبد الكريم . ###$379198641070$# $$$ بيسق شيخ الفراشين بالحرم المكي . في محمد بن	処理済みなので作業不要。ブロック先頭の項だけ作業すればよい。
AIND-D02266	DOLLAR3_STUB	処理済みの転送見出し（$$$）が同じブロックに同居	◎	###$348676588779$# $$$	م وهما معا ابنا أخي دمرداش المحمدي الماضي . ###$348676588779$# $$$ تغرى بردي الصغير ابن أخي دمرداش . هو الذي قب	処理済みなので作業不要。ブロック先頭の項だけ作業すればよい。
AIND-D02269	PLUSMIN	語末に付く注記マーカー（語を分断しない）	◎	±±±	وسلم عليه فلما حاذاه قبض عليه سونجبغا وأعلمه±±± بسبب مجيئه وأنه مأمور بوضعه في الحديد فقال ا	無視してよい。記号を取り除いた語がそのまま正しい読み。
AIND-D02273	DOLLAR3_STUB	処理済みの転送見出し（$$$）が同じブロックに同居	◎	###$381530674149$# $$$	القادر ولم يثبت ذلك عندي فرج الله ضائقته . ###$381530674149$# $$$ تغرى برمش بن أحمد البهستي نائب حلب ، يأتي قر	処理済みなので作業不要。ブロック先頭の項だけ作業すればよい。
AIND-D02273	DOLLAR3_STUB	処理済みの転送見出し（$$$）が同じブロックに同居	◎	###$968758399975$# $$$	لبهستي نائب حلب ، يأتي قريبا في تغرى ورمش . ###$968758399975$# $$$ تغرى برمش بن عبد الله التركماني . في الذي بع	処理済みなので作業不要。ブロック先頭の項だけ作業すればよい。
AIND-D02278	DOLLAR3_STUB	処理済みの転送見出し（$$$）が同じブロックに同居	◎	###$182259291127$# $$$	مات في سنة ثلاث عشرة ذكره شيخنا في أنبائه . ###$182259291127$# $$$ تغرى برمش نائب حلب . هو الذي بعده .	処理済みなので作業不要。ブロック先頭の項だけ作業すればよい。
AIND-D02279	DOLLAR3_STUB	処理済みの転送見出し（$$$）が同じブロックに同居	◎	###$781310759935$# $$$	ريزي ، وأحال شيخنا في الوفيات على الحوادث . ###$781310759935$# $$$ تقي بن عبد السلام بن محمد الكازروني . يأتي ف	処理済みなので作業不要。ブロック先頭の項だけ作業すればよい。
AIND-D02292	PLUSMIN	語末に付く注記マーカー（語を分断しない）	◎	±±±	شرقية . طعن وهو في محل ولايته فبادر إلى المجئ±±± وكانت منيته في سابع ذي الحجة سنة احدى وثماني	無視してよい。記号を取り除いた語がそのまま正しい読み。
AIND-D02302	DOLLAR3_STUB	処理済みの転送見出し（$$$）が同じブロックに同居	◎	###$398563742756$# $$$	راري نائب الشام . مات في سنة ثلاث وأربعين . ###$398563742756$# $$$ تمرلنك . في تيمور قريبا .	処理済みなので作業不要。ブロック先頭の項だけ作業すればよい。
AIND-D02317	DOLLAR3_STUB	処理済みの転送見出し（$$$）が同じブロックに同居	◎	###$250316067905$# $$$	لخلعة لها وانتزعها وألبسها لبرد بك الماضي . ###$250316067905$# $$$ تنم الحسني الظاهري ، مضى في تنم سيف الدين قر	処理済みなので作業不要。ブロック先頭の項だけ作業すればよい。
AIND-D02321	DOLLAR3_STUB	処理済みの転送見出し（$$$）が同じブロックに同居	◎	###$350924837959$# $$$	شعبان سنة تسع وثلاثين ، أرخه ابن اللبودي . ###$350924837959$# $$$ 190 تنم وسمى تنبك نائب دمشق . مات سنة اثنتين	処理済みなので作業不要。ブロック先頭の項だけ作業すればよい。
AIND-D02324	PLUSMIN	語末に付く注記マーカー（語を分断しない）	◎	±±±	صائب ومكائد في الحرب عجيبة وفراسة قل أن تخطئ±±± عارفا بالتواريخ لادمانه على سماعه لا يخلو مج	無視してよい。記号を取り除いた語がそのまま正しい読み。
AIND-D02328	DOLLAR3_STUB	処理済みの転送見出し（$$$）が同じブロックに同居	◎	###$723093820503$# $$$	ن خارج مكة وحمل فدفن بمعلاتها . | حرف الجيم ###$723093820503$# $$$ جاء الخبر . اسمه فائد .	処理済みなので作業不要。ブロック先頭の項だけ作業すればよい。
AIND-D02344	DOLLAR3_STUB	処理済みの転送見出し（$$$）が同じブロックに同居	◎	###$284046660734$# $$$	قفه فتنظر من عند جقمق الذي خلفه على زوجته . ###$284046660734$# $$$ جانبك الأبلق هو الظاهري يأتي .	処理済みなので作業不要。ブロック先頭の項だけ作業すればよい。
AIND-D02349	DOLLAR3_STUB	処理済みの転送見出し（$$$）が同じブロックに同居	◎	###$977532884107$# $$$	ي مشهد حافل بمصلى المؤمنين ودفنه في تربته . ###$977532884107$# $$$ جانبك الاشرفي اينال ويعرف بالاشقر .	処理済みなので作業不要。ブロック先頭の項だけ作業すればよい。
AIND-D02351	DOLLAR3_STUB	処理済みの転送見出し（$$$）が同じブロックに同居	◎	###$640079061715$# $$$	سنة ثلاث وثمانين ، وكان في الفروسية بمكان . ###$640079061715$# $$$ جانبك البواب . يأتي قريبا .	処理済みなので作業不要。ブロック先頭の項だけ作業すればよい。
AIND-D02354	DOLLAR3_STUB	処理済みの転送見出し（$$$）が同じブロックに同居	◎	###$109459866000$# $$$	ابن فهد وغيره ، قال المقريزي ومستراح منه . ###$109459866000$# $$$ جانبك الجداوي يأتي قريبا .	処理済みなので作業不要。ブロック先頭の項だけ作業すればよい。
AIND-D02357	DOLLAR3_STUB	処理済みの転送見出し（$$$）が同じブロックに同居	◎	###$606286648478$# $$$	واستقر بعده في ملطية اينال الأشقر الوالي . ###$606286648478$# $$$ جانبك حبيب هو العلائي . ###$290577192095$#	処理済みなので作業不要。ブロック先頭の項だけ作業すればよい。
AIND-D02357	DOLLAR3_STUB	処理済みの転送見出し（$$$）が同じブロックに同居	◎	###$290577192095$# $$$	$606286648478$# $$$ جانبك حبيب هو العلائي . ###$290577192095$# $$$ جانبك حرامي شكل . هو المؤيدي .	処理済みなので作業不要。ブロック先頭の項だけ作業すればよい。
AIND-D02362	DOLLAR3_STUB	処理済みの転送見出し（$$$）が同じブロックに同居	◎	###$480142955704$# $$$	يد العرب في تجريدة البحيرة سنة ثمان وستين . ###$480142955704$# $$$ جانبك السيفي . مضى في جانبك الثور قريبا .	処理済みなので作業不要。ブロック先頭の項だけ作業すればよい。
AIND-D02363	DOLLAR3_STUB	処理済みの転送見出し（$$$）が同じブロックに同居	◎	###$811488777404$# $$$	القعدة أو أوائل الذي بعده سنة تسع وخمسين . ###$811488777404$# $$$ جانبك شيخ . هو المؤيدي يأتي .	処理済みなので作業不要。ブロック先頭の項だけ作業すればよい。
AIND-D02369	DOLLAR3_STUB	処理済みの転送見出し（$$$）が同じブロックに同居	◎	###$613296640095$# $$$	ار دنياه عنه %~% وأذيبت كما أذيب الرصاص %~% ###$613296640095$# $$$ جانبك الظريف . ###$784271938758$# $$$ جانبك	処理済みなので作業不要。ブロック先頭の項だけ作業すればよい。
AIND-D02369	DOLLAR3_STUB	処理済みの転送見出し（$$$）が同じブロックに同居	◎	###$784271938758$# $$$	%~% ###$613296640095$# $$$ جانبك الظريف . ###$784271938758$# $$$ جانبك عفريت . مضيا .	処理済みなので作業不要。ブロック先頭の項だけ作業すればよい。
AIND-D02371	DOLLAR3_STUB	処理済みの転送見出し（$$$）が同じブロックに同居	◎	###$353118459086$# $$$	مع السلطان حين توجهه لمكة فتلطف به حتى كف . ###$353118459086$# $$$ جانبك الفقيه . هو من ظطخ الظاهري أمير سلاح .	処理済みなので作業不要。ブロック先頭の項だけ作業すればよい。
AIND-D02373	DOLLAR3_STUB	処理済みの転送見出し（$$$）が同じブロックに同居	◎	###$540029228241$# $$$	قصروه . مات سنة أربع وستين . أرخه ابن عزم . ###$540029228241$# $$$ جانبك قلقسيز ، هو الاينالي الاشرفي . مضى .	処理済みなので作業不要。ブロック先頭の項だけ作業すればよい。
AIND-D02376	DOLLAR3_STUB	処理済みの転送見出し（$$$）が同じブロックに同居	◎	###$160616682719$# $$$	القعدة سنة ستين ، وقد ناهز الستين تقريبا . ###$160616682719$# $$$ جانبك المرتد يأتي قريبا ###$213079037160$#	処理済みなので作業不要。ブロック先頭の項だけ作業すればよい。
AIND-D02376	DOLLAR3_STUB	処理済みの転送見出し（$$$）が同じブロックに同居	◎	###$213079037160$# $$$	$160616682719$# $$$ جانبك المرتد يأتي قريبا ###$213079037160$# $$$ جانبك المشد . هو الاشرفي برسباي ###$9161995	処理済みなので作業不要。ブロック先頭の項だけ作業すればよい。
AIND-D02376	DOLLAR3_STUB	処理済みの転送見出し（$$$）が同じブロックに同居	◎	###$916199576808$# $$$	37160$# $$$ جانبك المشد . هو الاشرفي برسباي ###$916199576808$# $$$ جانبك المغربي مضيا	処理済みなので作業不要。ブロック先頭の項だけ作業すればよい。
AIND-D02379	DOLLAR3_STUB	処理済みの転送見出し（$$$）が同じブロックに同居	◎	###$832795841777$# $$$	ثلاث وسبعين . وكان من المهملين المنهمكين . ###$832795841777$# $$$ جانبك نائب بعلبك . في النوروزي قريبا .	処理済みなので作業不要。ブロック先頭の項だけ作業すればよい。
AIND-D02404	DOLLAR3_STUB	処理済みの転送見出し（$$$）が同じブロックに同居	◎	###$826446256560$# $$$	خيدب بن لحاف بن راجح . مات سنة تسع وعشرين . ###$826446256560$# $$$ جرقطلي في جار قطلي .	処理済みなので作業不要。ブロック先頭の項だけ作業すればよい。
AIND-D02414	PLUSMIN	語末に付く注記マーカー（語を分断しない）	◎	±±±	اطر وطرح التكلف وكدر المعيشة إما بالفقر وتنكن±±± زوجته وإما بهما ولذا فارقها بعد أن تزوج ابن	無視してよい。記号を取り除いた語がそのまま正しい読み。
AIND-D02424	DOLLAR3_STUB	処理済みの転送見出し（$$$）が同じブロックに同居	◎	###$923170510154$# $$$	. ذكره ابن خطيب الناصرية وشيخنا في أنبائه . ###$923170510154$# $$$ جقمق الأرغون شاوي الدوادار . ولي نيابة دمشق	処理済みなので作業不要。ブロック先頭の項だけ作業すればよい。
AIND-D02426	DOLLAR3_STUB	処理済みの転送見出し（$$$）が同じブロックに同居	◎	###$315319391566$# $$$	يد ، وزار بيت المقدس والخليل . ونعم الرجل . ###$315319391566$# $$$ جقمق المؤيدي الدوادار نائب الشام . مضى قريبا	処理済みなので作業不要。ブロック先頭の項だけ作業すればよい。
AIND-D02444	DOLLAR3_STUB	処理済みの転送見出し（$$$）が同じブロックに同居	◎	###$960835360100$# $$$	بن جمان أحمد الكيلاني . هكذا جرده ابن فهد . ###$960835360100$# $$$ جقمق في حوادث سنة عشر .	処理済みなので作業不要。ブロック先頭の項だけ作業すればよい。
AIND-D02449	DOLLAR3_STUB	処理済みの転送見出し（$$$）が同じブロックに同居	◎	###$284063438187$# $$$	سنة سبع وخمسين فاستقر فيها بعده رحمه الله . ###$284063438187$# $$$ الجنيد السكري . في محمد بن محمد بن . وكذا في	処理済みなので作業不要。ブロック先頭の項だけ作業すればよい。
AIND-D02450	DOLLAR3_STUB	処理済みの転送見出し（$$$）が同じブロックに同居	◎	###$351193273709$# $$$	م قانم التاجر ومعه جملة من الهدايا والتحف . ###$351193273709$# $$$ جهان شاه هو محمود بن محمد بن قاوان . يأتي .	処理済みなので作業不要。ブロック先頭の項だけ作業すればよい。
AIND-D02451	DOLLAR3_STUB	処理済みの転送見出し（$$$）が同じブロックに同居	◎	###$179381998964$# $$$	شتد حنقه وقدم إلى آمد فحاصرها وجهان كير بها ###$179381998964$# $$$ جوان اللعين صاحب قبرس . يأتي في صاحب من الأل	処理済みなので作業不要。ブロック先頭の項だけ作業すればよい。
AIND-D02452	DOLLAR3_STUB	処理済みの転送見出し（$$$）が同じブロックに同居	◎	###$925246690683$# $$$	حتى بعد شيخوخته . مات في سنة نيف وثلاثين . ###$925246690683$# $$$ جوكي بن شاه رخ . مضى في أحمد .	処理済みなので作業不要。ブロック先頭の項だけ作業すればよい。
AIND-D02461	DOLLAR3_STUB	処理済みの転送見出し（$$$）が同じブロックに同居	◎	###$245250393945$# $$$	ة فحمدت عقله وأدبه وخدمته ورغبته في الخير . ###$245250393945$# $$$ جوهر الصفوي . يأتي في المنجكي قريبا .	処理済みなので作業不要。ブロック先頭の項だけ作業すればよい。
AIND-D02479	DOLLAR3_STUB	処理済みの転送見出し（$$$）が同じブロックに同居	◎	###$283191023014$# $$$	بن قلاوون الملك المنصور . مات في سنة احدى . ###$283191023014$# $$$ حاجي بن مغلطاي ويقال له أمير حاج ، مضى في ال	処理済みなので作業不要。ブロック先頭の項だけ作業すればよい。
AIND-D02479	DOLLAR3_STUB	処理済みの転送見出し（$$$）が同じブロックに同居	◎	###$114085074342$# $$$	مغلطاي ويقال له أمير حاج ، مضى في الهمزة . ###$114085074342$# $$$ حاجي فقيه في ابن عبد الله قريبا .	処理済みなので作業不要。ブロック先頭の項だけ作業すればよい。
AIND-D02482	DOLLAR3_STUB	処理済みの転送見出し（$$$）が同じブロックに同居	◎	###$247627519398$# $$$	ن نير الجانفوري الهندي . ممن سمع منى بمكة . ###$247627519398$# $$$ حافظ . في عبيد الله بن عبد الله . ###$79801	処理済みなので作業不要。ブロック先頭の項だけ作業すればよい。
AIND-D02482	DOLLAR3_STUB	処理済みの転送見出し（$$$）が同じブロックに同居	◎	###$798012478890$# $$$	398$# $$$ حافظ . في عبيد الله بن عبد الله . ###$798012478890$# $$$ حافظ آخر مقرئ كان شيخ قبة المرح . في محمد بن	処理済みなので作業不要。ブロック先頭の項だけ作業すればよい。
AIND-D02493	DOLLAR3_STUB	処理済みの転送見出し（$$$）が同じブロックに同居	◎	###$412231957514$# $$$	لى لجده لأمه شيخنا ولم يلبث أن مات وهو طفل. ###$412231957514$# $$$ حدندل ، في على غير منسوب .	処理済みなので作業不要。ブロック先頭の項だけ作業すればよい。
AIND-D02495	ELLIPSIS	原文の欠落（lacuna）	○	...	356 حرب بن ... بن عبد القادر شيخ جبال نابلس مات بالبرج في ص	欠落部は情報なしとして扱い、該当要素を立てずに作業する。
AIND-D02509	DOLLAR3_STUB	処理済みの転送見出し（$$$）が同じブロックに同居	◎	###$604575372777$# $$$	صيته إليه وجعل له إما مائة دينار أو نصفها . ###$604575372777$# $$$ حسن بن إبراهيم الخالدي . مضى فيمن جده حسين ب	処理済みなので作業不要。ブロック先頭の項だけ作業すればよい。
AIND-D02519	PLUSMIN	語末に付く注記マーカー（語を分断しない）	◎	±±±	ن علي بدر الدين الشيشيني . سمع علي شيخنا قلعة±±± من متبايناته بقراءة الفتحي ووصفه بالشيخ .	無視してよい。記号を取り除いた語がそのまま正しい読み。
AIND-D02528	DOLLAR3_STUB	処理済みの転送見出し（$$$）が同じブロックに同居	◎	###$471923879121$# $$$	، ومات بالحبشة وهو والد الجمال محمد الآتي . ###$471923879121$# $$$ الحسن بن أمير علي بن سنقر حسام الدين بن غرلو	処理済みなので作業不要。ブロック先頭の項だけ作業すればよい。
AIND-D02528	DOLLAR3_STUB	処理済みの転送見出し（$$$）が同じブロックに同居	◎	###$968724846082$# $$$	له من جهة الأم . يأتي في آخر من اسمه حسن . ###$968724846082$# $$$ الحسن بن أيوب . يأتي في ابن يوسف بن أيوب .	処理済みなので作業不要。ブロック先頭の項だけ作業すればよい。
AIND-D02541	PLUSMIN	語末に付く注記マーカー（語を分断しない）	◎	±±±	لحجرة وأنه قيل لهم إن المفتاح مع الخادم وسيجئ±±± الآن قال فلم يكن بأسرع من مجيئك ففتحت الحجرة	無視してよい。記号を取り除いた語がそのまま正しい読み。
AIND-D02542	DOLLAR3_STUB	処理済みの転送見出し（$$$）が同じブロックに同居	◎	###$150802011690$# $$$	ومات في حدود سنة خمسين ظنا . قاله البقاعي . ###$150802011690$# $$$ الحسن بن داود بن حسين الاطفيحي ثم الطنتدائي	処理済みなので作業不要。ブロック先頭の項だけ作業すればよい。
AIND-D02547	DOLLAR3_STUB	処理済みの転送見出し（$$$）が同じブロックに同居	◎	###$788533351991$# $$$	باي وبرسباي . قاله شيخنا في إنبائه مختصرا . ###$788533351991$# $$$ الحسن بن سودون الفقيه . هو الذي قبله .	処理済みなので作業不要。ブロック先頭の項だけ作業すればよい。
AIND-D02589	DOLLAR3_STUB	処理済みの転送見出し（$$$）が同じブロックに同居	◎	###$579686373003$# $$$	وة وشدة حرص اقتضى تعبه من قبل بنيه ونحوهم . ###$579686373003$# $$$ حسن بن علي بن محمد بن علي البدر أبو عبد الله	処理済みなので作業不要。ブロック先頭の項だけ作業すればよい。
AIND-D02594	DOLLAR3_STUB	処理済みの転送見出し（$$$）が同じブロックに同居	◎	###$348253066896$# $$$	اء ثم عجز ، وسافر مع أخته إلى بلاده ثم عاد . ###$348253066896$# $$$ حسن بن علي بن محمد حسام الدين الابيوردي . مض	処理済みなので作業不要。ブロック先頭の項だけ作業すればよい。
AIND-D02618	DOLLAR3_STUB	処理済みの転送見出し（$$$）が同じブロックに同居	◎	###$872771753647$# $$$	% وغير ذلك مما أودعته في التاريخ الكبير . ###$872771753647$# $$$ حسن بن محمد بن جعفر . أحيل عليه في الحسن بن	処理済みなので作業不要。ブロック先頭の項だけ作業すればよい。
AIND-D02626	ELLIPSIS	原文の欠落（lacuna）	○	...	الجمال الكازروني في سنة أربع وثلاثين . ومات ...	欠落部は情報なしとして扱い、該当要素を立てずに作業する。
AIND-D02626	IDEOSPACE	全角スペース（変換ノイズ）	◎	　	ى الجمال الكازروني في سنة أربع وثلاثين . ومات ...	半角スペースとして扱う。
AIND-D02640	DOLLAR3_STUB	処理済みの転送見出し（$$$）が同じブロックに同居	◎	###$426577499871$# $$$	عليه وهو ممن أخذ عني ونعم الرجل رحمه الله . ###$426577499871$# $$$ حسن بن محمد بن نصر الله . يأتي قريبا بدون مح	処理済みなので作業不要。ブロック先頭の項だけ作業すればよい。
AIND-D02643	DOLLAR3_STUB	処理済みの転送見出し（$$$）が同じブロックに同居	◎	###$891088279270$# $$$	مات فيها في ربيع الأول سنة اثنتين وسبعين . ###$891088279270$# $$$ حسن بن محمد الأمير البدر بن المحب الطرابلسي	処理済みなので作業不要。ブロック先頭の項だけ作業すればよい。
AIND-D02649	DOLLAR3_STUB	処理済みの転送見出し（$$$）が同じブロックに同居	◎	###$125086734071$# $$$	لجمال محمد بن أبي الفتح ودخل الشام وغيرها . ###$125086734071$# $$$ حسن بن نبهان . في ابن محمد بن عمر بن الحسن ب	処理済みなので作業不要。ブロック先頭の項だけ作業すればよい。
AIND-D02674	DOLLAR3_STUB	処理済みの転送見出し（$$$）が同じブロックに同居	◎	###$568936372005$# $$$	لخواجا . مات بمكة في المحرم سنة ست وخمسين . ###$568936372005$# $$$ حسن الشريف السكندري . مضى في الملقبين بدر ال	処理済みなので作業不要。ブロック先頭の項だけ作業すればよい。
AIND-D02678	DOLLAR3_STUB	処理済みの転送見出し（$$$）が同じブロックに同居	◎	###$519623939887$# $$$	سين ، وما علمت متى مات أبوها صاحب الترجمة . ###$519623939887$# $$$ حسن العلقمي . في ابن أحمد بن حرمي بن مكي بن	処理済みなので作業不要。ブロック先頭の項だけ作業すればよい。
AIND-D02679	DOLLAR3_STUB	処理済みの転送見出し（$$$）が同じブロックに同居	◎	###$162109855538$# $$$	ات بمكة في رجب سنة اثنتين أو إحدى وأربعين . ###$162109855538$# $$$ حسن الفيومي إمام الزاهد . في ابن علي بن سليم	処理済みなので作業不要。ブロック先頭の項だけ作業すればよい。
AIND-D02679	DOLLAR3_STUB	処理済みの転送見出し（$$$）が同じブロックに同居	◎	###$619859416883$# $$$	لفيومي إمام الزاهد . في ابن علي بن سليمان . ###$619859416883$# $$$ حسن القدسي شيخ الشيخونية . في ابن أبي بكر بن	処理済みなので作業不要。ブロック先頭の項だけ作業すればよい。
AIND-D02681	DOLLAR3_STUB	処理済みの転送見出し（$$$）が同じブロックに同居	◎	###$504318924593$# $$$	ائلة وهو طارح التكلف ممن كان يجله شاد جدة . ###$504318924593$# $$$ حسن النمراوي اثنان : ابن علي بن حسن بن أبي ب	処理済みなので作業不要。ブロック先頭の項だけ作業すればよい。
AIND-D02681	DOLLAR3_STUB	処理済みの転送見出し（$$$）が同じブロックに同居	◎	###$380989609784$# $$$	سن بن أبي بكر وابن محمد بن علي وهما صهران . ###$380989609784$# $$$ حسن الهندي . مضى قريبا .	処理済みなので作業不要。ブロック先頭の項だけ作業すればよい。
AIND-D02685	DOLLAR3_STUB	処理済みの転送見出し（$$$）が同じブロックに同居	◎	###$370231220040$# $$$	عشرون سنة فيما بلغني . ذكره الفاسي في مكة . ###$370231220040$# $$$ حسين بن أحمد بن علي المواز . تقدم في حسن بال	処理済みなので作業不要。ブロック先頭の項だけ作業すればよい。
AIND-D02691	DOLLAR3_STUB	処理済みの転送見出し（$$$）が同じブロックに同居	◎	###$843822667615$# $$$	قد بلغ السبعين أو جازها ظنا . ذكره الفاسي . ###$843822667615$# $$$ حسين بن أحمد ، مضى في تغرى برمش .	処理済みなので作業不要。ブロック先頭の項だけ作業すればよい。
AIND-D02692	DOLLAR3_STUB	処理済みの転送見出し（$$$）が同じブロックに同居	◎	###$862596372324$# $$$	ه وغيرها بمكة في سنة سبع وثمانين وكتبت له . ###$862596372324$# $$$ حسين بن أصيل ، يأتي في ابن عبد الله بن أوليا	処理済みなので作業不要。ブロック先頭の項だけ作業すればよい。
AIND-D02699	DOLLAR3_STUB	処理済みの転送見出し（$$$）が同じブロックに同居	◎	###$965663004532$# $$$	لم يخلف بعده في فنه مثله رحمه الله وإيانا . ###$965663004532$# $$$ حسين بن أبي الخير الفاكهاني . يأتي في ابن مح	処理済みなので作業不要。ブロック先頭の項だけ作業すればよい。
AIND-D02702	DOLLAR3_STUB	処理済みの転送見出し（$$$）が同じブロックに同居	◎	###$367232292733$# $$$	لى الشيخ محمد الكرماني ويقول بفساد عقيدته . ###$367232292733$# $$$ حسين بن عبد العزيز الحفصي . في ابن أبي فارس	処理済みなので作業不要。ブロック先頭の項だけ作業すればよい。
AIND-D02709	DOLLAR3_STUB	処理済みの転送見出し（$$$）が同じブロックに同居	◎	###$622187255695$# $$$	ين ويقال إنه مأسور بأيدي الفرنج خلصه الله . ###$622187255695$# $$$ حسين بن علاء الدولة ، سيأتي فيمن لم يسم أبوه	処理済みなので作業不要。ブロック先頭の項だけ作業すればよい。
AIND-D02720	DOLLAR3_STUB	処理済みの転送見出し（$$$）が同じブロックに同居	◎	###$182557332296$# $$$	ن المخلف ما كان يدعى فيه رحمه الله وإيانا . ###$182557332296$# $$$ حسين بن علي بن عبد الله الشرف الفارقي ثم الز	処理済みなので作業不要。ブロック先頭の項だけ作業すればよい。
AIND-D02724	DOLLAR3_STUB	処理済みの転送見出し（$$$）が同じブロックに同居	◎	###$145865316266$# $$$	ة بالطاعون وهو في عقود المقريزي رحمه الله . ###$145865316266$# $$$ حسين بن علي بن محمد بن غضنفر أحد الاشراف . ي	処理済みなので作業不要。ブロック先頭の項だけ作業すればよい。
AIND-D02728	DOLLAR3_STUB	処理済みの転送見出し（$$$）が同じブロックに同居	◎	###$347846219698$# $$$	الأول سنة تسع وأربعين بمكة ودفن بالمعلاة . ###$347846219698$# $$$ حسين بن علي الشرف الفارقي . مضى فيمن جده أبو	処理済みなので作業不要。ブロック先頭の項だけ作業すればよい。
AIND-D02760	ELLIPSIS	原文の欠落（lacuna）	○	...	612 حسين بن ... بن جعفر . مات في العشر الأخير من ربيع الآخر	欠落部は情報なしとして扱い、該当要素を立てずに作業する。
AIND-D02762	DOLLAR3_STUB	処理済みの転送見出し（$$$）が同じブロックに同居	◎	###$917638223862$# $$$	شرين ودفن بالمعلاة جوار الشيخ عمر العرابي . ###$917638223862$# $$$ حسين الأهدل . في ابن عبد الرحمن بن محمد بن ع	処理済みなので作業不要。ブロック先頭の項だけ作業すればよい。
AIND-D02762	DOLLAR3_STUB	処理済みの転送見出し（$$$）が同じブロックに同居	◎	###$704181704697$# $$$	حمن بن محمد بن علي . وفي ابن صديق بن حسين . ###$704181704697$# $$$ حسين خادم الشافعي . في ابن محمد بن أحمد . #	処理済みなので作業不要。ブロック先頭の項だけ作業すればよい。
AIND-D02762	DOLLAR3_STUB	処理済みの転送見出し（$$$）が同じブロックに同居	◎	###$187426674682$# $$$	$ حسين خادم الشافعي . في ابن محمد بن أحمد . ###$187426674682$# $$$ حسين السامري كاتب سر دمشق وناظر جيشها . مضى	処理済みなので作業不要。ブロック先頭の項だけ作業すればよい。
AIND-D02782	ELLIPSIS	原文の欠落（lacuna）	○	...	بزمامه %~% اقصد خليل الله عند مقامه %~% %~% ... ... ... %~% في حي جيرون ولذ بزمامه %~% %~%	欠落部は情報なしとして扱い、該当要素を立てずに作業する。
AIND-D02782	ELLIPSIS	原文の欠落（lacuna）	○	...	مه %~% اقصد خليل الله عند مقامه %~% %~% ... ... ... %~% في حي جيرون ولذ بزمامه %~% %~% وابد	欠落部は情報なしとして扱い、該当要素を立てずに作業する。
AIND-D02782	ELLIPSIS	原文の欠落（lacuna）	○	...	~% اقصد خليل الله عند مقامه %~% %~% ... ... ... %~% في حي جيرون ولذ بزمامه %~% %~% وابد الخ	欠落部は情報なしとして扱い、該当要素を立てずに作業する。
AIND-D02788	DOLLAR3_STUB	処理済みの転送見出し（$$$）が同じブロックに同居	◎	###$447339305024$# $$$	ته لباب المدرسة . والبعاث بأرض مصر يستنسر . ###$447339305024$# $$$ حمزة بن محمد بن موسى . هو طوغان يأتي .	処理済みなので作業不要。ブロック先頭の項だけ作業すればよい。
AIND-D02793	DOLLAR3_STUB	処理済みの転送見出し（$$$）が同じブロックに同居	◎	###$528494893129$# $$$	ن محمد بن أحمد البرلسي . ممن سمع منى بمكة . ###$528494893129$# $$$ حميد الضرير . هو أحمد بن محمد بن عماد .	処理済みなので作業不要。ブロック先頭の項だけ作業すればよい。
AIND-D02799	DOLLAR3_STUB	処理済みの転送見出し（$$$）が同じブロックに同居	◎	###$896192747610$# $$$	تفتازاني قال الطاووسي أجاز لي في سنة إحدى . ###$896192747610$# $$$ حيدر العجمي شيخ قبة النصر . مضى في ابن أحمد	処理済みなので作業不要。ブロック先頭の項だけ作業すればよい。
AIND-D02819	DOLLAR3_STUB	処理済みの転送見出し（$$$）が同じブロックに同居	◎	###$947799464071$# $$$	ي وثمانين قاله لي حفيده يونس بن محمد الآتي . ###$947799464071$# $$$ خربندا في خذابنده وانه محمد بن أرغون بن ايغا	処理済みなので作業不要。ブロック先頭の項だけ作業すればよい。
AIND-D02819	DOLLAR3_STUB	処理済みの転送見出し（$$$）が同じブロックに同居	◎	###$923808045194$# $$$	ي خذابنده وانه محمد بن أرغون بن ايغا يأتي . ###$923808045194$# $$$ خرز وقيل بالسين بدل الزاي الشامي . هو إبراهي	処理済みなので作業不要。ブロック先頭の項だけ作業すればよい。
AIND-D02821	DOLLAR3_STUB	処理済みの転送見出し（$$$）が同じブロックに同居	◎	###$587567470736$# $$$	672 خروف المجذوب المعتقد . ###$587567470736$# $$$ خسرو نائب الشام . كذا سماه العيني وصوابه قصر	処理済みなので作業不要。ブロック先頭の項だけ作業すればよい。
AIND-D02844	ELLIPSIS	原文の欠落（lacuna）	○	...	القاهري . ذكره شيخنا في أنبائه فقال أصله من ... وكان يتجر في الزيت ثم في البر يجلبه ويبيعه ،	欠落部は情報なしとして扱い、該当要素を立てずに作業する。
AIND-D02845	DOLLAR3_STUB	処理済みの転送見出し（$$$）が同じブロックに同居	◎	###$267995060418$# $$$	له واستقر بعده في الخزانة البرهاني الكركي . ###$267995060418$# $$$ خضر بن علي بن أحمد بن عبد العزيز بن القسم .	処理済みなので作業不要。ブロック先頭の項だけ作業すればよい。
AIND-D02866	DOLLAR3_STUB	処理済みの転送見出し（$$$）が同じブロックに同居	◎	###$189351860458$# $$$	ته وسائر أحواله رحمه الله وإيانا وعفا عنه . ###$189351860458$# $$$ خلف الايوبي صاحب حصن كيفا . في ابن محمد بن س	処理済みなので作業不要。ブロック先頭の項だけ作業すればよい。
AIND-D02871	DOLLAR3_STUB	処理済みの転送見出し（$$$）が同じブロックに同居	◎	###$789883918576$# $$$	ثير وكان محترما مهابا زائد لخفر رحمه الله . ###$789883918576$# $$$ خليفة المغربي نزيل بيت المقدس . مضى في ابن م	処理済みなので作業不要。ブロック先頭の項だけ作業すればよい。
AIND-D02920	DOLLAR3_STUB	処理済みの転送見出し（$$$）が同じブロックに同居	◎	###$998873504098$# $$$	دينة النبوية ودفن بالبقيع وقد قارب الستين . ###$998873504098$# $$$ خليل بن أبي الهول . في ابن أبي البركات .	処理済みなので作業不要。ブロック先頭の項だけ作業すればよい。
AIND-D02924	DOLLAR3_STUB	処理済みの転送見出し（$$$）が同じブロックに同居	◎	###$537302931826$# $$$	كبدي اسعفاني %~% إذا لم يرضني عبدا فأني %~% ###$537302931826$# $$$ خليل الأذرعي . في ابن عبد الله . ###$291466	処理済みなので作業不要。ブロック先頭の項だけ作業すればよい。
AIND-D02924	DOLLAR3_STUB	処理済みの転送見出し（$$$）が同じブロックに同居	◎	###$291466385782$# $$$	1826$# $$$ خليل الأذرعي . في ابن عبد الله . ###$291466385782$# $$$ خليل البابرتي . في ابن عبد الله .	処理済みなので作業不要。ブロック先頭の項だけ作業すればよい。
AIND-D02925	DOLLAR3_STUB	処理済みの転送見出し（$$$）が同じブロックに同居	◎	###$532638865785$# $$$	و بعدها بالبدر حسن بن محب الدين الطرابلسي . ###$532638865785$# $$$ خليل صاحب شماخي . في ابن إبراهيم . ###$6274	処理済みなので作業不要。ブロック先頭の項だけ作業すればよい。
AIND-D02925	DOLLAR3_STUB	処理済みの転送見出し（$$$）が同じブロックに同居	◎	###$627434330490$# $$$	85$# $$$ خليل صاحب شماخي . في ابن إبراهيم . ###$627434330490$# $$$ خليل اليوسفي المهمندار . يأتي في قانباي .	処理済みなので作業不要。ブロック先頭の項だけ作業すればよい。
AIND-D02943	DOLLAR3_STUB	処理済みの転送見出し（$$$）が同じブロックに同居	◎	###$659365566886$# $$$	بهادر السنبلي أمير زبيد . مات سنة ثلاثين . ###$659365566886$# $$$ داود بن داود بن محمد القلتاوي . يأتي في ابن	処理済みなので作業不要。ブロック先頭の項だけ作業すればよい。
AIND-D02952	DOLLAR3_STUB	処理済みの転送見出し（$$$）が同じブロックに同居	◎	###$136541379010$# $$$	اث . ذكره ابن خطيب الناصرية واختصره شيخنا . ###$136541379010$# $$$ داود بن علي الغماري . يأتي في ابن موسى .	処理済みなので作業不要。ブロック先頭の項だけ作業すればよい。
AIND-D02961	DOLLAR3_STUB	処理済みの転送見出し（$$$）が同じブロックに同居	◎	###$908192651726$# $$$	ققين وأجاز لي مرارا منها في شهور سنة ثلاث . ###$908192651726$# $$$ داود الصيرفي والد النور على القاضي . في ابن	処理済みなので作業不要。ブロック先頭の項だけ作業すればよい。
AIND-D02961	DOLLAR3_STUB	処理済みの転送見出し（$$$）が同じブロックに同居	◎	###$231152294355$# $$$	في والد النور على القاضي . في ابن إبراهيم . ###$231152294355$# $$$ داود الكردي . مضى في ابن عبد الصمد .	処理済みなので作業不要。ブロック先頭の項だけ作業すればよい。
AIND-D02968	IDEOSPACE	全角スペース（変換ノイズ）	◎	　	دريب بن خلد بن قطب الدين الأمير قطب الدين الحسنى صاحب جازان كان نبيلا جليلا ذا مكارم وم	半角スペースとして扱う。
AIND-D02968	DOLLAR3_STUB	処理済みの転送見出し（$$$）が同じブロックに同居	◎	###$550942808539$# $$$	لشهاب أحمد أبو الغوائل الماضى رحمهما الله . ###$550942808539$# $$$ دقماق الباسطي . هو أحمد بن محمد مضى .	処理済みなので作業不要。ブロック先頭の項だけ作業すればよい。
AIND-D02981	DOLLAR3_STUB	処理済みの転送見出し（$$$）が同じブロックに同居	◎	###$106661157372$# $$$	ي الحسني قراقجا الآتي . | حرف الذال المعجمة ###$106661157372$# $$$ ذو النون جماعة ممن يسمى يونس .	処理済みなので作業不要。ブロック先頭の項だけ作業すればよい。
AIND-D03053	DOLLAR3_STUB	処理済みの転送見出し（$$$）が同じブロックに同居	◎	###$390963665542$# $$$	تي وانه توفي سنة ثلاث وسبعين ثم استبعدت ذلك ###$390963665542$# $$$ سالم بن أحمد الحنبلي القاضي في سالم بن سالم	処理済みなので作業不要。ブロック先頭の項だけ作業すればよい。
AIND-D03053	DOLLAR3_STUB	処理済みの転送見出し（$$$）が同じブロックに同居	◎	###$166154427083$# $$$	لم بن أحمد الحنبلي القاضي في سالم بن سالم . ###$166154427083$# $$$ سالم بن إسماعيل بن الحسن البابي ثم الحلبي في	処理済みなので作業不要。ブロック先頭の項だけ作業すればよい。
AIND-D03072	IDEOSPACE	全角スペース（変換ノイズ）	◎	　	بلاط وطراه بالزيت وتصرف تصرفا منكرا ولم يلبث أن رافع فيه بعض المستحقين فبادر إلى التخلص بك	半角スペースとして扱う。
AIND-D03095	DOLLAR3_STUB	処理済みの転送見出し（$$$）が同じブロックに同居	◎	###$739153812202$# $$$	ي إنبائه ومعجمه والمقريزي في عقوده وآخرون . ###$739153812202$# $$$ سعد الآمدي الطرابلسي . مضى في ابن عبد الله .	処理済みなので作業不要。ブロック先頭の項だけ作業すればよい。
AIND-D03095	DOLLAR3_STUB	処理済みの転送見出し（$$$）が同じブロックに同居	◎	###$498241379052$# $$$	عد الآمدي الطرابلسي . مضى في ابن عبد الله . ###$498241379052$# $$$ سعد الحضرمي . مضى قريبا في ابن محمد بن عبد ا	処理済みなので作業不要。ブロック先頭の項だけ作業すればよい。
AIND-D03130	IDEOSPACE	全角スペース（変換ノイズ）	◎	　	ير . وكان محدث أهل بلده وقرأ الكثير على شيخنا المجد اللغوي ونعم الرجل كان لقيته بزبيد وتعز	半角スペースとして扱う。
AIND-D03155	ELLIPSIS	原文の欠落（lacuna）	○	...	ييد %~% %~% اختاره الملك السلطان ناصرنا %~% ... ... ... ... %~% %~% يرجو سليمان الابشيطي نا	欠落部は情報なしとして扱い、該当要素を立てずに作業する。
AIND-D03155	ELLIPSIS	原文の欠落（lacuna）	○	...	%~% %~% اختاره الملك السلطان ناصرنا %~% ... ... ... ... %~% %~% يرجو سليمان الابشيطي ناظمها	欠落部は情報なしとして扱い、該当要素を立てずに作業する。
AIND-D03155	ELLIPSIS	原文の欠落（lacuna）	○	...	%~% اختاره الملك السلطان ناصرنا %~% ... ... ... ... %~% %~% يرجو سليمان الابشيطي ناظمها %~%	欠落部は情報なしとして扱い、該当要素を立てずに作業する。
AIND-D03155	ELLIPSIS	原文の欠落（lacuna）	○	...	اختاره الملك السلطان ناصرنا %~% ... ... ... ... %~% %~% يرجو سليمان الابشيطي ناظمها %~% أن	欠落部は情報なしとして扱い、該当要素を立てずに作業する。
AIND-D03187	DOLLAR3_STUB	処理済みの転送見出し（$$$）が同じブロックに同居	◎	###$713685998486$# $$$	في كائنة تكلم معه فيها وخاشنه رحمهما الله . ###$713685998486$# $$$ سنان آخر اسمه يوسف بن أحمد الرومي . ###$175	処理済みなので作業不要。ブロック先頭の項だけ作業すればよい。
AIND-D03187	DOLLAR3_STUB	処理済みの転送見出し（$$$）が同じブロックに同居	◎	###$175934282649$# $$$	6$# $$$ سنان آخر اسمه يوسف بن أحمد الرومي . ###$175934282649$# $$$ سنبل فتى السلطان محمود بن بغيث خان بن علي شي	処理済みなので作業不要。ブロック先頭の項だけ作業すればよい。
AIND-D03188	DOLLAR3_STUB	処理済みの転送見出し（$$$）が同じブロックに同居	◎	###$130694519706$# $$$	ندت بالهند وسواكن وغيرهما كعدن وهرموز بعد . ###$130694519706$# $$$ سنبل الأشرفي آخر أكبر منه بالذي قبله .	処理済みなので作業不要。ブロック先頭の項だけ作業すればよい。
AIND-D03202	DOLLAR3_STUB	処理済みの転送見出し（$$$）が同じブロックに同居	◎	###$876890561470$# $$$	قورا متواضعا كثير الأدب والحياء رحمه الله . ###$876890561470$# $$$ سودون اتمحكي . في سودون المحمدي .	処理済みなので作業不要。ブロック先頭の項だけ作業すればよい。
AIND-D03203	DOLLAR3_STUB	処理済みの転送見出し（$$$）が同じブロックに同居	◎	###$786012576705$# $$$	عشرين وهو مذكور في حوادثها من أنباء شيخنا . ###$786012576705$# $$$ سودون الأشقر . في سودون الظاهر برقوق ، وآخر	処理済みなので作業不要。ブロック先頭の項だけ作業すればよい。
AIND-D03203	DOLLAR3_STUB	処理済みの転送見出し（$$$）が同じブロックに同居	◎	###$946692168641$# $$$	ي سودون الظاهر برقوق ، وآخر في الأبو بكري . ###$946692168641$# $$$ سودون الأفرم . في الظاهري جقمق .	処理済みなので作業不要。ブロック先頭の項だけ作業すればよい。
AIND-D03204	DOLLAR3_STUB	処理済みの転送見出し（$$$）が同じブロックに同居	◎	###$328602753988$# $$$	غيرة ومساوىء كثيرة فيما قيل عفا الله عنه . ###$328602753988$# $$$ سودون الاينالي يأتي في الطويل . ###$9524886	処理済みなので作業不要。ブロック先頭の項だけ作業すればよい。
AIND-D03204	DOLLAR3_STUB	処理済みの転送見出し（$$$）が同じブロックに同居	◎	###$952488696773$# $$$	53988$# $$$ سودون الاينالي يأتي في الطويل . ###$952488696773$# $$$ سودون البجاسي . في حوادث سنة عشر .	処理済みなので作業不要。ブロック先頭の項だけ作業すればよい。
AIND-D03206	DOLLAR3_STUB	処理済みの転送見出し（$$$）が同じブロックに同居	◎	###$375914503115$# $$$	لعشرات . ممن ولي الحسبة أيام الظاهر خشقدم . ###$375914503115$# $$$ سودون البرقي . في الشمسي . ###$361410599884	処理済みなので作業不要。ブロック先頭の項だけ作業すればよい。
AIND-D03206	DOLLAR3_STUB	処理済みの転送見出し（$$$）が同じブロックに同居	◎	###$361410599884$# $$$	5914503115$# $$$ سودون البرقي . في الشمسي . ###$361410599884$# $$$ سودون بقجة . في سودون الظاهري قريبا .	処理済みなので作業不要。ブロック先頭の項だけ作業すればよい。
AIND-D03207	DOLLAR3_STUB	処理済みの転送見出し（$$$）が同じブロックに同居	◎	###$781918936015$# $$$	مع المال وعدم صرفه إلا في طريقه رحمه الله . ###$781918936015$# $$$ سودون التركماني . في سودون اليشبكي . ###$96	処理済みなので作業不要。ブロック先頭の項だけ作業すればよい。
AIND-D03207	DOLLAR3_STUB	処理済みの転送見出し（$$$）が同じブロックに同居	◎	###$963423247321$# $$$	$# $$$ سودون التركماني . في سودون اليشبكي . ###$963423247321$# $$$ سودون تلي . في سودون المحمدي	処理済みなので作業不要。ブロック先頭の項だけ作業すればよい。
AIND-D03208	DOLLAR3_STUB	処理済みの転送見出し（$$$）が同じブロックに同居	◎	###$831055207390$# $$$	لسلطان بعشرة دنانير يجهز بها عفا الله عنه . ###$831055207390$# $$$ سودون الجلب . في سودون الظاهري .	処理済みなので作業不要。ブロック先頭の項だけ作業すればよい。
AIND-D03211	DOLLAR3_STUB	処理済みの転送見出し（$$$）が同じブロックに同居	◎	###$825174793184$# $$$	ئل ذي القعدة سنة سبع وعشرين . ذكره العيني : ###$825174793184$# $$$ سودون خجا . في سودون البلاطي .	処理済みなので作業不要。ブロック先頭の項だけ作業すればよい。
AIND-D03215	DOLLAR3_STUB	処理済みの転送見出し（$$$）が同じブロックに同居	◎	###$934998449131$# $$$	ثلاثين وكان جيدا مشكور السيرة . ذكره العيني. ###$934998449131$# $$$ سودون الشمسي . في حوادث سنة عشر .	処理済みなので作業不要。ブロック先頭の項だけ作業すればよい。
AIND-D03224	DOLLAR3_STUB	処理済みの転送見出し（$$$）が同じブロックに同居	◎	###$452561214461$# $$$	عجائب . مات في ثاني عشر صفر سنة ست وعشرين . ###$452561214461$# $$$ سودون الظاهري برقوق ويعرف بالقاضي . يأتي قري	処理済みなので作業不要。ブロック先頭の項だけ作業すればよい。
AIND-D03225	DOLLAR3_STUB	処理済みの転送見出し（$$$）が同じブロックに同居	◎	###$386953911295$# $$$	أعطى حجوبية طرابلس فكانت منيته بها في صفر . ###$386953911295$# $$$ سودون الظاهري برقوقي قريبه . يأتي قريبا . #	処理済みなので作業不要。ブロック先頭の項だけ作業すればよい。
AIND-D03225	DOLLAR3_STUB	処理済みの転送見出し（$$$）が同じブロックに同居	◎	###$854300040192$# $$$	$ سودون الظاهري برقوقي قريبه . يأتي قريبا . ###$854300040192$# $$$ سودون الظاهري برقوق ويعرف بالمارداني . يأتي	処理済みなので作業不要。ブロック先頭の項だけ作業すればよい。
AIND-D03228	DOLLAR3_STUB	処理済みの転送見出し（$$$）が同じブロックに同居	◎	###$927658417156$# $$$	الظاهر خشقدم خازندارا ثم طبلخاناه ومات في . ###$927658417156$# $$$ سودون الظاهري جقمق الشمسي البرقي . مضى في ال	処理済みなので作業不要。ブロック先頭の項だけ作業すればよい。
AIND-D03228	DOLLAR3_STUB	処理済みの転送見出し（$$$）が同じブロックに同居	◎	###$446517222404$# $$$	لظاهري جقمق الشمسي البرقي . مضى في الشمسي . ###$446517222404$# $$$ سودون الظريف . في سودون الظاهري . ###$92595	処理済みなので作業不要。ブロック先頭の項だけ作業すればよい。
AIND-D03228	DOLLAR3_STUB	処理済みの転送見出し（$$$）が同じブロックに同居	◎	###$925959724038$# $$$	404$# $$$ سودون الظريف . في سودون الظاهري . ###$925959724038$# $$$ سودون العجمي . في سودون النوروزي . ###$1024	処理済みなので作業不要。ブロック先頭の項だけ作業すればよい。
AIND-D03228	DOLLAR3_STUB	処理済みの転送見出し（$$$）が同じブロックに同居	◎	###$102475242502$# $$$	38$# $$$ سودون العجمي . في سودون النوروزي . ###$102475242502$# $$$ سودون الفقيه . في سودون الظاهر برقوق .	処理済みなので作業不要。ブロック先頭の項だけ作業すればよい。
AIND-D03229	DOLLAR3_STUB	処理済みの転送見出し（$$$）が同じブロックに同居	◎	###$903427922952$# $$$	لي وظلم فيه وأفسد ثم ولي النيابة المذكورة . ###$903427922952$# $$$ سودون قراسقل في سودون الظاهري . ###$2898180	処理済みなので作業不要。ブロック先頭の項だけ作業すればよい。
AIND-D03229	DOLLAR3_STUB	処理済みの転送見出し（$$$）が同じブロックに同居	◎	###$289818024968$# $$$	22952$# $$$ سودون قراسقل في سودون الظاهري . ###$289818024968$# $$$ سودون قراقاش . في سودون الاينالي .	処理済みなので作業不要。ブロック先頭の項だけ作業すればよい。
AIND-D03232	DOLLAR3_STUB	処理済みの転送見出し（$$$）が同じブロックに同居	◎	###$580680424469$# $$$	ب السبيل بحارة الباطلية والجامع الذي هناك . ###$580680424469$# $$$ سودون قندوره ، في سودون اليشبكي .	処理済みなので作業不要。ブロック先頭の項だけ作業すればよい。
AIND-D03237	DOLLAR3_STUB	処理済みの転送見出し（$$$）が同じブロックに同居	◎	###$988870089764$# $$$	ا مشكور السيرة سليم الباطن عنده حشمة وكرم . ###$988870089764$# $$$ سودون المغربي . في سودون الظاهري .	処理済みなので作業不要。ブロック先頭の項だけ作業すればよい。
AIND-D03238	DOLLAR3_STUB	処理済みの転送見出し（$$$）が同じブロックに同居	◎	###$200173165608$# $$$	لى سنة تسع وسبعين ، ويقال انه سقط وهو ثمل . ###$200173165608$# $$$ سودون ميق . في سودون الظاهري برقوق .	処理済みなので作業不要。ブロック先頭の項だけ作業すればよい。
AIND-D03239	DOLLAR3_STUB	処理済みの転送見出し（$$$）が同じブロックに同居	◎	###$865364614189$# $$$	مات في حدود الخمسين ، وكان فيما قيل مهملا . ###$865364614189$# $$$ سودون النوروزي . في سودون المحمدي .	処理済みなので作業不要。ブロック先頭の項だけ作業すればよい。
AIND-D03253	DOLLAR3_STUB	処理済みの転送見出し（$$$）が同じブロックに同居	◎	###$574833564734$# $$$	ع وثمانين إما في آخر صفر أو أول الذي يليه . ###$574833564734$# $$$ سيف بن عيسى سيف الدين السيرامي . يأتي في يوس	処理済みなので作業不要。ブロック先頭の項だけ作業すればよい。
AIND-D03254	ELLIPSIS	原文の欠落（lacuna）	○	...	سيف بن ... بن جبير . | حرف الشين المعجمة ###$51489696	欠落部は情報なしとして扱い、該当要素を立てずに作業する。
AIND-D03254	DOLLAR3_STUB	処理済みの転送見出し（$$$）が同じブロックに同居	◎	###$514896960578$# $$$	سيف بن ... بن جبير . | حرف الشين المعجمة ###$514896960578$# $$$ شاذ بك آخوخ يعني به جنسه ، يأتي قريبا .	処理済みなので作業不要。ブロック先頭の項だけ作業すればよい。
AIND-D03257	DOLLAR3_STUB	処理済みの転送見出し（$$$）が同じブロックに同居	◎	###$710519299148$# $$$	مع تعزز واظهار برغبته في التخلي عن الامرة . ###$710519299148$# $$$ شاذ بك بشق تقدم قريبا .	処理済みなので作業不要。ブロック先頭の項だけ作業すればよい。
AIND-D03262	DOLLAR3_STUB	処理済みの転送見出し（$$$）が同じブロックに同居	◎	###$138139409498$# $$$	أول سنة أربع وستين وهو أول مطعون فيما قيل . ###$138139409498$# $$$ شاذ بك فرفور . مضى قريبا .	処理済みなので作業不要。ブロック先頭の項だけ作業すればよい。
AIND-D03270	ELLIPSIS	原文の欠落（lacuna）	○	...	ضطر بالزحام للوقوف عند سبيل المؤيد بالشارع و ... شاعرا يقرأ على المتولي للسقي فيه وظهره للمار	欠落部は情報なしとして扱い、該当要素を立てずに作業する。
AIND-D03270	IDEOSPACE	全角スペース（変換ノイズ）	◎	　	اضطر بالزحام للوقوف عند سبيل المؤيد بالشارع و ... شاعرا يقرأ على المتولي للسقي فيه وظهره لل	半角スペースとして扱う。
AIND-D03270	IDEOSPACE	全角スペース（変換ノイズ）	◎	　	بالزحام للوقوف عند سبيل المؤيد بالشارع و ... شاعرا يقرأ على المتولي للسقي فيه وظهره للمارة	半角スペースとして扱う。
AIND-D03287	DOLLAR3_STUB	処理済みの転送見出し（$$$）が同じブロックに同居	◎	###$426581695623$# $$$	ين الحسنى الماضي قريبا وأحد التاريخين غلط . ###$426581695623$# $$$ شاهين الشجاعي . مضى في شاهين الدوادار	処理済みなので作業不要。ブロック先頭の項だけ作業すればよい。
AIND-D03290	DOLLAR3_STUB	処理済みの転送見出し（$$$）が同じブロックに同居	◎	###$992313613449$# $$$	يخا طوالا يجيد لعب الطير من الجوارح . مات . ###$992313613449$# $$$ شاهين الشيخي . في شاهين الدوادار .	処理済みなので作業不要。ブロック先頭の項だけ作業すればよい。
AIND-D03292	DOLLAR3_STUB	処理済みの転送見出し（$$$）が同じブロックに同居	◎	###$833638898841$# $$$	ي أتريد أخذ الثالثة وإقبارها فضحك الجماعة . ###$833638898841$# $$$ شاهين غزالي . في شاهين الرومي .	処理済みなので作業不要。ブロック先頭の項だけ作業すればよい。
AIND-D03293	DOLLAR3_STUB	処理済みの転送見出し（$$$）が同じブロックに同居	◎	###$937703775388$# $$$	حرم سنة أربع وعشرين ، وكان من الفرسان ظنا . ###$937703775388$# $$$ شاهين الفقيه . في شاهين الزيني يحيى .	処理済みなので作業不要。ブロック先頭の項だけ作業すればよい。
AIND-D03294	DOLLAR3_STUB	処理済みの転送見出し（$$$）が同じブロックに同居	◎	###$808741510302$# $$$	إنبائه وكذا العيني وقال انه ما اشتهر بخير . ###$808741510302$# $$$ شاهين كنك في شاهين الافرم	処理済みなので作業不要。ブロック先頭の項だけ作業すればよい。
AIND-D03298	DOLLAR3_STUB	処理済みの転送見出し（$$$）が同じブロックに同居	◎	###$765275937963$# $$$	ملة وجلوسه مستقبل القبلة والمصحف بين يديه . ###$765275937963$# $$$ شاه سوار بن سليمان بن ناصر الدين بك بن دلغاد	処理済みなので作業不要。ブロック先頭の項だけ作業すればよい。
AIND-D03300	DOLLAR3_STUB	処理済みの転送見出し（$$$）が同じブロックに同居	◎	###$144967736496$# $$$	سنة اثنتين وتسعين تقريبا وقد جاز السبعين . ###$144967736496$# $$$ شرباش . في جرباش بالجيم .	処理済みなので作業不要。ブロック先頭の項だけ作業すればよい。
AIND-D03308	DOLLAR3_STUB	処理済みの転送見出し（$$$）が同じブロックに同居	◎	###$175586155714$# $$$	نحوه في محمد بن محمد بن علي الزين الخافي . ###$175586155714$# $$$ شريف بالتصغير الفيومي الوكيل أخو العز عبد ال	処理済みなので作業不要。ブロック先頭の項だけ作業すればよい。
AIND-D03308	DOLLAR3_STUB	処理済みの転送見出し（$$$）が同じブロックに同居	◎	###$755385769155$# $$$	بد العزيز . اسمه شرف الدين محمد ابن سيأتي . ###$755385769155$# $$$ شعبان بن داود الآثاري . في ابن محمد بن داود	処理済みなので作業不要。ブロック先頭の項だけ作業すればよい。
AIND-D03330	DOLLAR3_STUB	処理済みの転送見出し（$$$）が同じブロックに同居	◎	###$591033033378$# $$$	ره كل يوم مرارا ولا يعرف فيما قيل إلا الخير ###$591033033378$# $$$ شمس بن عطاء الله الهروي . في محمد .	処理済みなので作業不要。ブロック先頭の項だけ作業すればよい。
AIND-D03345	DOLLAR3_STUB	処理済みの転送見出し（$$$）が同じブロックに同居	◎	###$617837763853$# $$$	غير ذلك وترجمته نحو كراسين من عقود المقريزي ###$617837763853$# $$$ شيخ أميراخور وطبلخاناه . هو شيخ الركني مضى .	処理済みなので作業不要。ブロック先頭の項だけ作業すればよい。
AIND-D03389	DOLLAR3_STUB	処理済みの転送見出し（$$$）が同じブロックに同居	◎	###$734619770226$# $$$	سنة سبع وتسعين وأقرأ الطلبة ببلده وغيرها . ###$734619770226$# $$$ صديق الزبيدي . في ابن محمد بن علي قريبا .	処理済みなので作業不要。ブロック先頭の項だけ作業すればよい。
AIND-D03390	DOLLAR3_STUB	処理済みの転送見出し（$$$）が同じブロックに同居	◎	###$562963684726$# $$$	حصله ثم وسطه في سنة أربع . أرخه ابن دقماق . ###$562963684726$# $$$ صرداح بن مقبل . مضى في سرداح من السين المهمل	処理済みなので作業不要。ブロック先頭の項だけ作業すればよい。
AIND-D03403	DOLLAR3_STUB	処理済みの転送見出し（$$$）が同じブロックに同居	◎	###$764663569808$# $$$	ئه نفلا عن أخبار صاحبه عبد الرحمن التبريزي. ###$764663569808$# $$$ ضياء جماعة كثيرون كل منهم يلقب ضياء الدين كا	処理済みなので作業不要。ブロック先頭の項だけ作業すればよい。
AIND-D03432	DOLLAR3_STUB	処理済みの転送見出し（$$$）が同じブロックに同居	◎	###$884138319318$# $$$	ع كرم فيما قيل وبلغني أنه كان مقطوع الأذن . ###$884138319318$# $$$ طوخ بطيخ . في الظاهري قريبا .	処理済みなので作業不要。ブロック先頭の項だけ作業すればよい。
AIND-D03434	DOLLAR3_STUB	処理済みの転送見出し（$$$）が同じブロックに同居	◎	###$303134940637$# $$$	ر أحد المقدمين بالديار المصرية وأمير مجلس . ###$303134940637$# $$$ طوخ مازي . في الناصري .	処理済みなので作業不要。ブロック先頭の項だけ作業すればよい。
AIND-D03445	DOLLAR3_STUB	処理済みの転送見出し（$$$）が同じブロックに同居	◎	###$224684678645$# $$$	اثنتين وخمسين وكان مذكورا بالشجاعة والكرم . ###$224684678645$# $$$ طوغان العلائي . مضى في طوغان قيز قريبا .	処理済みなので作業不要。ブロック先頭の項だけ作業すればよい。
AIND-D03455	DOLLAR3_STUB	処理済みの転送見出し（$$$）が同じブロックに同居	◎	###$272168394246$# $$$	المراوعة ودفن عن الشيخ علي بن عمر الأهدل . ###$272168394246$# $$$ الطيب اليماني . هو محمد بن أحمد بن أبي بكر ب	処理済みなので作業不要。ブロック先頭の項だけ作業すればよい。
AIND-D03458	DOLLAR3_STUB	処理済みの転送見出し（$$$）が同じブロックに同居	◎	###$204224863758$# $$$	نة تسع عشرة ، وممن ذكره المقريزي في عقوده . ###$204224863758$# $$$ ظهيرة بن عبد الله بن ظهيرة بن أحمد . يأتي في	処理済みなので作業不要。ブロック先頭の項だけ作業すればよい。
AIND-D03460	DOLLAR3_STUB	処理済みの転送見出し（$$$）が同じブロックに同居	◎	###$515920371220$# $$$	اس عليه وصبر أبوه على فقده رحم الله شبابه . ###$515920371220$# $$$ ظهير جماعة اختصارا من لقبهم ظهير الدين منهم	処理済みなので作業不要。ブロック先頭の項だけ作業すればよい。
AIND-D03475	DOLLAR3_STUB	処理済みの転送見出し（$$$）が同じブロックに同居	◎	###$404049894967$# $$$	د بن موسى البلشوني . ممن سمع مني بالقاهرة . ###$404049894967$# $$$ العباس بن المتوكل بن المعتضد . مضى قريبا في	処理済みなので作業不要。ブロック先頭の項だけ作業すればよい。
AIND-D03501	DOLLAR3_STUB	処理済みの転送見出し（$$$）が同じブロックに同居	◎	###$595767336570$# $$$	اعة وترام على الصالحين والعلماء خلصه الله . ###$595767336570$# $$$ عبد الباسط المباشر بجدة . مضى فيمن أبوه محمد	処理済みなので作業不要。ブロック先頭の項だけ作業すればよい。
AIND-D03509	DOLLAR3_STUB	処理済みの転送見出し（$$$）が同じブロックに同居	◎	###$255785442963$# $$$	عد رجوعه بالقاهرة ، ولا يخلو من هوس كشيخه . ###$255785442963$# $$$ عبد الجبار بن نعمان بن ثابت . في ابن عبد الل	処理済みなので作業不要。ブロック先頭の項だけ作業すればよい。
AIND-D03522	DOLLAR3_STUB	処理済みの転送見出し（$$$）が同じブロックに同居	◎	###$570232413867$# $$$	ه وقال غيره انه ابن عثمان بن أحمد كما مضى . ###$570232413867$# $$$ عبد الحميد بن أحمد بن أبي بكر بن عبد الله بن	処理済みなので作業不要。ブロック先頭の項だけ作業すればよい。
AIND-D03522	DOLLAR3_STUB	処理済みの転送見出し（$$$）が同じブロックに同居	◎	###$206804360875$# $$$	ر بن عبد الله بن ظهيرة أبو بكر . في الكنى . ###$206804360875$# $$$ عبد الحميد بن عبد الرحيم بن علي التركماني .	処理済みなので作業不要。ブロック先頭の項だけ作業すればよい。
AIND-D03522	DOLLAR3_STUB	処理済みの転送見出し（$$$）が同じブロックに同居	◎	###$413906509485$# $$$	بن عبد الرحيم بن علي التركماني . في حماد . ###$413906509485$# $$$ عبد الحميد بن عبد الله المالكي . في عبد الحم	処理済みなので作業不要。ブロック先頭の項だけ作業すればよい。
AIND-D03537	DOLLAR3_STUB	処理済みの転送見出し（$$$）が同じブロックに同居	◎	###$436815797951$# $$$	بن الشيخ عمر الهوى . ممن أخذ عني بالقاهرة . ###$436815797951$# $$$ عبد ربه في إبراهيم الرملي .	処理済みなので作業不要。ブロック先頭の項だけ作業すればよい。
AIND-D03552	PLUSMIN	語末に付く注記マーカー（語を分断しない）	◎	±±±	ها عند القاضي الحنفي سعد الدين بن الديري وعدم±±± نهضة التقى لشيء حتى ولا تحرير الدعوى وقال له	無視してよい。記号を取り除いた語がそのまま正しい読み。
AIND-D03558	PLUSMIN	語末に付く注記マーカー（語を分断しない）	◎	±±±	ر ، وروى عنه المقريزي في عقوده وغيرها ان رثاه±±± قال له انه رأى في منامه رجلا وقف أمامه وأنشد	無視してよい。記号を取り除いた語がそのまま正しい読み。
AIND-D03560	PLUSMIN	語末に付く注記マーカー（語を分断しない）	◎	±±±	ليه وقرأ عليه الأربعين المتباينة له وما قالته±±± كتابته في الاملاء من عشاريات الصحابة وحضر در	無視してよい。記号を取り除いた語がそのまま正しい読み。
AIND-D03561	DOLLAR3_STUB	処理済みの転送見出し（$$$）が同じブロックに同居	◎	###$157672283873$# $$$	بن الجمال المصري المكي . ممن سمع مني بمكة . ###$157672283873$# $$$ عبد الرحمن بن أحمد بن عبد الرحمن بن حمدان .	処理済みなので作業不要。ブロック先頭の項だけ作業すればよい。
AIND-D03576	DOLLAR3_STUB	処理済みの転送見出し（$$$）が同じブロックに同居	◎	###$769063395065$# $$$	وأظنه الأول وقع الغلط أحد الموضعين في جده . ###$769063395065$# $$$ عبد الرحمن بن أحمد بن عياش . يأتي فيمن جده م	処理済みなので作業不要。ブロック先頭の項だけ作業すればよい。
AIND-D03587	DOLLAR3_STUB	処理済みの転送見出し（$$$）が同じブロックに同居	◎	###$792996093720$# $$$	وجلال الدين السيوطي وربما خطب بجامع طولون . ###$792996093720$# $$$ عبد الرحمن بن أحمد بن محمد بن محمد بن فهد .	処理済みなので作業不要。ブロック先頭の項だけ作業すればよい。
AIND-D03601	ELLIPSIS	原文の欠落（lacuna）	○	...	يدغمش عشرة الحداد وحدث سمع منه الفضلاء . مات ...	欠落部は情報なしとして扱い、該当要素を立てずに作業する。
AIND-D03613	DOLLAR3_STUB	処理済みの転送見出し（$$$）が同じブロックに同居	◎	###$325679325019$# $$$	في كتابة السر ابن القرناص قاضيها المالكي . ###$325679325019$# $$$ عبد الرحمن بن أبي بكر بن يحيى الزوقري . فيمن	処理済みなので作業不要。ブロック先頭の項だけ作業すればよい。
AIND-D03621	DOLLAR3_STUB	処理済みの転送見出し（$$$）が同じブロックに同居	◎	###$372601003885$# $$$	تين وستين بجدة وحمل إلى مكة فدفن بمعلاتها . ###$372601003885$# $$$ عبد الرحمن بن حسن بن محمد الدميري الطولوني .	処理済みなので作業不要。ブロック先頭の項だけ作業すればよい。
AIND-D03631	DOLLAR3_STUB	処理済みの転送見出し（$$$）が同じブロックに同居	◎	###$924776931192$# $$$	ره المقريزي في عقوده بما سلف نحوه في داود . ###$924776931192$# $$$ عبد الرحمن بن داود . مضى في ابن أبي بكر بن د	処理済みなので作業不要。ブロック先頭の項だけ作業すればよい。
AIND-D03633	DOLLAR3_STUB	処理済みの転送見出し（$$$）が同じブロックに同居	◎	###$664021245819$# $$$	فن من الغد عند أبيه رحمه الله وعوضه الجنة . ###$664021245819$# $$$ عبد الرحمن بن أبي السرور بن عبد الرحمن الحسن	処理済みなので作業不要。ブロック先頭の項だけ作業すればよい。
AIND-D03649	DOLLAR3_STUB	処理済みの転送見出し（$$$）が同じブロックに同居	◎	###$764084756388$# $$$	وكانت أم ولده بمكة فحجا ثم عادا مع الركب . ###$764084756388$# $$$ عبد الرحمن بن عبد القادر بن أبي الخير الطاوس	処理済みなので作業不要。ブロック先頭の項だけ作業すればよい。
AIND-D03658	PLUSMIN	語末に付く注記マーカー（語を分断しない）	◎	±±±	251 عبد الرحمن بن عبد الله بن عبد الرحمن وجيه±±± الدين العلوي ثم العكي الزبيدي الحنفي . ولد س	無視してよい。記号を取り除いた語がそのまま正しい読み。
AIND-D03667	DOLLAR3_STUB	処理済みの転送見出し（$$$）が同じブロックに同居	◎	###$642709987281$# $$$	ن ومات بالقاهرة إما فيها أو في التي بعدها . ###$642709987281$# $$$ عبد الرحمن بن عبد الله بن أمين الدين . في اب	処理済みなので作業不要。ブロック先頭の項だけ作業すればよい。
AIND-D03705	DOLLAR3_STUB	処理済みの転送見出し（$$$）が同じブロックに同居	◎	###$665082404915$# $$$	فالصواب سبع عشرة وكذا هو في عقود المقريزي . ###$665082404915$# $$$ عبد الرحمن بن علي الزين بن الصائغ المكتب . ه	処理済みなので作業不要。ブロック先頭の項だけ作業すればよい。
AIND-D03709	PLUSMIN	語末に付く注記マーカー（語を分断しない）	◎	±±±	عسكر ومن خاطبه بغيرها مقته كل هذا ووالده ينوه±±± به في المجالس ويستحسن جميع ما يرد منه ويحرض	無視してよい。記号を取り除いた語がそのまま正しい読み。
AIND-D03717	DOLLAR3_STUB	処理済みの転送見出し（$$$）が同じブロックに同居	◎	###$861170311256$# $$$	أسفوا على فقده رحمه الله وايانا ونفعنا به ، ###$861170311256$# $$$ عبد الرحمن بن عياش . في ابن أحمد بن محمد بن	処理済みなので作業不要。ブロック先頭の項だけ作業すればよい。
AIND-D03731	DOLLAR3_STUB	処理済みの転送見出し（$$$）が同じブロックに同居	◎	###$963112869998$# $$$	عبد اللطيف الآتي . سمعا على التقي بن فهد . ###$963112869998$# $$$ عبد الرحمن بن محمد بن أحمد بن محمد بن محمد ب	処理済みなので作業不要。ブロック先頭の項だけ作業すればよい。
AIND-D03736	DOLLAR3_STUB	処理済みの転送見出し（$$$）が同じブロックに同居	◎	###$738184929409$# $$$	قة غير مرضية ، وهو في سنة سبع وتسعين هناك . ###$738184929409$# $$$ عبد الرحمن بن محمد بن إسماعيل بن حسين بن موس	処理済みなので作業不要。ブロック先頭の項だけ作業すればよい。
AIND-D03761	PLUSMIN	語末に付く注記マーカー（語を分断しない）	◎	±±±	تقرب إلى مولاك فيه عبادة %~% وبع بيع الرهاين±±± وابعد عن الديرى %~% عبد الرحمن بن محمد بن ع	無視してよい。記号を取り除いた語がそのまま正しい読み。
AIND-D03785	ELLIPSIS	原文の欠落（lacuna）	○	...	377 عبد الرحمن بن محمد بن غانم ... ثم المكي وإليها ومحتسها ويعرف بابن غانم . ول	欠落部は情報なしとして扱い、該当要素を立てずに作業する。
AIND-D03814	DOLLAR3_STUB	処理済みの転送見出し（$$$）が同じブロックに同居	◎	###$164018266383$# $$$	بن علي البعلي خطيبها . مات سنة اثنتي عشرة . ###$164018266383$# $$$ عبد الرحمن بن مسعود بن موسى المغربي نزيل بيت	処理済みなので作業不要。ブロック先頭の項だけ作業すればよい。
AIND-D03822	PLUSMIN	語末に付く注記マーカー（語を分断しない）	◎	±±±	غير مرة وجاور وزار بيت المقدس وأثكل عدة أولاد±±± فصبر ولزم الانجماع بمنزله خصوصا عن بني الدني	無視してよい。記号を取り除いた語がそのまま正しい読み。
AIND-D03829	DOLLAR3_STUB	処理済みの転送見出し（$$$）が同じブロックに同居	◎	###$234331578673$# $$$	ي خادم الفقراء بها . ممن أخذ عني بالقاهرة . ###$234331578673$# $$$ عبد الرحمن بن زين الدين بن سعد الدين الحلال	処理済みなので作業不要。ブロック先頭の項だけ作業すればよい。
AIND-D03831	DOLLAR3_STUB	処理済みの転送見出し（$$$）が同じブロックに同居	◎	###$737400594743$# $$$	طار بباب السلام . مات بمكة في صفر سنة ستين . ###$737400594743$# $$$ عبد الرحمن بن التاجر . في ولده إسماعيل . ##	処理済みなので作業不要。ブロック先頭の項だけ作業すればよい。
AIND-D03831	DOLLAR3_STUB	処理済みの転送見出し（$$$）が同じブロックに同居	◎	###$551408378168$# $$$	$$ عبد الرحمن بن التاجر . في ولده إسماعيل . ###$551408378168$# $$$ عبد الرحمن وجيه الدين ابن الجمال المصري . في	処理済みなので作業不要。ブロック先頭の項だけ作業すればよい。
AIND-D03831	DOLLAR3_STUB	処理済みの転送見出し（$$$）が同じブロックに同居	◎	###$486480552250$# $$$	ي . في ابن محمد بن أبي بكر بن علي بن يوسف . ###$486480552250$# $$$ عبد الرحمن المعروف بابن غانم والي مكة . مضى	処理済みなので作業不要。ブロック先頭の項だけ作業すればよい。
AIND-D03831	DOLLAR3_STUB	処理済みの転送見出し（$$$）が同じブロックに同居	◎	###$409846423868$# $$$	ن غانم والي مكة . مضى في ابن محمد بن غانم . ###$409846423868$# $$$ عبد الرحمن بن الكركي . في ابن عمر بن محمود ب	処理済みなので作業不要。ブロック先頭の項だけ作業すればよい。
AIND-D03839	DOLLAR3_STUB	処理済みの転送見出し（$$$）が同じブロックに同居	◎	###$556953248081$# $$$	ق . قتل في المجردين لسوار سنة ثلاث وسبعين . ###$556953248081$# $$$ عبد الرحمن أبو الفضل الاسترابادي العجمي . في	処理済みなので作業不要。ブロック先頭の項だけ作業すればよい。
AIND-D03839	DOLLAR3_STUB	処理済みの転送見出し（$$$）が同じブロックに同居	◎	###$327398990162$# $$$	بو الفضل الاسترابادي العجمي . في فضل الله . ###$327398990162$# $$$ عبد الرحمن البدوي نزيل المزهرية . مضى في ابن	処理済みなので作業不要。ブロック先頭の項だけ作業すればよい。
AIND-D03839	DOLLAR3_STUB	処理済みの転送見出し（$$$）が同じブロックに同居	◎	###$975624479060$# $$$	زيل المزهرية . مضى في ابن سلام بن إسماعيل . ###$975624479060$# $$$ عبد الرحمن البغدادي الحلال . في ابن محمد . #	処理済みなので作業不要。ブロック先頭の項だけ作業すればよい。
AIND-D03839	DOLLAR3_STUB	処理済みの転送見出し（$$$）が同じブロックに同居	◎	###$518239822165$# $$$	$ عبد الرحمن البغدادي الحلال . في ابن محمد . ###$518239822165$# $$$ عبد الرحمن الجزائري المغربي نزيل مكة . مضى ف	処理済みなので作業不要。ブロック先頭の項だけ作業すればよい。
AIND-D03840	DOLLAR3_STUB	処理済みの転送見出し（$$$）が同じブロックに同居	◎	###$650993738080$# $$$	البصري . مات بمكة في المحرم سنة سبع وستين . ###$650993738080$# $$$ عبد الرحمن الشامي نزيل المزهرية . في ابن يوس	処理済みなので作業不要。ブロック先頭の項だけ作業すればよい。
AIND-D03842	DOLLAR3_STUB	処理済みの転送見出し（$$$）が同じブロックに同居	◎	###$806317203814$# $$$	مات سنة خمس وستين . ذكره لي بعض المغاربة . ###$806317203814$# $$$ عبد الرحمن المارديني ، مضى في ابن أحمد بن يو	処理済みなので作業不要。ブロック先頭の項だけ作業すればよい。
AIND-D03861	PLUSMIN	語末に付く注記マーカー（語を分断しない）	◎	±±±	دامة الصوم وقيام الليل كريم الأخلاق حسن الشرف±±± والأدب والشكل ظاهر الوضاءة كأن وجهه مصباح وم	無視してよい。記号を取り除いた語がそのまま正しい読み。
AIND-D03861	PLUSMIN	語末に付く注記マーカー（語を分断しない）	◎	±±±	فقال بل كونا معا والظاهر إن العراقي ترك المجئ±±± من ثم فإن أميره كان إما أيتمش صاحب المدرسة ا	無視してよい。記号を取り除いた語がそのまま正しい読み。
AIND-D03873	DOLLAR3_STUB	処理済みの転送見出し（$$$）が同じブロックに同居	◎	###$887443431855$# $$$	العمدة والمنهاجين وألفية ابن مالك واشتغل . ###$887443431855$# $$$ عبد الرحيم بن علي بن الحموي الواعظ . كذا سمى	処理済みなので作業不要。ブロック先頭の項だけ作業すればよい。
AIND-D03887	DOLLAR3_STUB	処理済みの転送見出し（$$$）が同じブロックに同居	◎	###$858225910239$# $$$	ارب السبعين وما تهيأ له الحج عفا الله عنه . ###$858225910239$# $$$ عبد الرحيم بن محمد الموصلي الأصل الدمشقي . أ	処理済みなので作業不要。ブロック先頭の項だけ作業すればよい。
AIND-D03891	DOLLAR3_STUB	処理済みの転送見出し（$$$）が同じブロックに同居	◎	###$153662530025$# $$$	د الرحيم حسبما أخبرني به بعضهم فالله أعلم . ###$153662530025$# $$$ عبد الرحيم بن ظهيرة . هو ابن أحمد بن أبي بكر	処理済みなので作業不要。ブロック先頭の項だけ作業すればよい。
AIND-D03909	DOLLAR3_STUB	処理済みの転送見出し（$$$）が同じブロックに同居	◎	###$183349813761$# $$$	لرزاق بن أبي الفرج والي قطيا. مات سنة ثمان. ###$183349813761$# $$$ عبد الرزاق بن فضل الله بن يونس . في رزق الله	処理済みなので作業不要。ブロック先頭の項だけ作業すればよい。
AIND-D03910	PLUSMIN	語末に付く注記マーカー（語を分断しない）	◎	±±±	خرين ولكنه لم يكثر وكتب أيضا على الفرنوي ويكس±±± وغيرهما ، وتنزل في بعض الجهات وحج غير مرة وأ	無視してよい。記号を取り除いた語がそのまま正しい読み。
AIND-D03912	DOLLAR3_STUB	処理済みの転送見出し（$$$）が同じブロックに同居	◎	###$898122129929$# $$$	بلد الخليل عليه السلام رحمه الله وعفا عنه . ###$898122129929$# $$$ عبد الرزاق بن محمد الطرابلسي . في ابن حمزة .	処理済みなので作業不要。ブロック先頭の項だけ作業すればよい。
AIND-D03912	DOLLAR3_STUB	処理済みの転送見出し（$$$）が同じブロックに同居	◎	###$342313935374$# $$$	بد الرزاق بن محمد الطرابلسي . في ابن حمزة . ###$342313935374$# $$$ عبد الرزاق بن موسى بن إبراهيم بن عجيل اليمان	処理済みなので作業不要。ブロック先頭の項だけ作業すればよい。
AIND-D03915	DOLLAR3_STUB	処理済みの転送見出し（$$$）が同じブロックに同居	◎	###$182129271317$# $$$	ولي استادارية حلب بعد انفصال ابن المنقار . ###$182129271317$# $$$ عبد الرزاق أبو الفرج المنسوب إليه ابن أبي ال	処理済みなので作業不要。ブロック先頭の項だけ作業すればよい。
AIND-D03916	DOLLAR3_STUB	処理済みの転送見出し（$$$）が同じブロックに同居	◎	###$812818375191$# $$$	التي بباب قنسرين على ابنته واستمر حتى مات . ###$812818375191$# $$$ عبد الرزاق المجاور بجامع دمشق . مضى في ابن ع	処理済みなので作業不要。ブロック先頭の項だけ作業すればよい。
AIND-D03934	PLUSMIN	語末に付く注記マーカー（語を分断しない）	◎	±±±	في آخرين وأجاز له في سنة ثمان وثمانين فما بعد±±±. النشاوري والمليجي وابن حاتم والصردي والعراق	無視してよい。記号を取り除いた語がそのまま正しい読み。
AIND-D03935	DOLLAR3_STUB	処理済みの転送見出し（$$$）が同じブロックに同居	◎	###$665560556099$# $$$	بتربة الشرفاء بني عجلان رحمه الله وإيانا . ###$665560556099$# $$$ عبد السلام الزرندي . مضى في ابن عبد الوهاب ب	処理済みなので作業不要。ブロック先頭の項だけ作業すればよい。
AIND-D03962	DOLLAR3_STUB	処理済みの転送見出し（$$$）が同じブロックに同居	◎	###$920880423551$# $$$	جمادى الثانية سنة ست وستين . أرخه ابن فهد . ###$920880423551$# $$$ عبد العزيز بن أبي البركات بن محمد بن علي بن	処理済みなので作業不要。ブロック先頭の項だけ作業すればよい。
AIND-D03963	DOLLAR3_STUB	処理済みの転送見出し（$$$）が同じブロックに同居	◎	###$594836202113$# $$$	عوضهما الله الجنة وذكره المقريزي في عقوده . ###$594836202113$# $$$ عبد العزيز بن أبي بكر بن رسلان . هو عبد العز	処理済みなので作業不要。ブロック先頭の項だけ作業すればよい。
AIND-D03964	DOLLAR3_STUB	処理済みの転送見出し（$$$）が同じブロックに同居	◎	###$784427131527$# $$$	ميز بالفهم والعقل والأدب وترقى في ذلك كله . ###$784427131527$# $$$ عبد العزيز بن أبي بكر بن مظفر . يأتي في ابن	処理済みなので作業不要。ブロック先頭の項だけ作業すればよい。
AIND-D03965	DOLLAR3_STUB	処理済みの転送見出し（$$$）が同じブロックに同居	◎	###$608354443915$# $$$	في ذي القعدة سنة إحدى عشرة . ذكره الفاسي . ###$608354443915$# $$$ عبد العزيز بن سليم عز الدين المحلي . مضى في	処理済みなので作業不要。ブロック先頭の項だけ作業すればよい。
AIND-D03981	PLUSMIN	語末に付く注記マーカー（語を分断しない）	◎	±±±	محشر حنبلي %~% %~% ألحي حليق الذقن من %~% توف±±± السبال مكحل %~% وكان العز يومئذ كذلك فأجابه	無視してよい。記号を取り除いた語がそのまま正しい読み。
AIND-D03985	DOLLAR3_STUB	処理済みの転送見出し（$$$）が同じブロックに同居	◎	###$277478384293$# $$$	التجمل وعدم التشكي وهو حسنة من حسنات بلده . ###$277478384293$# $$$ عبد العزيز بن أبي القسم . في ابن محمد بن عبد	処理済みなので作業不要。ブロック先頭の項だけ作業すればよい。
AIND-D03986	DOLLAR3_STUB	処理済みの転送見出し（$$$）が同じブロックに同居	◎	###$405249467047$# $$$	ة في شعبان سنة سبع وثلاثين ، أرخه ابن فهد . ###$405249467047$# $$$ عبد العزيز بن عياش الطبري .	処理済みなので作業不要。ブロック先頭の項だけ作業すればよい。
AIND-D04019	DOLLAR3_STUB	処理済みの転送見出し（$$$）が同じブロックに同居	◎	###$597566694132$# $$$	جانب الشرقي من الشارع رحمه الله ونفعنا به . ###$597566694132$# $$$ عبد العزيز بن مظفر بن أبي بكر . صوابه ابن مح	処理済みなので作業不要。ブロック先頭の項だけ作業すればよい。
AIND-D04027	DOLLAR3_STUB	処理済みの転送見出し（$$$）が同じブロックに同居	◎	###$686926340870$# $$$	معي كثيرا ومات في ذي الحجة سنة ثلاث وتسعين . ###$686926340870$# $$$ عبد العزيز أبو فارس . هو ابن أحمد بن محمد بن	処理済みなので作業不要。ブロック先頭の項だけ作業すればよい。
AIND-D04027	DOLLAR3_STUB	処理済みの転送見出し（$$$）が同じブロックに同居	◎	###$662834258697$# $$$	. هو ابن أحمد بن محمد بن أبي بكر بن يحيى . ###$662834258697$# $$$ عبد العزيز الحباك . في ابن عبد الرحمن بن أبي	処理済みなので作業不要。ブロック先頭の項だけ作業すればよい。
AIND-D04029	DOLLAR3_STUB	処理済みの転送見出し（$$$）が同じブロックに同居	◎	###$318939079436$# $$$	ير وجدت غير مخصوصة يقال انه استأدى غالبها . ###$318939079436$# $$$ عبد العزيز اللبابي المغربي الوزير . مضى في ا	処理済みなので作業不要。ブロック先頭の項だけ作業すればよい。
AIND-D04041	ELLIPSIS	原文の欠落（lacuna）	○	...	سنى %~% ولكن مذهبه حب الزبير %~% مات في سنة ... وترجمه في مكان آخر ردا على من أنكر عليه ذكره	欠落部は情報なしとして扱い、該当要素を立てずに作業する。
AIND-D04070	DOLLAR3_STUB	処理済みの転送見出し（$$$）が同じブロックに同居	◎	###$484685390669$# $$$	الغني بن عمار بن عمر . مات سنة سبع وخمسين . ###$484685390669$# $$$ عبد الغني بن أبي الفرج . مضى في ابن عبد الرز	処理済みなので作業不要。ブロック先頭の項だけ作業すればよい。
AIND-D04079	DOLLAR3_STUB	処理済みの転送見出し（$$$）が同じブロックに同居	◎	###$294133965678$# $$$	ات في صفر سنة سبع وخمسين رحمه الله وإيانا . ###$294133965678$# $$$ عبد الغني بن محمد بن يوسف البساطي . كذا بخط	処理済みなので作業不要。ブロック先頭の項だけ作業すればよい。
AIND-D04079	DOLLAR3_STUB	処理済みの転送見出し（$$$）が同じブロックに同居	◎	###$692328604527$# $$$	وكأنه عبد الغني ابن محمد بن أحمد بن عثمان . ###$692328604527$# $$$ عبد الغني بن الهيصم . مضى في ابن إبراهيم .	処理済みなので作業不要。ブロック先頭の項だけ作業すればよい。
AIND-D04083	DOLLAR3_STUB	処理済みの転送見出し（$$$）が同じブロックに同居	◎	###$939054343029$# $$$	الدين المنزلي ويعرف بجده . ممن سمع مني أيضا ###$939054343029$# $$$ عبد الغني بن أبي الفرج . في ابن عبد الرزاق .	処理済みなので作業不要。ブロック先頭の項だけ作業すればよい。
AIND-D04083	DOLLAR3_STUB	処理済みの転送見出し（$$$）が同じブロックに同居	◎	###$155902288770$# $$$	بد الغني بن أبي الفرج . في ابن عبد الرزاق . ###$155902288770$# $$$ عبد الغني تاج الدين ابن الجيعان والد عبد الم	処理済みなので作業不要。ブロック先頭の項だけ作業すればよい。
AIND-D04113	DOLLAR3_STUB	処理済みの転送見出し（$$$）が同じブロックに同居	◎	###$582337176508$# $$$	ع الحاكم رأيته غير مرة رحمه الله وعفا عنه . ###$582337176508$# $$$ عبد القادر بن جبريل . في ابن محمد بن جبريل .	処理済みなので作業不要。ブロック先頭の項だけ作業すればよい。
AIND-D04120	DOLLAR3_STUB	処理済みの転送見出し（$$$）が同じブロックに同居	◎	###$287632794566$# $$$	يلبث أن غرق ببحر النيل عفا الله عنه ورحمه . ###$287632794566$# $$$ عبد القادر بن الدهانة . في ابن محمد بن راشد	処理済みなので作業不要。ブロック先頭の項だけ作業すればよい。
AIND-D04123	DOLLAR3_STUB	処理済みの転送見出し（$$$）が同じブロックに同居	◎	###$788025844688$# $$$	روافض صافحت %~% ذاك الجدار فطهرته النار %~% ###$788025844688$# $$$ عبد القادر بن شعبان الفرضي . في ابن علي بن ش	処理済みなので作業不要。ブロック先頭の項だけ作業すればよい。
AIND-D04137	PLUSMIN	語末に付く注記マーカー（語を分断しない）	◎	±±±	~% وبين يدي قبر الرسول بحجرة %~% %~% فيا ربنا±±± فاقبل دعانا وعافنا %~% وخذ بنواصينا وأصلح وث	無視してよい。記号を取り除いた語がそのまま正しい読み。
AIND-D04162	PLUSMIN	語末に付く注記マーカー（語を分断しない）	◎	±±±	ان ، وكان فاضلا مفننا عاقلا دينا متقللا صابرا±±± . مات في جمادى الأولى سنة خمس وتسعين ونعم ال	無視してよい。記号を取り除いた語がそのまま正しい読み。
AIND-D04164	DOLLAR3_STUB	処理済みの転送見出し（$$$）が同じブロックに同居	◎	###$174243980334$# $$$	تها وغريم البقاعي . مات قريب الثمانين ظنا . ###$174243980334$# $$$ عبد القادر بن أبي الفتح الحجازي . في ابن محم	処理済みなので作業不要。ブロック先頭の項だけ作業すればよい。
AIND-D04164	DOLLAR3_STUB	処理済みの転送見出し（$$$）が同じブロックに同居	◎	###$710221505581$# $$$	ازي . في ابن محمد بن محمد بن محمد بن أحمد . ###$710221505581$# $$$ عبد القادر بن أبي الفتح . في ابن محمد بن أحم	処理済みなので作業不要。ブロック先頭の項だけ作業すればよい。
AIND-D04166	DOLLAR3_STUB	処理済みの転送見出し（$$$）が同じブロックに同居	◎	###$771928106039$# $$$	لفضيل بن عياض من المعلاة رحمه الله وإيانا . ###$771928106039$# $$$ عبد القادر بن أبي القسم بن محمد بن عبد الله	処理済みなので作業不要。ブロック先頭の項だけ作業すればよい。
AIND-D04175	PLUSMIN	語末に付く注記マーカー（語を分断しない）	◎	±±±	بن أبي هريرة المذكور لجزء فيه ثلاثة محالس من±±± أمالي أبي يعلي الموصلي في رمضان سنة اثنتين و	無視してよい。記号を取り除いた語がそのまま正しい読み。
AIND-D04191	DOLLAR3_STUB	処理済みの転送見出し（$$$）が同じブロックに同居	◎	###$928757326930$# $$$	ت في كائنة دمشق في رجب سنة ثلاث رحمه الله . ###$928757326930$# $$$ عبد القادر بن محمد بن علي بن محمود بن المغلي	処理済みなので作業不要。ブロック先頭の項だけ作業すればよい。
AIND-D04193	DOLLAR3_STUB	処理済みの転送見出し（$$$）が同じブロックに同居	◎	###$949292639335$# $$$	وحمل إلى مكة فدفن بمعلاتها . أرخه ابن فهد . ###$949292639335$# $$$ عبد القادر بن محمد بن عمر بن علي بن غنيم بن	処理済みなので作業不要。ブロック先頭の項だけ作業すればよい。
AIND-D04198	PLUSMIN	語末に付く注記マーカー（語を分断しない）	◎	±±±	ما يليق بأمثاله مع ما بينهما من الرضاع بل فقد±±± عليه ما شافهه به في مجلس الجمال ناظر الخاص و	無視してよい。記号を取り除いた語がそのまま正しい読み。
AIND-D04212	DOLLAR3_STUB	処理済みの転送見出し（$$$）が同じブロックに同居	◎	###$662972671111$# $$$	مناوي له في القضاء . ومات قريب الستين ظنا . ###$662972671111$# $$$ عبد القادر بن مظفر . في ابن محمد بن أحمد بن	処理済みなので作業不要。ブロック先頭の項だけ作業すればよい。
AIND-D04217	DOLLAR3_STUB	処理済みの転送見出し（$$$）が同じブロックに同居	◎	###$636020073622$# $$$	حتى مات في سنة تسع وثمانين أو التي بعدها . ###$636020073622$# $$$ عبد القادر بن الجندي . في ابن محمد بن عمر	処理済みなので作業不要。ブロック先頭の項だけ作業すればよい。
AIND-D04220	DOLLAR3_STUB	処理済みの転送見出し（$$$）が同じブロックに同居	◎	###$980733142175$# $$$	ر في مشيخة الزاوية عوضه الشمس المشار إليه . ###$980733142175$# $$$ عبد القادر الصاني ويدعى عبيد وهو به أشهر ، ف	処理済みなので作業不要。ブロック先頭の項だけ作業すればよい。
AIND-D04222	DOLLAR3_STUB	処理済みの転送見出し（$$$）が同じブロックに同居	◎	###$112528991396$# $$$	ى اصطاي من عمل الفيوم ويعرف أبوه بالحجازي . ###$112528991396$# $$$ عبد القادر العنبري : اثنان ابن شادي شاعر واب	処理済みなので作業不要。ブロック先頭の項だけ作業すればよい。
AIND-D04226	DOLLAR3_STUB	処理済みの転送見出し（$$$）が同じブロックに同居	◎	###$583222174897$# $$$	الصرغتمشية وأحد جماعة الإمام الكركي ونحوه . ###$583222174897$# $$$ عبد القادر النبراوي الحنبلي ، هو ابن علي بن	処理済みなので作業不要。ブロック先頭の項だけ作業すればよい。
AIND-D04254	PLUSMIN	語末に付く注記マーカー（語を分断しない）	◎	±±±	837 عبد الكريم بن ريحان الشيي±±± . مات في رمضان سنة خمس وخمسين . بمكة . أرخه	無視してよい。記号を取り除いた語がそのまま正しい読み。
AIND-D04258	DOLLAR3_STUB	処理済みの転送見出し（$$$）が同じブロックに同居	◎	###$924063900922$# $$$	عشري ذي الحجة سنة ست وستين . أرخه ابن فهد . ###$924063900922$# $$$ عبد الكريم بن أبي شاكر بن عبد الله بن غنام ك	処理済みなので作業不要。ブロック先頭の項だけ作業すればよい。
AIND-D04289	DOLLAR3_STUB	処理済みの転送見出し（$$$）が同じブロックに同居	◎	###$496634963251$# $$$	بسفح قاسيون شرقي الروضة رحمه الله وإيانا . ###$496634963251$# $$$ عبد الكريم بن محمد بن محمد بن عبد الله بن مح	処理済みなので作業不要。ブロック先頭の項だけ作業すればよい。
AIND-D04291	DOLLAR3_STUB	処理済みの転送見出し（$$$）が同じブロックに同居	◎	###$446236206391$# $$$	ده الله من فضله وحفظ عليه ولده وجميع أهله . ###$446236206391$# $$$ عبد الكريم بن محمد بن محمد بن موسى بن عيسى ب	処理済みなので作業不要。ブロック先頭の項だけ作業すればよい。
AIND-D04296	DOLLAR3_STUB	処理済みの転送見出し（$$$）が同じブロックに同居	◎	###$353273652546$# $$$	مستوفي الخاص . مات في رجب سنة خمس وخمسين . ###$353273652546$# $$$ عبد الكريم بن مكانس الوزير . في ابن عبد الرز	処理済みなので作業不要。ブロック先頭の項だけ作業すればよい。
AIND-D04298	DOLLAR3_STUB	処理済みの転送見出し（$$$）が同じブロックに同居	◎	###$866891343174$# $$$	ير : مات في سنة أربع وخمسين . أرخه المنير . ###$866891343174$# $$$ عبد اللطيف الكتبي . في ابن إبراهيم بن أحمد .	処理済みなので作業不要。ブロック先頭の項だけ作業すればよい。
AIND-D04306	DOLLAR3_STUB	処理済みの転送見出し（$$$）が同じブロックに同居	◎	###$871601546585$# $$$	ي والد عبد الله الآتي . مات بعدن سنة أربع . ###$871601546585$# $$$ عبد اللطيف بن أحمد بن علي . صواب جده عمر كما	処理済みなので作業不要。ブロック先頭の項だけ作業すればよい。
AIND-D04315	DOLLAR3_STUB	処理済みの転送見出し（$$$）が同じブロックに同居	◎	###$199489496432$# $$$	في أواخر ذي الحجة لبلده ومثله الله سالما . ###$199489496432$# $$$ عبد اللطيف بن أبي سرور ، في ابن محمد بن عبد	処理済みなので作業不要。ブロック先頭の項だけ作業すればよい。
AIND-D04331	DOLLAR3_STUB	処理済みの転送見出し（$$$）が同じブロックに同居	◎	###$301172008328$# $$$	ني أنه التفت لمرافعة بني الزيني سالم عنده . ###$301172008328$# $$$ عبد اللطيف بن عثمان شيخ الزوار . مضى في أبيه	処理済みなので作業不要。ブロック先頭の項だけ作業すればよい。
AIND-D04335	DOLLAR3_STUB	処理済みの転送見出し（$$$）が同じブロックに同居	◎	###$180996810127$# $$$	ادة وقتا ، ثم عمله زكريا قاضيا ولا بأس به . ###$180996810127$# $$$ عبد اللطيف بن غانم المقدسي ، في ابن عبد الرح	処理済みなので作業不要。ブロック先頭の項だけ作業すればよい。
AIND-D04335	DOLLAR3_STUB	処理済みの転送見出し（$$$）が同じブロックに同居	◎	###$435893052815$# $$$	عبد الرحمن بن أحمد بن علي بن أحمد بن غانم . ###$435893052815$# $$$ عبد اللطيف بن أبي الفتح ، في ابن محمد بن أحم	処理済みなので作業不要。ブロック先頭の項だけ作業すればよい。
AIND-D04341	ELLIPSIS	原文の欠落（lacuna）	○	...	24 عبد اللطيف أخ للذي قبله أكبر منه ، مات في ...	欠落部は情報なしとして扱い、該当要素を立てずに作業する。
AIND-D04359	PLUSMIN	語末に付く注記マーカー（語を分断しない）	◎	±±±	تغل في الفقه والعربية والفرائض والميقات وتميز±±± وتكسب بالشهادة ومن شيوخه الشهاب البيجوري وهو	無視してよい。記号を取り除いた語がそのまま正しい読み。
AIND-D04368	DOLLAR3_STUB	処理済みの転送見出し（$$$）が同じブロックに同居	◎	###$905168561617$# $$$	ضعا كريما محبا في الفقراء رحمه الله وإيانا . ###$905168561617$# $$$ عبد اللطيف الدنجيهي . في ابن عثمان بن سليمان	処理済みなので作業不要。ブロック先頭の項だけ作業すればよい。
AIND-D04423	ELLIPSIS	原文の欠落（lacuna）	○	...	$ عبد الله بن إسماعيل بن محمد بن بردس البعلي ...	欠落部は情報なしとして扱い、該当要素を立てずに作業する。
AIND-D04423	DOLLAR3_STUB	処理済みの転送見出し（$$$）が同じブロックに同居	◎	###$557276210749$# $$$	ة زبيد في جمادى الأولى سنة اثنتين وثلاثين . ###$557276210749$# $$$ عبد الله ويقال اسمه يحيى بن إسماعيل بن العبا	処理済みなので作業不要。ブロック先頭の項だけ作業すればよい。
AIND-D04423	DOLLAR3_STUB	処理済みの転送見出し（$$$）が同じブロックに同居	◎	###$305974486588$# $$$	ظاهر هزبر الدين بن الأشرف . سيأتي في يحيى . ###$305974486588$# $$$ عبد الله بن إسماعيل بن محمد بن بردس البعلي .	処理済みなので作業不要。ブロック先頭の項だけ作業すればよい。
AIND-D04425	DOLLAR3_STUB	処理済みの転送見出し（$$$）が同じブロックに同居	◎	###$801451812417$# $$$	بن الطنبغا الأحمدي . ممن سمع مني بالقاهرة . ###$801451812417$# $$$ عبد الله بن أيوب . هو ابن علي بن أيوب يأتي .	処理済みなので作業不要。ブロック先頭の項だけ作業すればよい。
AIND-D04427	IDEOSPACE	全角スペース（変換ノイズ）	◎	　	الشافعي الواعظ . ولد في ربيع الآخر سنة اثنتين و ستين وسبعمائة وحفظ القرآن والشاطبية والرائي	半角スペースとして扱う。
AIND-D04443	DOLLAR3_STUB	処理済みの転送見出し（$$$）が同じブロックに同居	◎	###$812621244009$# $$$	ل القلعي . مضى قريبا فيمن جده فرج بن سعيد . ###$812621244009$# $$$ عبد الله بن زيد البعلي . في ابن محمد بن محمد	処理済みなので作業不要。ブロック先頭の項だけ作業すればよい。
AIND-D04447	DOLLAR3_STUB	処理済みの転送見出し（$$$）が同じブロックに同居	◎	###$669499008623$# $$$	مهجور %~% من ذا الفعال فعاله ذنبه مغفور %~% ###$669499008623$# $$$ عبد الله بن سعد الدين بن التاج موسى القبطي .	処理済みなので作業不要。ブロック先頭の項だけ作業すればよい。
AIND-D04447	DOLLAR3_STUB	処理済みの転送見出し（$$$）が同じブロックに同居	◎	###$497687733873$# $$$	اج موسى القبطي . في ابن أبي الفرج بن موسى . ###$497687733873$# $$$ عبد الله بن سعد الدين بن البقري . يأتي في تا	処理済みなので作業不要。ブロック先頭の項だけ作業すればよい。
AIND-D04455	PLUSMIN	語末に付く注記マーカー（語を分断しない）	◎	±±±	الصفي الطبري والشهاب الهكاري والنور الهمداني±±± والتاج ابن بنت أبي سعد والعز بن جماعة وحدث س	無視してよい。記号を取り除いた語がそのまま正しい読み。
AIND-D04460	PLUSMIN	語末に付く注記マーカー（語を分断しない）	◎	±±±	لي بن منصور بن علي التقي البغدادي الأصل الغزي±±± الشافعي شقيق العلاء علي الآتي ويعرف بابن الم	無視してよい。記号を取り除いた語がそのまま正しい読み。
AIND-D04472	ELLIPSIS	原文の欠落（lacuna）	○	...	رمي ابن أخت عبد الكبير . مات بمكة في صفر سنة ...	欠落部は情報なしとして扱い、該当要素を立てずに作業する。
AIND-D04475	PLUSMIN	語末に付く注記マーカー（語を分断しない）	◎	±±±	ي ومحمد بن محمد بن أحمد الجردي كلهم عن الحجار±±± سماعا وحدث سمع منه الفضلاء ومات قريبا من سنة	無視してよい。記号を取り除いた語がそのまま正しい読み。
AIND-D04494	STAR_HEADWORD	未採番見出しの境界（1ブロックに複数見出しが同居）	△	★عبد الله★	هو ممن له همة في التحصيل مع لطف عشرة وعقل . ★عبد الله★ ابن عثمان بن حمية يأتي قريبا فيمن جده محمد .	作業しない。ブロック内の2件目以降は別項として採番が必要。
AIND-D04494	IDEOSPACE	全角スペース（変換ノイズ）	◎	　	لطف عشرة وعقل . ★عبد الله★ ابن عثمان بن حمية يأتي قريبا فيمن جده محمد .	半角スペースとして扱う。
AIND-D04506	DOLLAR3_STUB	処理済みの転送見出し（$$$）が同じブロックに同居	◎	###$878954161916$# $$$	ن ودفن في الصحراء بالقرب من تربة الأنصاري . ###$878954161916$# $$$ عبد الله بن علي بن محمد بن أبي بكر الشيبي .	処理済みなので作業不要。ブロック先頭の項だけ作業すればよい。
AIND-D04507	ELLIPSIS	原文の欠落（lacuna）	○	...	ا قرأ عليه شيخنا الأول منه بالصالحية ومات في ...	欠落部は情報なしとして扱い、該当要素を立てずに作業する。
AIND-D04518	DOLLAR3_STUB	処理済みの転送見出し（$$$）が同じブロックに同居	◎	###$404712597267$# $$$	ت في سنة ثماني عشرة ودفن عند أبيه من زبيد . ###$404712597267$# $$$ عبد الله بن عمر بن عبد العزيز بن أحمد بن محم	処理済みなので作業不要。ブロック先頭の項だけ作業すればよい。
AIND-D04520	IDEOSPACE	全角スペース（変換ノイズ）	◎	　	بد العزيز الهاشمي العقيلي النويري الأصل المكي المالكى الآتي أبوه . ولد بها وأمه غزال الحبشي	半角スペースとして扱う。
AIND-D04535	IDEOSPACE	全角スペース（変換ノイズ）	◎	　	ارس ممن كان يذكر بخير وصلاح كبير بل جود القرا آت ومات بمصر سنة تسع وستين رحمهما الله .	半角スペースとして扱う。
AIND-D04536	DOLLAR3_STUB	処理済みの転送見出し（$$$）が同じブロックに同居	◎	###$906514933563$# $$$	بن محمد بن حمام المكي . ممن سمع علي بمكة . ###$906514933563$# $$$ عبد الله بن فتح الدين مجد الدين أحد الكتبة و	処理済みなので作業不要。ブロック先頭の項だけ作業すればよい。
AIND-D04538	DOLLAR3_STUB	処理済みの転送見出し（$$$）が同じブロックに同居	◎	###$670350452541$# $$$	قال وبلوت منه مروءة وخفة روح عفا الله عنه . ###$670350452541$# $$$ عبد الله بن أبي الفضائل بن سناء الملك . هو م	処理済みなので作業不要。ブロック先頭の項だけ作業すればよい。
AIND-D04549	DOLLAR3_STUB	処理済みの転送見出し（$$$）が同じブロックに同居	◎	###$647776708435$# $$$	ي ربيع الأول سنة اثنتين وثمانين رحمه الله . ###$647776708435$# $$$ عبد الله بن الطيب محمد بن أحمد بن أبي بكر بي	処理済みなので作業不要。ブロック先頭の項だけ作業すればよい。
AIND-D04555	PLUSMIN	語末に付く注記マーカー（語を分断しない）	◎	±±±	العفيف بن الجمال بن الشهاب بن الكمال الحراري±±± الأصل المكي الحنفي أخو أحمد الماضي والآتي أب	無視してよい。記号を取り除いた語がそのまま正しい読み。
AIND-D04556	PLUSMIN	語末に付く注記マーカー（語を分断しない）	◎	±±±	د بن التقي أبي اليمن بن الشهاب العمري الحرازي±±± المكي . سمع على والده والعز بن جماعة وابن ال	無視してよい。記号を取り除いた語がそのまま正しい読み。
AIND-D04558	DOLLAR3_STUB	処理済みの転送見出し（$$$）が同じブロックに同居	◎	###$100587808620$# $$$	توقيع عند ابن مفلح . مات سنة إحدى وأربعين . ###$100587808620$# $$$ عبد الله بن محمد بن أحمد التقي أبو بكر الصال	処理済みなので作業不要。ブロック先頭の項だけ作業すればよい。
AIND-D04559	STAR_HEADWORD	未採番見出しの境界（1ブロックに複数見出しが同居）	△	★عبد الله★	عارفه . مات في ربيع الثاني سنة أربع وستين . ★عبد الله★ بن محمد بن أحمد البخانقي ...	作業しない。ブロック内の2件目以降は別項として採番が必要。
AIND-D04559	ELLIPSIS	原文の欠落（lacuna）	○	...	وستين . ★عبد الله★ بن محمد بن أحمد البخانقي ...	欠落部は情報なしとして扱い、該当要素を立てずに作業する。
AIND-D04559	IDEOSPACE	全角スペース（変換ノイズ）	◎	　	لثاني سنة أربع وستين . ★عبد الله★ بن محمد بن أحمد البخانقي ...	半角スペースとして扱う。
AIND-D04560	DOLLAR3_STUB	処理済みの転送見出し（$$$）が同じブロックに同居	◎	###$366431184753$# $$$	المدني . مضى قريبا فيمن جده أحمد بن عثمان . ###$366431184753$# $$$ عبد الله بن محمد بن إسماعيل بن علي بن الحسن	処理済みなので作業不要。ブロック先頭の項だけ作業すればよい。
AIND-D04570	ELLIPSIS	原文の欠落（lacuna）	○	...	حمد السطوحي وينزل تربة القطان من المزة . مات ...	欠落部は情報なしとして扱い、該当要素を立てずに作業する。
AIND-D04572	STAR_HEADWORD	未採番見出しの境界（1ブロックに複数見出しが同居）	△	★عبد الله★	بلس ، ولقيه البقاعي ولم يذكر شيئا من أمره . ★عبد الله★ بن محمد بن عبد الله بن خليل . يأتي فيمن جده	作業しない。ブロック内の2件目以降は別項として採番が必要。
AIND-D04572	IDEOSPACE	全角スペース（変換ノイズ）	◎	　	لبقاعي ولم يذكر شيئا من أمره . ★عبد الله★ بن محمد بن عبد الله بن خليل . يأتي فيمن جده عبد	半角スペースとして扱う。
AIND-D04574	ELLIPSIS	原文の欠落（lacuna）	○	...	قرأ عليه الشرف يحيى الدميسي وأثنى عليه . مات ...	欠落部は情報なしとして扱い、該当要素を立てずに作業する。
AIND-D04575	DOLLAR3_STUB	処理済みの転送見出し（$$$）が同じブロックに同居	◎	###$728210876312$# $$$	درس بالركنية والعذراوية والظاهرية والشامية . ###$728210876312$# $$$ عبد الله بن محمد بن عبد الأحد الحراني . مضى	処理済みなので作業不要。ブロック先頭の項だけ作業すればよい。
AIND-D04575	DOLLAR3_STUB	処理済みの転送見出し（$$$）が同じブロックに同居	◎	###$580978223001$# $$$	د بن عبد الأحد الحراني . مضى في عبد الأحد . ###$580978223001$# $$$ عبد الله بن محمد بن عبد الحق . مضى في ابن عب	処理済みなので作業不要。ブロック先頭の項だけ作業すればよい。
AIND-D04576	ELLIPSIS	原文の欠落（lacuna）	○	...	ه بن جماعة بن علي بن جماعة بن حازم بن صخر بن ... بن عبد الله الجمال بن النجم بن الزين بن البر	欠落部は情報なしとして扱い、該当要素を立てずに作業する。
AIND-D04584	IDEOSPACE	全角スペース（変換ノイズ）	◎	　	القاهرة ومصر وسمع من المحب الخلاطي سنن الدار قطني بفوت وأخبر أنه سمع السيرة لابن هشام على	半角スペースとして扱う。
AIND-D04586	PLUSMIN	語末に付く注記マーカー（語を分断しない）	◎	±±±	وأوامر الشرع الشريف تعطلت %~% حتى استكانت دلة±±± لنقيضها %~% ولم يزل على جلالته حتى مات في ح	無視してよい。記号を取り除いた語がそのまま正しい読み。
AIND-D04589	ELLIPSIS	原文の欠落（lacuna）	○	...	القاضي ابن القاضي ويعرف بابن التقي . أحضر في ... الأولى سنة سبع وخمسين على الجمال يوسف بن محم	欠落部は情報なしとして扱い、該当要素を立てずに作業する。
AIND-D04604	IDEOSPACE	全角スペース（変換ノイズ）	◎	　	9 عبد الله بن محمد بن علي بن عثمان العفيف أبو محمد بن الجمال الإصبهاني الأصل المكي ويعرف با	半角スペースとして扱う。
AIND-D04608	IDEOSPACE	全角スペース（変換ノイズ）	◎	　	ه بعيسى بن محمد المغربي البتنوني والقاضي موفق الدين المحلي ورافق الشهاب الزاهد في التسلك بش	半角スペースとして扱う。
AIND-D04608	IDEOSPACE	全角スペース（変換ノイズ）	◎	　	يد لترجمته وقال أنه مات في ربيع الثاني سنة ست وثلاثين عن أزيد من سبعين سنة .	半角スペースとして扱う。
AIND-D04612	ELLIPSIS	原文の欠落（lacuna）	○	...	227 عبد الله بن محمد بن لاجين بن عبد ... الجمال بن ناصر الدين الناصري محمد ابن قلاوون	欠落部は情報なしとして扱い、該当要素を立てずに作業する。
AIND-D04621	DOLLAR3_STUB	処理済みの転送見出し（$$$）が同じブロックに同居	◎	###$736138110974$# $$$	ي يوم الأربعاء حادي عشرى ربيع الثاني منها . ###$736138110974$# $$$ عبد الله بن المحب محمد بن محمد بن محمد بن أح	処理済みなので作業不要。ブロック先頭の項だけ作業すればよい。
AIND-D04636	PLUSMIN	語末に付く注記マーカー（語を分断しない）	◎	±±±	جماعة منهم شيخنا ابن خضر وولي مشيخة الطنبدية±±± بالصحراء مات في ربيع الأول سنة ست وعشرين وأظ	無視してよい。記号を取り除いた語がそのまま正しい読み。
AIND-D04636	PLUSMIN	語末に付く注記マーカー（語を分断しない）	◎	±±±	بيع الأول سنة ست وعشرين وأظن المتلقى للطنبذية±±± عنه شيخنا الحناوي ، وترجمه شيخنا في إنبائه ب	無視してよい。記号を取り除いた語がそのまま正しい読み。
AIND-D04655	ELLIPSIS	原文の欠落（lacuna）	○	...	عن الجيش بالكمال بن الجمال بن كاتب جكم ثم عن ... بالزين ابن الكويز ثم أعيد إليها بعد إلى أن غ	欠落部は情報なしとして扱い、該当要素を立てずに作業する。
AIND-D04659	DOLLAR3_STUB	処理済みの転送見出し（$$$）が同じブロックに同居	◎	###$205244082252$# $$$	أبيه محمد بن أحمد بن أبي الفضل بن عبد الله . ###$205244082252$# $$$ عبد الله بن الفخر . يأتي قريبا في عبد الله ا	処理済みなので作業不要。ブロック先頭の項だけ作業すればよい。
AIND-D04659	DOLLAR3_STUB	処理済みの転送見出し（$$$）が同じブロックに同居	◎	###$763933763660$# $$$	بن الفخر . يأتي قريبا في عبد الله البصري . ###$763933763660$# $$$ عبد الله التاج المقسي . في ابن نصر الله بن ع	処理済みなので作業不要。ブロック先頭の項だけ作業すればよい。
AIND-D04660	DOLLAR3_STUB	処理済みの転送見出し（$$$）が同じブロックに同居	◎	###$949699487829$# $$$	غيرهما ، وكان فاضلا خيرا رحمه الله وإيانا . ###$949699487829$# $$$ عبد الله الجمال البرلسي . في ابن محمد .	処理済みなので作業不要。ブロック先頭の項だけ作業すればよい。
AIND-D04663	DOLLAR3_STUB	処理済みの転送見出し（$$$）が同じブロックに同居	◎	###$752353290332$# $$$	لآخر سنة إحدى وأورد عنه غير منام ظهر أثره . ###$752353290332$# $$$ عبد الله الجمال السمنودي . في ابن محمد .	処理済みなので作業不要。ブロック先頭の項だけ作業すればよい。
AIND-D04667	STAR_HEADWORD	未採番見出しの境界（1ブロックに複数見出しが同居）	△	★عبد الل★	في المحرم سنة إحدى وخمسين . أرخه ابن فهد . ★عبد الل★ه الأقصرائي ، في الفرنوي قريبا . ###$467404	作業しない。ブロック内の2件目以降は別項として採番が必要。
AIND-D04667	DOLLAR3_STUB	処理済みの転送見出し（$$$）が同じブロックに同居	◎	###$467404859499$# $$$	★عبد الل★ه الأقصرائي ، في الفرنوي قريبا . ###$467404859499$# $$$ عبد الله باعلوي . مضى في ابن محمد بن علي بن	処理済みなので作業不要。ブロック先頭の項だけ作業すればよい。
AIND-D04668	DOLLAR3_STUB	処理済みの転送見出し（$$$）が同じブロックに同居	◎	###$244758620275$# $$$	ة بعدها تحتانية ثم راء قال وما أعلم لماذا . ###$244758620275$# $$$ عبد الله البشيري هو الذي قبله .	処理済みなので作業不要。ブロック先頭の項だけ作業すればよい。
AIND-D04670	STAR_HEADWORD	未採番見出しの境界（1ブロックに複数見出しが同居）	△	★عبد الله★	ن وقد شاخ غير مأسوف عليه ، وكان أكولا جدا . ★عبد الله★ الحامي المغربي .	作業しない。ブロック内の2件目以降は別項として採番が必要。
AIND-D04675	STAR_HEADWORD	未採番見出しの境界（1ブロックに複数見出しが同居）	△	★عبد الله ★	. مات بها في صفر سنة ستين . أرخه ابن فهد . ★عبد الله ★الشامي . هو ابن علي بن أحمد بن محمد بن محمد .	作業しない。ブロック内の2件目以降は別項として採番が必要。
AIND-D04675	STAR_HEADWORD	未採番見出しの境界（1ブロックに複数見出しが同居）	△	★ عبد الله★	شامي . هو ابن علي بن أحمد بن محمد بن محمد . ★ عبد الله★ الضرير . في ابن علي بن شعيب .	作業しない。ブロック内の2件目以降は別項として採番が必要。
AIND-D04675	IDEOSPACE	全角スペース（変換ノイズ）	◎	　	بن علي بن أحمد بن محمد بن محمد . ★ عبد الله★ الضرير . في ابن علي بن شعيب .	半角スペースとして扱う。
AIND-D04676	STAR_HEADWORD	未採番見出しの境界（1ブロックに複数見出しが同居）	△	★عبد الل★	ادى الأولى سنة تسع وخمسين . أرخه ابن فهد . ★عبد الل★ه العجلوني . ★عبد الله★ العراقي الحضرمي . مض	作業しない。ブロック内の2件目以降は別項として採番が必要。
AIND-D04676	STAR_HEADWORD	未採番見出しの境界（1ブロックに複数見出しが同居）	△	★عبد الله★	ين . أرخه ابن فهد . ★عبد الل★ه العجلوني . ★عبد الله★ العراقي الحضرمي . مضى في ابن عبد اللطيف . ★	作業しない。ブロック内の2件目以降は別項として採番が必要。
AIND-D04676	STAR_HEADWORD	未採番見出しの境界（1ブロックに複数見出しが同居）	△	★عبد الله★	★ العراقي الحضرمي . مضى في ابن عبد اللطيف . ★عبد الله★ الفرنوي المكي الأقصرائي . مضى في ابن أحمد .	作業しない。ブロック内の2件目以降は別項として採番が必要。
AIND-D04676	IDEOSPACE	全角スペース（変換ノイズ）	◎	　	ابن فهد . ★عبد الل★ه العجلوني . ★عبد الله★ العراقي الحضرمي . مضى في ابن عبد اللطيف . ★ع	半角スペースとして扱う。
AIND-D04676	IDEOSPACE	全角スペース（変換ノイズ）	◎	　	في ابن عبد اللطيف . ★عبد الله★ الفرنوي المكي الأقصرائي . مضى في ابن أحمد .	半角スペースとして扱う。
AIND-D04679	DOLLAR3_STUB	処理済みの転送見出し（$$$）が同じブロックに同居	◎	###$600582400141$# $$$	رته بها سنين على طريقة حسنة . ذكره الفاسي . ###$600582400141$# $$$ عبد الله محتسب الخانكاه . وقاضيها . في ابن م	処理済みなので作業不要。ブロック先頭の項だけ作業すればよい。
AIND-D04681	STAR_HEADWORD	未採番見出しの境界（1ブロックに複数見出しが同居）	△	★عبد الله★	سنة ست وثمانين . ودفن بالمعلاة رحمه الله . ★عبد الله★ الهبي . هو ابن محمد مضى .	作業しない。ブロック内の2件目以降は別項として採番が必要。
AIND-D04688	DOLLAR3_STUB	処理済みの転送見出し（$$$）が同じブロックに同居	◎	###$178618640567$# $$$	لي عليه عقب الصبح من الغد ثم دفن بالمعلاة . ###$178618640567$# $$$ عبد المحسن بن أحمد بن البدر حسين السيد بن ال	処理済みなので作業不要。ブロック先頭の項だけ作業すればよい。
AIND-D04696	PLUSMIN	語末に付く注記マーカー（語を分断しない）	◎	±±±	بيب ابن زائد بن جامع أبو المواهب بن أبي الرخا±±± بمعجمة المحمدي نسبة لعرب بالمغرب يقال لهم بن	無視してよい。記号を取り除いた語がそのまま正しい読み。
AIND-D04704	ELLIPSIS	原文の欠落（lacuna）	○	...	سنة أربعين وقبلها في الدار قطني وغيره . مات ...	欠落部は情報なしとして扱い、該当要素を立てずに作業する。
AIND-D04704	IDEOSPACE	全角スペース（変換ノイズ）	◎	　	د سمع على شيخنا في سنة أربعين وقبلها في الدار قطني وغيره . مات ...	半角スペースとして扱う。
AIND-D04713	IDEOSPACE	全角スペース（変換ノイズ）	◎	　	نا في إنبائه فقال كان يسكن بدار جوار جامع عمر وويؤدب الأطفال مكثرا من التلاوة والصيام وتذكر	半角スペースとして扱う。
AIND-D04714	PLUSMIN	語末に付く注記マーカー（語を分断しない）	◎	±±±	ن عطاء الله ومقدمة في التجويد نظم ابن الجزري±±± والشاطبيتين وقصيدة ابن فرح التي تغزل فيها بك	無視してよい。記号を取り除いた語がそのまま正しい読み。
AIND-D04714	IDEOSPACE	全角スペース（変換ノイズ）	◎	　	للبيضاوي وقصيدتان في العقائد أيضا إحداهما لا بن مكي نظمها للسلطان الناصر صلاح الدين يوسف ب	半角スペースとして扱う。
AIND-D04718	PLUSMIN	語末に付く注記マーカー（語を分断しない）	◎	±±±	لاطين الهوى جائرة %~% من جورهم ها أدمعي جارية±±± %~% %~% في حب خود تيمتني تخال %~% في خدها ال	無視してよい。記号を取り除いた語がそのまま正しい読み。
AIND-D04718	ELLIPSIS	原文の欠落（lacuna）	○	...	%~% إلى آخرها مع أشياء أخر ومات بعد ذلك في ...	欠落部は情報なしとして扱い、該当要素を立てずに作業する。
AIND-D04720	ELLIPSIS	原文の欠落（lacuna）	○	...	عبد المنعم الشريف المغربي ...	欠落部は情報なしとして扱い、該当要素を立てずに作業する。
AIND-D04735	DOLLAR3_STUB	処理済みの転送見出し（$$$）が同じブロックに同居	◎	###$872314579227$# $$$	لبسطامي . مات في ذي القعدة سنة سبع وخمسين . ###$872314579227$# $$$ عبد الهادي بن أبي اليمن . مضى قريبا في ابن م	処理済みなので作業不要。ブロック先頭の項だけ作業すればよい。
AIND-D04735	DOLLAR3_STUB	処理済みの転送見出し（$$$）が同じブロックに同居	◎	###$442419390751$# $$$	مضى قريبا في ابن محمد بن أحمد بن إبراهيم . ###$442419390751$# $$$ عبد الهادي السكندري ، في ابن عبد الرحمن .	処理済みなので作業不要。ブロック先頭の項だけ作業すればよい。
AIND-D04757	IDEOSPACE	全角スペース（変換ノイズ）	◎	　	اشرب هنيئا عافيه %~% وقوله مما قال أنه أنشده في النوم منها : %~% ثوب العلوم محرز وطرازه %	半角スペースとして扱う。
AIND-D04768	ELLIPSIS	原文の欠落（lacuna）	○	...	لوهاب بن داود بن طاهر بن تاج الدين الشيخ أبو ... ويعرف بابن طاهر ملك اليمن بعد عمه علي بن طاه	欠落部は情報なしとして扱い、該当要素を立てずに作業する。
AIND-D04769	DOLLAR3_STUB	処理済みの転送見出し（$$$）が同じブロックに同居	◎	###$188609472849$# $$$	ك وصلي عليه صلاة الغائب بالأقصى رحمه الله . ###$188609472849$# $$$ عبد الوهاب بن أبي شاكر . يأتي قريبا في ابن ع	処理済みなので作業不要。ブロック先頭の項だけ作業すればよい。
AIND-D04777	DOLLAR3_STUB	処理済みの転送見出し（$$$）が同じブロックに同居	◎	###$348789942627$# $$$	لله عنهما ، وطول المقريزي في عقوده ترجمته . ###$348789942627$# $$$ عبد الوهاب بن عبد الله تاج الدين بن كاتب الم	処理済みなので作業不要。ブロック先頭の項だけ作業すればよい。
AIND-D04780	PLUSMIN	語末に付く注記マーカー（語を分断しない）	◎	±±±	وابن الفرات وشيخنا بل قرأ على الشريف التماية±±± وغيره وكذا قرأ في العربية على نظام الحنفي وس	無視してよい。記号を取り除いた語がそのまま正しい読み。
AIND-D04784	DOLLAR3_STUB	処理済みの転送見出し（$$$）が同じブロックに同居	◎	###$549307033974$# $$$	مات فيما أظن قريب الخمسين أو بعدها بقليل . ###$549307033974$# $$$ عبد الوهاب بن ماجد في ابن عبد الله بن موسى ب	処理済みなので作業不要。ブロック先頭の項だけ作業すればよい。
AIND-D04786	PLUSMIN	語末に付く注記マーカー（語を分断しない）	◎	±±±	رت سيرته مع حسن شكالته بهاء منظره وكثرة سؤدده±±± ووقاره بحيث كان لذلك ينسب لزهو ثم صرف بعد أز	無視してよい。記号を取り除いた語がそのまま正しい読み。
AIND-D04804	DOLLAR3_STUB	処理済みの転送見出し（$$$）が同じブロックに同居	◎	###$623990811022$# $$$	أة في جمادى الآخرة سنة ست وستين ودفن هناك . ###$623990811022$# $$$ 412 عبد الوهاب التاج بن كاتب المناخات . مات	処理済みなので作業不要。ブロック先頭の項だけ作業すればよい。
AIND-D04807	STAR_HEADWORD	未採番見出しの境界（1ブロックに複数見出しが同居）	△	★عبيد★	ن الطهويهي الأزهري . ممن سمع مني بالقاهرة . ★عبيد★ الله بن بايزيد . يأتي في التحتانية من الآباء	作業しない。ブロック内の2件目以降は別項として採番が必要。
AIND-D04808	DOLLAR3_STUB	処理済みの転送見出し（$$$）が同じブロックに同居	◎	###$855679969687$# $$$	ر ينفق فوره %~% ويخفى إلى أن يستجد ضياء %~% ###$855679969687$# $$$ عبيد الله بن عبد الله الأردبيلي . في ابن عوض	処理済みなので作業不要。ブロック先頭の項だけ作業すればよい。
AIND-D04808	DOLLAR3_STUB	処理済みの転送見出し（$$$）が同じブロックに同居	◎	###$138944719253$# $$$	ن عبد الله الأردبيلي . في ابن عوض بن محمد . ###$138944719253$# $$$ عبيد الله بن علي بن إبراهيم القرتاوي الشامي	処理済みなので作業不要。ブロック先頭の項だけ作業すればよい。
AIND-D04811	PLUSMIN	語末に付く注記マーカー（語を分断しない）	◎	±±±	الإسلام حافظ العصر في سؤال سألني عنه ولازمني±±± بمكة كثيرا في قراءة أشياء وكان يود الإكثار ف	無視してよい。記号を取り除いた語がそのまま正しい読み。
AIND-D04814	STAR_HEADWORD	未採番見出しの境界（1ブロックに複数見出しが同居）	△	★عبيد★	حقق المفنن برهان الدين بن الإمام عز الدين . ★عبيد★ الله الأردبيلي . في ابن عوض .	作業しない。ブロック内の2件目以降は別項として採番が必要。
AIND-D04818	STAR_HEADWORD	未採番見出しの境界（1ブロックに複数見出しが同居）	△	★عبيد★	سعد الله بن عبد الكافي . مضى في عبد الله . ★عبيد★ بن كاتب الجيش الفخر عبد الغني بن الحر . مضى	作業しない。ブロック内の2件目以降は別項として採番が必要。
AIND-D04818	STAR_HEADWORD	未採番見出しの境界（1ブロックに複数見出しが同居）	△	★عبيد★	بن الحر . مضى في عبد الوهاب بن عبد الغني . ★عبيد★ بن عبد الله البشكالسي . في محمد بن عبيد . ★	作業しない。ブロック内の2件目以降は別項として採番が必要。
AIND-D04818	STAR_HEADWORD	未採番見出しの境界（1ブロックに複数見出しが同居）	△	★عبيد★	★ بن عبد الله البشكالسي . في محمد بن عبيد . ★عبيد★ بن عثمان بن محمد الصالحي العطار بن حميه . في	作業しない。ブロック内の2件目以降は別項として採番が必要。
AIND-D04818	STAR_HEADWORD	未採番見出しの境界（1ブロックに複数見出しが同居）	△	★عبيد★	حمد الصالحي العطار بن حميه . في عبد الله . ★عبيد★ بن علي بن أبي بكر الريمي . في عبد الرحمن .	作業しない。ブロック内の2件目以降は別項として採番が必要。
AIND-D04818	ELLIPSIS	原文の欠落（lacuna）	○	...	وفية وأحوال اهلهم الكثير حتى كان يقول لو كان ... ثم اقبل على الشعر وأكثر من مطالعة دواوينه ون	欠落部は情報なしとして扱い、該当要素を立てずに作業する。
AIND-D04818	IDEOSPACE	全角スペース（変換ノイズ）	◎	　	حي العطار بن حميه . في عبد الله . ★عبيد★ بن علي بن أبي بكر الريمي . في عبد الرحمن .	半角スペースとして扱う。
AIND-D04818	DOLLAR3_STUB	処理済みの転送見出し（$$$）が同じブロックに同居	◎	###$793042233770$# $$$	ء كثير مع ذكره بالفحولة والهمة وعدم الجبن . ###$793042233770$# $$$ عبيد بن سعد الله بن عبد الكافي . مضى في عبد	処理済みなので作業不要。ブロック先頭の項だけ作業すればよい。
AIND-D04819	DOLLAR3_STUB	処理済みの転送見出し（$$$）が同じブロックに同居	◎	###$268456438191$# $$$	ين التميمي الحنبلي . ممن سمع مني بالقاهرة . ###$268456438191$# $$$ عبيد بن علي بن عمر المرخم . في عبد المعطي .	処理済みなので作業不要。ブロック先頭の項だけ作業すればよい。
AIND-D04819	DOLLAR3_STUB	処理済みの転送見出し（$$$）が同じブロックに同居	◎	###$299452344753$# $$$	عبيد بن علي بن عمر المرخم . في عبد المعطي . ###$299452344753$# $$$ عبيد بن علي المني الطبي . هو عبد الملك .	処理済みなので作業不要。ブロック先頭の項だけ作業すればよい。
AIND-D04821	ELLIPSIS	原文の欠落（lacuna）	○	...	لد في سنة ثماني عشرة وثمانمائة تقريبا بهيت ، ... وسمع على ناصر الدين الفاقوسي وعائشة الكنانية	欠落部は情報なしとして扱い、該当要素を立てずに作業する。
AIND-D04823	DOLLAR3_STUB	処理済みの転送見出し（$$$）が同じブロックに同居	◎	###$993022454204$# $$$	اب الدين السمرقندي القاضي . مات سنة خمسين . ###$993022454204$# $$$ عبيد حافظ . هو عبيد الله بن عبد الله بن عبيد	処理済みなので作業不要。ブロック先頭の項だけ作業すればよい。
AIND-D04824	STAR_HEADWORD	未採番見出しの境界（1ブロックに複数見出しが同居）	△	★عبيد الصاني★	الريمي . في عبد الرحمن بن علي بن أبي بكر . ★عبيد الصاني★ . في عبد القادر بن حسن . ###$921572485570$#	作業しない。ブロック内の2件目以降は別項として採番が必要。
AIND-D04824	DOLLAR3_STUB	処理済みの転送見出し（$$$）が同じブロックに同居	◎	###$903088187841$# $$$	جوعه من الحج بقبور الشهداء سنة خمس وثمانين . ###$903088187841$# $$$ عبيد الريمي . في عبد الرحمن بن علي بن أبي بك	処理済みなので作業不要。ブロック先頭の項だけ作業すればよい。
AIND-D04824	DOLLAR3_STUB	処理済みの転送見出し（$$$）が同じブロックに同居	◎	###$921572485570$# $$$	ر . ★عبيد الصاني★ . في عبد القادر بن حسن . ###$921572485570$# $$$ عبيد الظاهري . في عبد الله بن محمد بن أبي بك	処理済みなので作業不要。ブロック先頭の項だけ作業すればよい。
AIND-D04827	ELLIPSIS	原文の欠落（lacuna）	○	...	يش الفخر بن الجيعان . كذا رأيته بخط الفخر بن ... فيمن سمع من شيخنا في أماليه القديمة وأظنه وه	欠落部は情報なしとして扱い、該当要素を立てずに作業する。
AIND-D04827	XREF_MEMO	人間が入れた照合メモ	○	=380 above?	ويدعى بل هو عبد الوهاب بن الفخر بن عبد الغني =380 above? .	メモは本文ではない。除いて作業し、メモ内容は熊倉へ報告。
AIND-D04839	ELLIPSIS	原文の欠落（lacuna）	○	...	بابن ثقالة ولد في العشر الأخير من رمضان سنة ... واشتغل في فنون العلم والأدب كثيرا وتجرع فاقة	欠落部は情報なしとして扱い、該当要素を立てずに作業する。
AIND-D04839	ELLIPSIS	原文の欠落（lacuna）	○	...	نت فلم ترى %~% وكل له سرب اليك فيصعد %~% مات ...	欠落部は情報なしとして扱い、該当要素を立てずに作業する。
AIND-D04857	STAR_QUERY	校訂者が読みに疑義を付した語	○	★و?★	العيد فلما ناب الزين في القضاء وجلس بالجورة ★و?★ تحول معه وربما حضر معه عند الولوي السفطي ، ك	疑義語は #NEEDID のまま残し、他の部分は通常どおり作業する。
AIND-D04857	IDEOSPACE	全角スペース（変換ノイズ）	◎	　	يد فلما ناب الزين في القضاء وجلس بالجورة ★و?★ تحول معه وربما حضر معه عند الولوي السفطي ، كل	半角スペースとして扱う。
AIND-D04873	PLUSMIN	語末に付く注記マーカー（語を分断しない）	◎	±±±	بة لجده الأعلى أبي حفص الذي كان يقال له انتاب±±± أحد العشرة من أصحاب محمد بن تومرت المعروف با	無視してよい。記号を取り除いた語がそのまま正しい読み。
AIND-D04886	STAR_HEADWORD	未採番見出しの境界（1ブロックに複数見出しが同居）	△	★عثمان★	ضرير تلا عليه أحمد بن محمد بن عيسى الفولازي ★عثمان★ الحطاب . في ابن محمد بن أحمد بن محمد بن عطية	作業しない。ブロック内の2件目以降は別項として採番が必要。
AIND-D04888	DOLLAR3_STUB	処理済みの転送見出し（$$$）が同じブロックに同居	◎	###$370227030597$# $$$	ولا غير متبسط كعادة نظرائه غالبا رحمه الله. ###$370227030597$# $$$ عثمان الديمي . هو ابن محمد بن عثمان بن ناصر	処理済みなので作業不要。ブロック先頭の項だけ作業すればよい。
AIND-D04889	STAR_HEADWORD	未採番見出しの境界（1ブロックに複数見出しが同居）	△	★عثمان★	المقدس وقتا ولم يكن بالمرضي عفا الله عنه . ★عثمان★ المغربي الشيخ الصالح هو ابن يوسف بن محمد بن	作業しない。ブロック内の2件目以降は別項として採番が必要。
AIND-D04889	STAR_HEADWORD	未採番見出しの境界（1ブロックに複数見出しが同居）	△	★عثمان★	الصالح هو ابن يوسف بن محمد بن علي الماضي . ★عثمان★ المقسي الفقيه هو ابن عبد الله بن عثمان تقدم	作業しない。ブロック内の2件目以降は別項として採番が必要。
AIND-D04900	STAR_HEADWORD	未採番見出しの境界（1ブロックに複数見出しが同居）	△	★عرفات★	نية حمل من الشرقية . ممن سمع مني بالقاهرة . ★عرفات★ . في محمد بن خضر .	作業しない。ブロック内の2件目以降は別項として採番が必要。
AIND-D04901	DOLLAR3_STUB	処理済みの転送見出し（$$$）が同じブロックに同居	◎	###$383166458465$# $$$	بن يوسف بن إبراهيم البلبيسي كما في ترجمته . ###$383166458465$# $$$ 507عصفورة التاجر الشامي وكان لقبه . مات سنة	処理済みなので作業不要。ブロック先頭の項だけ作業すればよい。
AIND-D04917	DOLLAR3_STUB	処理済みの転送見出し（$$$）が同じブロックに同居	◎	###$317986974333$# $$$	ا أنه كان كثير الفتن والشرور عفا الله عنه . ###$317986974333$# $$$ علان . في حوادث سنة عشر ، وأظنه الذي قبله .	処理済みなので作業不要。ブロック先頭の項だけ作業すればよい。
AIND-D04924	ELLIPSIS	原文の欠落（lacuna）	○	...	لرضى عنه ثم عاد وبلغني في سنة تسع وتسعين أنه ... ###$911799757454$# $$$ عليباي بابي . في علي	欠落部は情報なしとして扱い、該当要素を立てずに作業する。
AIND-D04924	DOLLAR3_STUB	処理済みの転送見出し（$$$）が同じブロックに同居	◎	###$911799757454$# $$$	عنه ثم عاد وبلغني في سنة تسع وتسعين أنه ... ###$911799757454$# $$$ عليباي بابي . في علي بن خليل بن قراجا .	処理済みなので作業不要。ブロック先頭の項だけ作業すればよい。
AIND-D04925	IDEOSPACE	全角スペース（変換ノイズ）	◎	　	اهري الشافعي المقري ويعرف بالحبيني وبالبوصيري . ممن أخذ من الشمس العسقلاني القراءات وتصدر ل	半角スペースとして扱う。
AIND-D04926	DOLLAR3_STUB	処理済みの転送見出し（$$$）が同じブロックに同居	◎	###$362610174614$# $$$	نة وبعض الصحيح وغيرهما في سنة خمس وثلاثين . ###$362610174614$# $$$ علي بن إبراهيم بن إسماعيل بن الشحنة الداري .	処理済みなので作業不要。ブロック先頭の項だけ作業すればよい。
AIND-D04928	DOLLAR3_STUB	処理済みの転送見出し（$$$）が同じブロックに同居	◎	###$457846041243$# $$$	في سادس عشر شوال سنة خمس وخمسين رحمه الله . ###$457846041243$# $$$ علي بن إبراهيم بن صدقة التاجر السكندري . في	処理済みなので作業不要。ブロック先頭の項だけ作業すればよい。
AIND-D04937	ELLIPSIS	原文の欠落（lacuna）	○	...	الأتابك حين كان حاجبا إلى أن مات في صفر سنة ...	欠落部は情報なしとして扱い、該当要素を立てずに作業する。
AIND-D04947	STAR_QUERY	校訂者が読みに疑義を付した語	○	★ووأدخل?★	ل له نوع اختلال ويقال أن سببه أكله حب البلاد ★ووأدخل?★ البيمارستان لكونه كلم العلمي البلقيني وهو في	疑義語は #NEEDID のまま残し、他の部分は通常どおり作業する。
AIND-D04948	ELLIPSIS	原文の欠落（lacuna）	○	...	إبراهيم الغزي نزيل بيت المقدس والمتوفي به في ...	欠落部は情報なしとして扱い、該当要素を立てずに作業する。
AIND-D04966	ELLIPSIS	原文の欠落（lacuna）	○	...	خلافه الشهاب أحمد ابن شيخه وزار بيت المقدس و ...	欠落部は情報なしとして扱い、該当要素を立てずに作業する。
AIND-D04974	DOLLAR3_STUB	処理済みの転送見出し（$$$）が同じブロックに同居	◎	###$452036930315$# $$$	ربيع الأول سنة تسع وخمسين . أرخه ابن فهد . ###$452036930315$# $$$ علي بن أحمد بن سويدان . في ابن أحمد بن محمد	処理済みなので作業不要。ブロック先頭の項だけ作業すればよい。
AIND-D04983	STAR_QUERY	校訂者が読みに疑義を付した語	○	★الديراسطياري?★	بن عبد الله بن محمد بن إبراهيم بن نصر بن فهد ★الديراسطياري?★ سمع في سنة سبع وستين من الصلاح بن أبي عمر وج	疑義語は #NEEDID のまま残し、他の部分は通常どおり作業する。
AIND-D04998	ELLIPSIS	原文の欠落（lacuna）	○	...	ير وممن قرأ عليه ولده والعلاء التزمنتي . مات ...	欠落部は情報なしとして扱い、該当要素を立てずに作業する。
AIND-D05036	STAR_HEADWORD	未採番見出しの境界（1ブロックに複数見出しが同居）	△	★علي★	ي هو المقدم له فخففت عنه رحمه الله وإيانا . ★علي★ ابن أحمد بن محمد بن عمر أبو الحسن بن أبي الع	作業しない。ブロック内の2件目以降は別項として採番が必要。
AIND-D05040	STAR_HEADWORD	未採番見出しの境界（1ブロックに複数見出しが同居）	△	★علي★	لطحاوي وكثرت مراجعته لي في ذلك وحمدت أدبه . ★علي★ بن أحمد بن محمد نور الدين الطنتدائي الفرضي .	作業しない。ブロック内の2件目以降は別項として採番が必要。
AIND-D05041	ELLIPSIS	原文の欠落（lacuna）	○	...	ل يسيرا وسمع الحديث وهو ممن أخذ عني . مات في ...	欠落部は情報なしとして扱い、該当要素を立てずに作業する。
AIND-D05049	ELLIPSIS	原文の欠落（lacuna）	○	...	الدوماطي بالتواضع والتودد وكرم النفس مات في ...	欠落部は情報なしとして扱い、該当要素を立てずに作業する。
AIND-D05056	STAR_HEADWORD	未採番見出しの境界（1ブロックに複数見出しが同居）	△	★علي★	ان طارح التكلف خيرا فاضلا . أفادنيه حفيده . ★علي★ بن الأرزق . في ابن أبي بكر بن خليفة .	作業しない。ブロック内の2件目以降は別項として採番が必要。
AIND-D05065	DOLLAR3_STUB	処理済みの転送見出し（$$$）が同じブロックに同居	◎	###$998944812002$# $$$	ت في شعبان سنة ثلاث وخمسين . أرخه ابن فهد . ###$998944812002$# $$$ علي بن اقبرس . في ابن محمد بن أقبرس .	処理済みなので作業不要。ブロック先頭の項だけ作業すればよい。
AIND-D05067	ELLIPSIS	原文の欠落（lacuna）	○	...	اك يا من %~% خدوده وردها نصيبي %~% %~% واعطف ... على ... ضعفي %~% يا مائس ... العطف %~% وله :	欠落部は情報なしとして扱い、該当要素を立てずに作業する。
AIND-D05067	ELLIPSIS	原文の欠落（lacuna）	○	...	%~% خدوده وردها نصيبي %~% %~% واعطف ... على ... ضعفي %~% يا مائس ... العطف %~% وله : %~% كأن	欠落部は情報なしとして扱い、該当要素を立てずに作業する。
AIND-D05067	ELLIPSIS	原文の欠落（lacuna）	○	...	ي %~% %~% واعطف ... على ... ضعفي %~% يا مائس ... العطف %~% وله : %~% كأن الراح لما راح يسعى %	欠落部は情報なしとして扱い、該当要素を立てずに作業する。
AIND-D05082	DOLLAR3_STUB	処理済みの転送見出し（$$$）が同じブロックに同居	◎	###$629401463804$# $$$	العرب البكاري المفسر . مات سنة أربع وستين . ###$629401463804$# $$$ علي بن أبي بكر بن علي بن أبي بكر بن عبد المل	処理済みなので作業不要。ブロック先頭の項だけ作業すればよい。
AIND-D05085	PLUSMIN	語末に付く注記マーカー（語を分断しない）	◎	±±±	ذا ملاءة تسبب فيها واستفاد أملاكا بمكة وسيراء±±± من وادي نخلة وعمل بعضها للفقراء رباطا فسكنوه	無視してよい。記号を取り除いた語がそのまま正しい読み。
AIND-D05097	DOLLAR3_STUB	処理済みの転送見出し（$$$）が同じブロックに同居	◎	###$566025530400$# $$$	الإمساك مع ذكره بمزيد المال عفا الله عنه . ###$566025530400$# $$$ علي بن أبي بكر الأبياري ثم القاهري أحد شهوده	処理済みなので作業不要。ブロック先頭の項だけ作業すればよい。
AIND-D05103	DOLLAR3_STUB	処理済みの転送見出し（$$$）が同じブロックに同居	◎	###$538565422125$# $$$	بها في رجب سنة اثنتين وستين أرخة ابن فهد . ###$538565422125$# $$$ علي بن أبي جعفر . في ابن محمد بن أحمد بن عمر	処理済みなので作業不要。ブロック先頭の項だけ作業すればよい。
AIND-D05104	STAR_HEADWORD	未採番見出しの境界（1ブロックに複数見出しが同居）	△	★علي★	نني شاهدت صنيع السبع معه رحمه الله وإيانا . ★علي★ بن حبيب البوصيري . في ابن آدم بن حبيب .	作業しない。ブロック内の2件目以降は別項として採番が必要。
AIND-D05105	DOLLAR3_STUB	処理済みの転送見出し（$$$）が同じブロックに同居	◎	###$831717911610$# $$$	بن حجاج الحريري الدلال . ممن سمع مني بمكة . ###$831717911610$# $$$ علي بن حجاج الوراق أحد فضلاء المالكية . يأتي	処理済みなので作業不要。ブロック先頭の項だけ作業すればよい。
AIND-D05119	DOLLAR3_STUB	処理済みの転送見出し（$$$）が同じブロックに同居	◎	###$902500985969$# $$$	ية غمر شركة لفارس ثم لغيره وعد من العجائب . ###$902500985969$# $$$ علي بن حسن بن عمر التلواني . هكذا ساق شيخنا	処理済みなので作業不要。ブロック先頭の項だけ作業すればよい。
AIND-D05121	STAR_HEADWORD	未採番見出しの境界（1ブロックに複数見出しが同居）	△	★علي★	شيخ عبد المعطي مع تقلل كبير وتظلم من أخيه . ★علي★ بن حسن الحاضري يأتي في ابن حسين بن علي .	作業しない。ブロック内の2件目以降は別項として採番が必要。
AIND-D05138	ELLIPSIS	原文の欠落（lacuna）	○	...	ا ، وله ذكر في محمد ابن علي بن قرمان ومات في ...	欠落部は情報なしとして扱い、該当要素を立てずに作業する。
AIND-D05140	ELLIPSIS	原文の欠落（lacuna）	○	...	علي بن خليل بن مسلم أبو الحسن المسلمي ...	欠落部は情報なしとして扱い、該当要素を立てずに作業する。
AIND-D05144	DOLLAR3_STUB	処理済みの転送見出し（$$$）が同じブロックに同居	◎	###$583821962409$# $$$	ربة أعدها لنفسه من المعلاة . ذكره ابن فهد . ###$583821962409$# $$$ علي بن دلغادر . هو ابن خليل بن قراجا . مضى .	処理済みなので作業不要。ブロック先頭の項だけ作業すればよい。
AIND-D05152	DOLLAR3_STUB	処理済みの転送見出し（$$$）が同じブロックに同居	◎	###$503274548408$# $$$	بل الظهر من الغد بالأزهر رحمه الله وإيانا . ###$503274548408$# $$$ علي بن زكنون . في ابن حسين بن عروة .	処理済みなので作業不要。ブロック先頭の項だけ作業すればよい。
AIND-D05154	PLUSMIN	語末に付く注記マーカー（語を分断しない）	◎	±±±	751 علي بن زيد الصناني المكي البناء±±± مات بمكة في ربيع الآخر سنة ثمان وخمسين .	無視してよい。記号を取り除いた語がそのまま正しい読み。
AIND-D05157	DOLLAR3_STUB	処理済みの転送見出し（$$$）が同じブロックに同居	◎	###$394226838727$# $$$	ي ذي الحج سنة إحدى . أرخه شيخنا في إنبائه . ###$394226838727$# $$$ علي بن سالم الزبيدي . هو الموفق على بن أحمد	処理済みなので作業不要。ブロック先頭の項だけ作業すればよい。
AIND-D05163	DOLLAR3_STUB	処理済みの転送見出し（$$$）が同じブロックに同居	◎	###$889079213273$# $$$	ل الدهر مع تواضع وسكون رحمه الله وعفا عنه . ###$889079213273$# $$$ علي بن سلام . في ابن عبد الله بن محمد بن الح	処理済みなので作業不要。ブロック先頭の項だけ作業すればよい。
AIND-D05169	DOLLAR3_STUB	処理済みの転送見出し（$$$）が同じブロックに同居	◎	###$344444644583$# $$$	لشمس الفارسكوري الظريف في سنة خمس وأربعين . ###$344444644583$# $$$ علي بن سميط . في ابن محمد بن علي .	処理済みなので作業不要。ブロック先頭の項だけ作業すればよい。
AIND-D05173	STAR_HEADWORD	未採番見出しの境界（1ブロックに複数見出しが同居）	△	★علي ★	~% فلم نزل بين مسلوب وملسوب %~% في أبيات . ★علي ★ بن أبي سويد بن أبي دعيج بن أبي نمى ...	作業しない。ブロック内の2件目以降は別項として採番が必要。
AIND-D05173	ELLIPSIS	原文の欠落（lacuna）	○	...	. ★علي ★ بن أبي سويد بن أبي دعيج بن أبي نمى ...	欠落部は情報なしとして扱い、該当要素を立てずに作業する。
AIND-D05188	STAR_HEADWORD	未採番見出しの境界（1ブロックに複数見出しが同居）	△	★علي بن طعيمة★	عاده في مرض موته ومعه الفقيه يوسف الجبائي . ★علي بن طعيمة★ . يأتي في ابن محمد بن طعيمة .	作業しない。ブロック内の2件目以降は別項として採番が必要。
AIND-D05247	DOLLAR3_STUB	処理済みの転送見出し（$$$）が同じブロックに同居	◎	###$667414441379$# $$$	رحيق شرابه %~% وألحاظ صب من صبابته صبا %~% ###$667414441379$# $$$ علي بن عبد الله بن إسماعيل بن عبد القادر الد	処理済みなので作業不要。ブロック先頭の項だけ作業すればよい。
AIND-D05248	DOLLAR3_STUB	処理済みの転送見出し（$$$）が同じブロックに同居	◎	###$541346246053$# $$$	علاء الدين الحلبي . ممن سمع مني بالقاهرة . ###$541346246053$# $$$ علي بن عبد الله بن عبد الرحمن . في ابن عبد ا	処理済みなので作業不要。ブロック先頭の項だけ作業すればよい。
AIND-D05286	DOLLAR3_STUB	処理済みの転送見出し（$$$）が同じブロックに同居	◎	###$449608429055$# $$$	علي بن عراق . في ابن عبد الرحمن . ###$449608429055$# $$$ علي بن عكاشة أحد الصلحاء . ممن أخذ عن شيخنا	処理済みなので作業不要。ブロック先頭の項だけ作業すればよい。
AIND-D05288	DOLLAR3_STUB	処理済みの転送見出し（$$$）が同じブロックに同居	◎	###$135157263884$# $$$	اعيل الحنفي الصوفي . ممن أخذ عني بالقاهرة . ###$135157263884$# $$$ علي بن علي بن حسين السيد الزين الجرجاني . يأ	処理済みなので作業不要。ブロック先頭の項だけ作業すればよい。
AIND-D05292	ELLIPSIS	原文の欠落（lacuna）	○	...	% وغير ذلك مما كتبته في الرحلة وغيرها . مات ...	欠落部は情報なしとして扱い、該当要素を立てずに作業する。
AIND-D05299	ELLIPSIS	原文の欠落（lacuna）	○	...	قيني في الفقه وغيره والغماري في العربية وكذا ... العز بن جماعة مع غيرها من الأصلين والفنون وك	欠落部は情報なしとして扱い、該当要素を立てずに作業する。
AIND-D05313	DOLLAR3_STUB	処理済みの転送見出し（$$$）が同じブロックに同居	◎	###$860646026823$# $$$	تدح بها الجمالي فما النووي فما ابن الصلاح . ###$860646026823$# $$$ علي بن عمر بن قنان . هو ابن عمر بن محمد بن ع	処理済みなので作業不要。ブロック先頭の項だけ作業すればよい。
AIND-D05334	DOLLAR3_STUB	処理済みの転送見出し（$$$）が同じブロックに同居	◎	###$782090907235$# $$$	يره وقال : مات في شوال سنة أربع رحمه الله . ###$782090907235$# $$$ علي بن غريب . له ذكر في يوسف بن محمد بن إسما	処理済みなので作業不要。ブロック先頭の項だけ作業すればよい。
AIND-D05338	ELLIPSIS	原文の欠落（lacuna）	○	...	925 علي بن الفقيه الطهطاوي واسم أبيه ... ممن سمع مني بمكة .	欠落部は情報なしとして扱い、該当要素を立てずに作業する。
AIND-D05343	ELLIPSIS	原文の欠落（lacuna）	○	...	$710598995574$# $$$ علي بن أبي القسم المحجوب ...	欠落部は情報なしとして扱い、該当要素を立てずに作業する。
AIND-D05343	DOLLAR3_STUB	処理済みの転送見出し（$$$）が同じブロックに同居	◎	###$710598995574$# $$$	يحيى المراكشي المغربي . ممن سمع مني بمكة . ###$710598995574$# $$$ علي بن أبي القسم المحجوب ...	処理済みなので作業不要。ブロック先頭の項だけ作業すればよい。
AIND-D05347	STAR_ORPHAN	対になっていない孤立した★（変換ノイズ）	◎	★	934 ★علي بن قردم العلائي المذكور وأبوه في المائة ق	無視してよい。
AIND-D05347	STAR_ORPHAN	対になっていない孤立した★（変換ノイズ）	◎	★	بن قردم العلائي المذكور وأبوه في المائة قبلها★ .	無視してよい。
AIND-D05349	DOLLAR3_STUB	処理済みの転送見出し（$$$）が同じブロックに同居	◎	###$860264345220$# $$$	القرمانية واستقر هذا هناك وأحضر معه أخوه . ###$860264345220$# $$$ علي بن قنان ، في ابن عمر بن محمد بن علي بن ق	処理済みなので作業不要。ブロック先頭の項だけ作業すればよい。
AIND-D05352	DOLLAR3_STUB	処理済みの転送見出し（$$$）が同じブロックに同居	◎	###$912391155337$# $$$	ته وانه رؤى بعد موته وقال إنه في أعلى الجنة. ###$912391155337$# $$$ علي بن أبي الليث ، في ابن محمد بن محمد بن أح	処理済みなので作業不要。ブロック先頭の項だけ作業すればよい。
AIND-D05364	STAR_HEADWORD	未採番見出しの境界（1ブロックに複数見出しが同居）	△	★على★	الماضي ويعرف كهو بابن زيد . سمع ثلاثيات مسند ★على★_أحمد؟_ علي وحدث بها سمعها بعض الطلبة ممن أخذ	作業しない。ブロック内の2件目以降は別項として採番が必要。
AIND-D05365	DOLLAR3_STUB	処理済みの転送見出し（$$$）が同じブロックに同居	◎	###$340703325852$# $$$	ي شوال سنة أربع وخمسين بالقاهرة رحمه الله . ###$340703325852$# $$$ علي بن محمد بن أحمد بن بهرام . في ابن محمد ب	処理済みなので作業不要。ブロック先頭の項だけ作業すればよい。
AIND-D05377	DOLLAR3_STUB	処理済みの転送見出し（$$$）が同じブロックに同居	◎	###$599982616238$# $$$	ء بل أظنه ممن انتفع به . مات بعد الأربعين . ###$599982616238$# $$$ علي بن محمد بن أحمد بن علي الأقواسي . يأتي ب	処理済みなので作業不要。ブロック先頭の項だけ作業すればよい。
AIND-D05390	PLUSMIN	語末に付く注記マーカー（語を分断しない）	◎	±±±	سين الفتحي في قوله عن إبراهيم بن سالم أنهم أخ±±± فلم يلبث أن بان بطلانه .	無視してよい。記号を取り除いた語がそのまま正しい読み。
AIND-D05391	STAR_HEADWORD	未採番見出しの境界（1ブロックに複数見出しが同居）	△	★علي★	ابن عبد الوارث وصحب إبراهيم المتبولي وقتا . ★علي★ بن محمد بن أحمد الدمنهوري المكي . مضى فيمن ج	作業しない。ブロック内の2件目以降は別項として採番が必要。
AIND-D05391	STAR_HEADWORD	未採番見出しの境界（1ブロックに複数見出しが同居）	△	★علي★	المكي . مضى فيمن جده أحمد بن محمد بن عماد . ★علي★ بن محمد بن أحمد نور الدين بن ناصر الدين البل	作業しない。ブロック内の2件目以降は別項として採番が必要。
AIND-D05393	ELLIPSIS	原文の欠落（lacuna）	○	...	ا وتميز في الميقات ولازمني بمكة وغيرها . مات ...	欠落部は情報なしとして扱い、該当要素を立てずに作業する。
AIND-D05397	STAR_HEADWORD	未採番見出しの境界（1ブロックに複数見出しが同居）	△	★علي★	ودخل اليمن وغيرها . ومات هناك بعد التسعين . ★علي★ بن محمد بن أحمد الطبناوي أظنه غير الماضي فيم	作業しない。ブロック内の2件目以降は別項として採番が必要。
AIND-D05411	ELLIPSIS	原文の欠落（lacuna）	○	...	لكثير من الشفا وعلى الزين الزركشي وغيره وكان ... مات ...	欠落部は情報なしとして扱い、該当要素を立てずに作業する。
AIND-D05411	ELLIPSIS	原文の欠落（lacuna）	○	...	الشفا وعلى الزين الزركشي وغيره وكان ... مات ...	欠落部は情報なしとして扱い、該当要素を立てずに作業する。
AIND-D05416	DOLLAR3_STUB	処理済みの転送見出し（$$$）が同じブロックに同居	◎	###$255252770560$# $$$	. يأتي في أواخر العليين فيمن لم يسم أبوه . ###$255252770560$# $$$ علي بن محمد بن جعفر بن علي بن عبد الله . هو	処理済みなので作業不要。ブロック先頭の項だけ作業すればよい。
AIND-D05429	PLUSMIN	語末に付く注記マーカー（語を分断しない）	◎	±±±	ستنابه في القضاء وبرع في الصناعة وقصد بهاسيما±±± وليس بالغربية حنفي وأضيفت إليه عمل الشبراوية	無視してよい。記号を取り除いた語がそのまま正しい読み。
AIND-D05441	PLUSMIN	語末に付く注記マーカー（語を分断しない）	◎	±±±	ي وحفيدي هذا يحفظ كيت وكيت ، ولكن كانت فاهمته±±± قاصرة ، ودرس الفقه بالجيهية برغبة والده له ع	無視してよい。記号を取り除いた語がそのまま正しい読み。
AIND-D05446	STAR_HEADWORD	未採番見出しの境界（1ブロックに複数見出しが同居）	△	★علي★	السذاجة والغفلة وصلاحه مستفيض نفع الله به . ★علي★ بن محمد بن عبد العزيز بن الرفا .	作業しない。ブロック内の2件目以降は別項として採番が必要。
AIND-D05448	ELLIPSIS	原文の欠落（lacuna）	○	...	قادر بن أحمد بن محمد بن أحمد الميقاتي النقاش ...	欠落部は情報なしとして扱い、該当要素を立てずに作業する。
AIND-D05466	ELLIPSIS	原文の欠落（lacuna）	○	...	خر وحدث به وسمعه منه الفضلاء من أصحابنا ومات ...	欠落部は情報なしとして扱い、該当要素を立てずに作業する。
AIND-D05485	ELLIPSIS	原文の欠落（lacuna）	○	...	ي بن على بن عوض بن محمد بن محند بن أبي قصيبة ...	欠落部は情報なしとして扱い、該当要素を立てずに作業する。
AIND-D05543	PLUSMIN	語末に付く注記マーカー（語を分断しない）	◎	±±±	مي بالصبر كن منجدي %~% ولا تطل رفضي فإني عليل±±± %~% %~% أنت خليلي فبحق الهوى %~% كن لشجوني ر	無視してよい。記号を取り除いた語がそのまま正しい読み。
AIND-D05543	PLUSMIN	語末に付く注記マーカー（語を分断しない）	◎	±±±	خليلي فبحق الهوى %~% كن لشجوني راحما يا خليل±±± %~% ولما ولي كتابة سر دمشق قال فيه الأديب ا	無視してよい。記号を取り除いた語がそのまま正しい読み。
AIND-D05546	DOLLAR3_STUB	処理済みの転送見出し（$$$）が同じブロックに同居	◎	###$968469000232$# $$$	ل ودفن بالقرافة رحمه الله وإيانا وعفا عنا . ###$968469000232$# $$$ علي بن محمد بن محمد بن سالم . يأتي بزيادة مح	処理済みなので作業不要。ブロック先頭の項だけ作業すればよい。
AIND-D05546	DOLLAR3_STUB	処理済みの転送見出し（$$$）が同じブロックに同居	◎	###$248848068652$# $$$	مد بن محمد بن سالم . يأتي بزيادة محمد ثالث . ###$248848068652$# $$$ علي بن محمد بن محمد بن عبد البر العلاء بن أب	処理済みなので作業不要。ブロック先頭の項だけ作業すればよい。
AIND-D05550	DOLLAR3_STUB	処理済みの転送見出し（$$$）が同じブロックに同居	◎	###$799115587633$# $$$	ه الشهاب بن العليف وغيره رحمه الله وإيانا . ###$799115587633$# $$$ علي بن محمد بن محمد بن علي بن عمر بن علي بن	処理済みなので作業不要。ブロック先頭の項だけ作業すればよい。
AIND-D05553	PLUSMIN	語末に付く注記マーカー（語を分断しない）	◎	±±±	ية متواضعا ثقة سليم الفطرة طارحا للتكلف . مات±±± في ليلة الخميس ثاني عشري ربيع الأول سنة إحدى	無視してよい。記号を取り除いた語がそのまま正しい読み。
AIND-D05562	DOLLAR3_STUB	処理済みの転送見出し（$$$）が同じブロックに同居	◎	###$361481908303$# $$$	ذلك سمع على فاطمة ابنة أبي اليمن المراغي . ###$361481908303$# $$$ علي بن محمد بن محمد بن محمد أبو الخير بن الش	処理済みなので作業不要。ブロック先頭の項だけ作業すればよい。
AIND-D05566	PLUSMIN	語末に付く注記マーカー（語を分断しない）	◎	±±±	بها قلوب العوام ونظم ونثر وكان أصحابه يتغالون±±± في محبته وفي تعظيمه ويفرطون في ذلك ، لقيته م	無視してよい。記号を取り除いた語がそのまま正しい読み。
AIND-D05575	DOLLAR3_STUB	処理済みの転送見出し（$$$）が同じブロックに同居	◎	###$553237098590$# $$$	الحيوب هو البسطي مضى فيمن جده محمد بن علي . ###$553237098590$# $$$ 52 علي بن محمد بن محمد نور الدين القاهري الح	処理済みなので作業不要。ブロック先頭の項だけ作業すればよい。
AIND-D05606	PLUSMIN	語末に付く注記マーカー（語を分断しない）	◎	±±±	المطلة على البحر بالقرابيص داخل درب السنبكية±±± المعروفة بالطنبذية والتربة التي بالصحراء بال	無視してよい。記号を取り除いた語がそのまま正しい読み。
AIND-D05618	DOLLAR3_STUB	処理済みの転送見出し（$$$）が同じブロックに同居	◎	###$365936259238$# $$$	ل السلطان وقال أنه مات في شعبان سنة عشرين . ###$365936259238$# $$$ علي بن ناصر الدين محمد الغمري . مضى في ابن م	処理済みなので作業不要。ブロック先頭の項だけ作業すればよい。
AIND-D05631	PLUSMIN	語末に付く注記マーカー（語を分断しない）	◎	±±±	لجواهر بالياقوت والدرر %~% %~% وغصت بحرأ عزير±±± الدر ملتقطا %~% نفائسا منه لا تحصى بمنحصر %~	無視してよい。記号を取り除いた語がそのまま正しい読み。
AIND-D05657	PLUSMIN	語末に付く注記マーカー（語を分断しない）	◎	±±±	فعية بها وسمع علي الحديث وكذا أخذ عن ابن طريف±±± الأصول ، ثم ارتحل إلى القدس فأخذ به النحو عن	無視してよい。記号を取り除いた語がそのまま正しい読み。
AIND-D05668	ELLIPSIS	原文の欠落（lacuna）	○	...	~% من أجل ما قلناه في حسد %~% ووصفنا علاجه ال... %~% %~% في حق من آذاك لا يرعوي %~% عن خبثه ظ	欠落部は情報なしとして扱い、該当要素を立てずに作業する。
AIND-D05676	PLUSMIN	語末に付く注記マーカー（語を分断しない）	◎	±±±	اوية أبي عمر من صالحيتها فحفظ القرآن والمختار±±± وعرضه على ابن عيد حين كان قاضيا بالشام وقاسم	無視してよい。記号を取り除いた語がそのまま正しい読み。
AIND-D05677	DOLLAR3_STUB	処理済みの転送見出し（$$$）が同じブロックに同居	◎	###$619825869083$# $$$	بمكة في رجب سنة ست وسبعين . أرخه ابن فهد . ###$619825869083$# $$$ علي بن يحيى بن جميع . يأتي قريبا بدون جده .	処理済みなので作業不要。ブロック先頭の項だけ作業すればよい。
AIND-D05688	DOLLAR3_STUB	処理済みの転送見出し（$$$）が同じブロックに同居	◎	###$129637560644$# $$$	ذي الحجة سنة ثمان وأربعين . أرخه ابن فهد . ###$129637560644$# $$$ علي بن يوسف بن داود الخضري الشافعي .	処理済みなので作業不要。ブロック先頭の項だけ作業すればよい。
AIND-D05701	DOLLAR3_STUB	処理済みの転送見出し（$$$）が同じブロックに同居	◎	###$532659843435$# $$$	يخنا . ذكره النجم بن فهد في معجمه وبيض له . ###$532659843435$# $$$ علي بن يوسف الخواجا نور الدين البهلوان . مضى	処理済みなので作業不要。ブロック先頭の項だけ作業すればよい。
AIND-D05706	DOLLAR3_STUB	処理済みの転送見出し（$$$）が同じブロックに同居	◎	###$849019416950$# $$$	شغنارقي . ذكره التقي بن فهد في معجمه وبيض . ###$849019416950$# $$$ علي بن سعد الدين ملك الحبشة . في ابن محمد .	処理済みなので作業不要。ブロック先頭の項だけ作業すればよい。
AIND-D05706	DOLLAR3_STUB	処理済みの転送見出し（$$$）が同じブロックに同居	◎	###$118916919672$# $$$	علي بن سعد الدين ملك الحبشة . في ابن محمد . ###$118916919672$# $$$ علي بن صدر الدين الأردبيلي ثم المقدسي . في ا	処理済みなので作業不要。ブロック先頭の項だけ作業すればよい。
AIND-D05708	DOLLAR3_STUB	処理済みの転送見出し（$$$）が同じブロックに同居	◎	###$213683024250$# $$$	بطيخ المقري . ذكرته في الموحدة من الآباء . ###$213683024250$# $$$ علي العلاء بن الجزري . في ابن محمد بن محمد ب	処理済みなので作業不要。ブロック先頭の項だけ作業すればよい。
AIND-D05710	DOLLAR3_STUB	処理済みの転送見出し（$$$）が同じブロックに同居	◎	###$492751040894$# $$$	علي بن السدار . ###$492751040894$# $$$ علي بن شيخون اثنان : مدولب وهو ابن محمد بن أ	処理済みなので作業不要。ブロック先頭の項だけ作業すればよい。
AIND-D05711	DOLLAR3_STUB	処理済みの転送見出し（$$$）が同じブロックに同居	◎	###$693234577792$# $$$	الصابوني . في ابن أحمد بن محمد بن سليمان . ###$693234577792$# $$$ علي علاء الدين بن الطبلاوي الوالي . في ابن ع	処理済みなので作業不要。ブロック先頭の項だけ作業すればよい。
AIND-D05711	DOLLAR3_STUB	処理済みの転送見出し（$$$）が同じブロックに同居	◎	###$444340384129$# $$$	ن الطبلاوي الوالي . في ابن عبد الله بن محمد ###$444340384129$# $$$ علي بن عراق الدمشقي . في ابن عبد الرحمن .	処理済みなので作業不要。ブロック先頭の項だけ作業すればよい。
AIND-D05712	DOLLAR3_STUB	処理済みの転送見出し（$$$）が同じブロックに同居	◎	###$152991445380$# $$$	مقبرة التي تجاه مسجده . ذكره ابن اللبودي . ###$152991445380$# $$$ علي بن عين الغزال الحسيني سكنا . في ابن أحمد	処理済みなので作業不要。ブロック先頭の項だけ作業すればよい。
AIND-D05714	DOLLAR3_STUB	処理済みの転送見出し（$$$）が同じブロックに同居	◎	###$800097055112$# $$$	لنك على ظهره ، قاله العيني ، قلت وهو ابن . ###$800097055112$# $$$ 166 علي العلاء بن المكللة متولي منفلوط . قتل	処理済みなので作業不要。ブロック先頭の項だけ作業すればよい。
AIND-D05717	DOLLAR3_STUB	処理済みの転送見出し（$$$）が同じブロックに同居	◎	###$555342639502$# $$$	ة ثمان وثمانين وقد قارب السبعين رحمه الله . ###$555342639502$# $$$ علي المدعو ملا علي الكرماني . في ابن شهاب ال	処理済みなので作業不要。ブロック先頭の項だけ作業すればよい。
AIND-D05720	DOLLAR3_STUB	処理済みの転送見出し（$$$）が同じブロックに同居	◎	###$949791764883$# $$$	د زين الدين الجرجاني . في ابن محمد بن علي . ###$949791764883$# $$$ علي العلاء القابوني . في ابن محمد .	処理済みなので作業不要。ブロック先頭の項だけ作業すればよい。
AIND-D05722	ELLIPSIS	原文の欠落（lacuna）	○	...	صف بالأمير . مات في حادي عشري ربيع الأول سنة ... أرخه المقريزي . ###$820988883354$# $$$ علي	欠落部は情報なしとして扱い、該当要素を立てずに作業する。
AIND-D05722	DOLLAR3_STUB	処理済みの転送見出し（$$$）が同じブロックに同居	◎	###$820988883354$# $$$	دي عشري ربيع الأول سنة ... أرخه المقريزي . ###$820988883354$# $$$ علي نور الدين البحيري المالكي . في ابن موسى	処理済みなので作業不要。ブロック先頭の項だけ作業すればよい。
AIND-D05724	PLUSMIN	語末に付く注記マーカー（語を分断しない）	◎	±±±	حسن السمت سليم الفطرة خطب في جامع الأزهر مرات±±± نيابة عني واغتبطوا به . مات في سادس عشري ذي	無視してよい。記号を取り除いた語がそのまま正しい読み。
AIND-D05724	DOLLAR3_STUB	処理済みの転送見出し（$$$）が同じブロックに同居	◎	###$830900023710$# $$$	ات في سادس عشري ذي الحجة سنة أربع وأربعين . ###$830900023710$# $$$ 174 علي نور الدين البيري القاهري الشافعي نزي	処理済みなので作業不要。ブロック先頭の項だけ作業すればよい。
AIND-D05726	DOLLAR3_STUB	処理済みの転送見出し（$$$）が同じブロックに同居	◎	###$633453162913$# $$$	فن بالقرب من تربة قلمطاي رحمه الله وإيانا . ###$633453162913$# $$$ علي نور الدين الصوفي . في ابن أحمد بن محمد .	処理済みなので作業不要。ブロック先頭の項だけ作業すればよい。
AIND-D05749	DOLLAR3_STUB	処理済みの転送見出し（$$$）が同じブロックに同居	◎	###$475487285696$# $$$	. ذكره ابن فهد مطولا وقد رآه أولا وثانيا . ###$475487285696$# $$$ علي الدجوي : اثنان ابن أحمد بن محمد بن أحمد	処理済みなので作業不要。ブロック先頭の項だけ作業すればよい。
AIND-D05750	DOLLAR3_STUB	処理済みの転送見出し（$$$）が同じブロックに同居	◎	###$638633128393$# $$$	ة كابن شيخنا وبني ابن فهد وأظنه ابن فينظر . ###$638633128393$# $$$ علي الديروطي المقري . في ابن عبد الله بن عبد	処理済みなので作業不要。ブロック先頭の項だけ作業すればよい。
AIND-D05752	DOLLAR3_STUB	処理済みの転送見出し（$$$）が同じブロックに同居	◎	###$778265702860$# $$$	بمكة في صفر سنة ست وخمسين . أرخه ابن فهد . ###$778265702860$# $$$ علي السطيح . في ابن محمد بن أحمد بن عبد الله	処理済みなので作業不要。ブロック先頭の項だけ作業すればよい。
AIND-D05762	DOLLAR3_STUB	処理済みの転送見出し（$$$）が同じブロックに同居	◎	###$123627123166$# $$$	ربة الأمشاطي رحمه الله . طولته في الوفيات . ###$123627123166$# $$$ علي القمني اثنان شاهدان أحدهما اسم أبيه محمد	処理済みなので作業不要。ブロック先頭の項だけ作業すればよい。
AIND-D05768	DOLLAR3_STUB	処理済みの転送見出し（$$$）が同じブロックに同居	◎	###$586887999974$# $$$	ي المغربي العطار بمكة ، مات بها في المحرم . ###$586887999974$# $$$ علي المغيربي ، في ابن أحمد بن حسن .	処理済みなので作業不要。ブロック先頭の項だけ作業すればよい。
AIND-D05769	DOLLAR3_STUB	処理済みの転送見出し（$$$）が同じブロックに同居	◎	###$296004628965$# $$$	علي اليمني ، مضى في علي خروعة . ###$296004628965$# $$$ عمار الكردي ، هو عبد الغفار بن موسى ، مضى .	処理済みなので作業不要。ブロック先頭の項だけ作業すればよい。
AIND-D05771	DOLLAR3_STUB	処理済みの転送見出し（$$$）が同じブロックに同居	◎	###$658216333805$# $$$	عني شرح ألفية العراقي للناظم بعد أن كتبه . ###$658216333805$# $$$ عمار بن محمد بن عمار ، يأتي في يحيى فهو اسمه	処理済みなので作業不要。ブロック先頭の項だけ作業すればよい。
AIND-D05774	DOLLAR3_STUB	処理済みの転送見出し（$$$）が同じブロックに同居	◎	###$944993481203$# $$$	ي الحديد وقاسى شدائد والجزاء من جنس العمل . ###$944993481203$# $$$ عمران بن موسى بن أحمد بن معمر الجلجولي ، هو	処理済みなので作業不要。ブロック先頭の項だけ作業すればよい。
AIND-D05799	PLUSMIN	語末に付く注記マーカー（語を分断しない）	◎	±±±	البلقيني وابن خطيب المنصورية وغيرهما وبالناني±±± والعلاء بن المغلي تفقه وأخذ عنهما الأصول وع	無視してよい。記号を取り除いた語がそのまま正しい読み。
AIND-D05806	PLUSMIN	語末に付く注記マーカー（語を分断しない）	◎	±±±	د الرحمن الكردي الشافعي فانتفع بمواعيده ودينه±±± وخيره ثم رجع إلى القاهرة في نحو سنة عشرين ف	無視してよい。記号を取り除いた語がそのまま正しい読み。
AIND-D05808	DOLLAR3_STUB	処理済みの転送見出し（$$$）が同じブロックに同居	◎	###$889679000119$# $$$	%~% وعندي من نظمه غير هذا رحمه الله وإيانا ###$889679000119$# $$$ عمر بن أصلم ، في ابن خليل بن حسن بن يوسف .	処理済みなので作業不要。ブロック先頭の項だけ作業すればよい。
AIND-D05828	DOLLAR3_STUB	処理済みの転送見出し（$$$）が同じブロックに同居	◎	###$588850934353$# $$$	عمر بن جامع ، هو ابن عثمان بن خضر بن جامع . ###$588850934353$# $$$ عمر بن أبي جرادة ، في ابن إبراهيم بن محمد بن	処理済みなので作業不要。ブロック先頭の項だけ作業すればよい。
AIND-D05828	DOLLAR3_STUB	処理済みの転送見出し（$$$）が同じブロックに同居	◎	###$840282681938$# $$$	ابن إبراهيم بن محمد بن عمر بن عبد العزيز . ###$840282681938$# $$$ عمر بن جريعا . له ذكر في ولده يونس .	処理済みなので作業不要。ブロック先頭の項だけ作業すればよい。
AIND-D05894	DOLLAR3_STUB	処理済みの転送見出し（$$$）が同じブロックに同居	◎	###$912747672271$# $$$	ي ويعرف بابن قصروه ، ممن سمع مني بالقاهرة . ###$912747672271$# $$$ 329 عمر بن عثمان بن السراج بن الفخر بن الجند	処理済みなので作業不要。ブロック先頭の項だけ作業すればよい。
AIND-D05898	PLUSMIN	語末に付く注記マーカー（語を分断しない）	◎	±±±	بن علي بن شعبان بن محمد بن يوسف الشرف الثنائي±±± الأزهري المالكي الفقيه والد علي الماضي . ولد	無視してよい。記号を取り除いた語がそのまま正しい読み。
AIND-D05939	DOLLAR3_STUB	処理済みの転送見出し（$$$）が同じブロックに同居	◎	###$336970396449$# $$$	ثلاث وستين وأظنه جاز الستين عفا الله عنه . ###$336970396449$# $$$ عمر بن محمد بن إسماعيل المكين المصري المالكي	処理済みなので作業不要。ブロック先頭の項だけ作業すればよい。
AIND-D05978	DOLLAR3_STUB	処理済みの転送見出し（$$$）が同じブロックに同居	◎	###$288782037872$# $$$	النويري . بيض له ابن فهد وكأنه مات صغيرا . ###$288782037872$# $$$ عمر بن الجمال أبي المكارم محمد بن النجم أبي	処理済みなので作業不要。ブロック先頭の項だけ作業すればよい。
AIND-D06000	ELLIPSIS	原文の欠落（lacuna）	○	...	عمر بن محمد المالقي شاعر الأندلس ...	欠落部は情報なしとして扱い、該当要素を立てずに作業する。
AIND-D06001	DOLLAR3_STUB	処理済みの転送見出し（$$$）が同じブロックに同居	◎	###$128207303595$# $$$	ة بمكة إما بنزول من شيخه ابن عياش أو بعده . ###$128207303595$# $$$ عمر بن محمد اليماني مستوفي الديوان بجدة . مض	処理済みなので作業不要。ブロック先頭の項だけ作業すればよい。
AIND-D06003	DOLLAR3_STUB	処理済みの転送見出し（$$$）が同じブロックに同居	◎	###$677321388977$# $$$	نودي وقال أنه توفي تقريبا سنة خمس وأربعين . ###$677321388977$# $$$ عمر بن مظفر الحنبلي . في ابن محمد بن أبي بكر	処理済みなので作業不要。ブロック先頭の項だけ作業すればよい。
AIND-D06013	DOLLAR3_STUB	処理済みの転送見出し（$$$）が同じブロックに同居	◎	###$469304882113$# $$$	مال البلخي الحنفي . يأتي فيمن لم يسم أبوه . ###$469304882113$# $$$ عمر بن أبي اليمن . في ابن محمد بن محمد بن عل	処理済みなので作業不要。ブロック先頭の項だけ作業すればよい。
AIND-D06017	DOLLAR3_STUB	処理済みの転送見出し（$$$）が同じブロックに同居	◎	###$621914633157$# $$$	الدين سليمان الكنبايتي . ممن سمع مني بمكة . ###$621914633157$# $$$ عمر بن النجار خادم الجمالي أبو السعود الشافع	処理済みなので作業不要。ブロック先頭の項だけ作業すればよい。
AIND-D06044	DOLLAR3_STUB	処理済みの転送見出し（$$$）が同じブロックに同居	◎	###$226928636905$# $$$	ي القبلي المسمى بباب الصعيد . أرخه المنير . ###$226928636905$# $$$ عمر الكردي آخر في ابن إبراهيم بن أبي بكر .	処理済みなので作業不要。ブロック先頭の項だけ作業すればよい。
AIND-D06045	DOLLAR3_STUB	処理済みの転送見出し（$$$）が同じブロックに同居	◎	###$345598079989$# $$$	حنبلي كان خيرا يقرئ الأبناء مع فضيلة وخير . ###$345598079989$# $$$ عمر المسلي . في العدني قريبا .	処理済みなので作業不要。ブロック先頭の項だけ作業すればよい。
AIND-D06062	DOLLAR3_STUB	処理済みの転送見出し（$$$）が同じブロックに同居	◎	###$868233524248$# $$$	احل جدة ثم دفن مع جسده بها . أرخه ابن فهد . ###$868233524248$# $$$ عويس الشاعر . هو عيسى بن حجاج بن عيسى . يأتي	処理済みなので作業不要。ブロック先頭の項だけ作業すればよい。
AIND-D06069	ELLIPSIS	原文の欠落（lacuna）	○	...	عيسى بن أحمد بن نعيمة ...	欠落部は情報なしとして扱い、該当要素を立てずに作業する。
AIND-D06108	DOLLAR3_STUB	処理済みの転送見出し（$$$）が同じブロックに同居	◎	###$622443115644$# $$$	المتقن وأنه كان حسن التعليم ناصحا للمتعلم . ###$622443115644$# $$$ عيسى أبو مهدي الغبريني المالكي . في ابن أحمد	処理済みなので作業不要。ブロック先頭の項だけ作業すればよい。
AIND-D06108	DOLLAR3_STUB	処理済みの転送見出し（$$$）が同じブロックに同居	◎	###$621075772543$# $$$	هدي الغبريني المالكي . في ابن أحمد بن يحيى . ###$621075772543$# $$$ عيسى الأرتقي . في ابن داود بن صلح .	処理済みなので作業不要。ブロック先頭の項だけ作業すればよい。
AIND-D06110	DOLLAR3_STUB	処理済みの転送見出し（$$$）が同じブロックに同居	◎	###$626905855106$# $$$	يسى البليتني البجائي . مات سنة خمس وعشرين . ###$626905855106$# $$$ عيسى البهنسي . في ابن يوسف بن محمد قريبا .	処理済みなので作業不要。ブロック先頭の項だけ作業すればよい。
AIND-D06114	DOLLAR3_STUB	処理済みの転送見出し（$$$）が同じブロックに同居	◎	###$999762703493$# $$$	عض المبتدئين في الفرائض والحساب رحمه الله . ###$999762703493$# $$$ عيسى العلاف المصري . في ابن موسى قريبا .	処理済みなので作業不要。ブロック先頭の項だけ作業すればよい。
AIND-D06120	ELLIPSIS	原文の欠落（lacuna）	○	...	غانم الحناشي القائد ...	欠落部は情報なしとして扱い、該当要素を立てずに作業する。
AIND-D06123	DOLLAR3_STUB	処理済みの転送見出し（$$$）が同じブロックに同居	◎	###$856917292189$# $$$	تفى بعضهم بالقاهرة . ذكره شيخنا في إنبائه . ###$856917292189$# $$$ غفير الطنتدائي . هو عبد الغفار بن عبد المؤمن	処理済みなので作業不要。ブロック先頭の項だけ作業すればよい。
AIND-D06124	ELLIPSIS	原文の欠落（lacuna）	○	...	بن أبي بكر بن عبد الواحد بن عمر المريني زعم ...	欠落部は情報なしとして扱い、該当要素を立てずに作業する。
AIND-D06125	DOLLAR3_STUB	処理済みの転送見出し（$$$）が同じブロックに同居	◎	###$651211846821$# $$$	العشر الأول من رجب سنة ثمان وثلاثين بدمشق . ###$651211846821$# $$$ غياث بن علي بن نجم الكيلاني . في محمد .	処理済みなので作業不要。ブロック先頭の項だけ作業すればよい。
AIND-D06126	DOLLAR3_STUB	処理済みの転送見出し（$$$）が同じブロックに同居	◎	###$407556338853$# $$$	اهرة من جهة باب النصر عفا الله عنه وإيانا . ###$407556338853$# $$$ غيث الخانكي . هو محمد بن علي بن محمد . يكنى	処理済みなので作業不要。ブロック先頭の項だけ作業すればよい。
AIND-D06141	DOLLAR3_STUB	処理済みの転送見出し（$$$）が同じブロックに同居	◎	###$799237223623$# $$$	تين وقد ناهز الأربعين . ذكره العيني وغيره . ###$799237223623$# $$$ فارس المحمدي . مضى قريبا .	処理済みなので作業不要。ブロック先頭の項だけ作業すればよい。
AIND-D06156	ELLIPSIS	原文の欠落（lacuna）	○	...	الفتوح بن عيسى الزموري ...	欠落部は情報なしとして扱い、該当要素を立てずに作業する。
AIND-D06180	IDEOSPACE	全角スペース（変換ノイズ）	◎	　	بالعدل قوماأهل ظلم متوال %~% كلفوني بيع خيلي برخيص وبغالي %~% وشعره كثير سائر ، وهو في عق	半角スペースとして扱う。
AIND-D06207	DOLLAR3_STUB	処理済みの転送見出し（$$$）が同じブロックに同居	◎	###$359829353795$# $$$	السنهوري وتميز في القراءات وأقرأ بالمحلة . ###$359829353795$# $$$ قاسم بن أحمد بن محمد بن أحمد بن عمر الحوراني	処理済みなので作業不要。ブロック先頭の項だけ作業すればよい。
AIND-D06247	PLUSMIN	語末に付く注記マーカー（語を分断しない）	◎	±±±	ن ورجع بعد أهوال وأحوال بخفي حنين فجلس زموطيا±±± تحت الربع مع كتابته بالأجرة ويذكر بصيانة وتع	無視してよい。記号を取り除いた語がそのまま正しい読み。
AIND-D06290	DOLLAR3_STUB	処理済みの転送見出し（$$$）が同じブロックに同居	◎	###$496295228896$# $$$	ثم صار أحد المقدمين وسافر في بعض التجاريد . ###$496295228896$# $$$ قانصوه الألفي ، وجريبات ، والخسيف ، وخمسمائة	処理済みなので作業不要。ブロック先頭の項だけ作業すればよい。
AIND-D06291	DOLLAR3_STUB	処理済みの転送見出し（$$$）が同じブロックに同居	◎	###$300060521953$# $$$	اكنا شجاعا دينا عفيفا نادرة في أبناء جنسه . ###$300060521953$# $$$ قانصوه المصارع . مضى قريبا .	処理済みなので作業不要。ブロック先頭の項だけ作業すればよい。
AIND-D06303	DOLLAR3_STUB	処理済みの転送見出し（$$$）が同じブロックに同居	◎	###$860310484461$# $$$	ف المناوي مزيد العناية رحمه الله وعفا عنه . ###$860310484461$# $$$ قانم نيصا هو الظاهر جقمق . مضى قريبا .	処理済みなので作業不要。ブロック先頭の項だけ作業すればよい。
AIND-D06305	PLUSMIN	語末に付く注記マーカー（語を分断しない）	◎	±±±	ة بعد أخرى سنيه والفطر مع كثير من الجمع الرضي±±± يبرز الشافعي للخطبة به في الأعياد امتثالا لل	無視してよい。記号を取り除いた語がそのまま正しい読み。
AIND-D06305	PLUSMIN	語末に付く注記マーカー（語を分断しない）	◎	±±±	تقي الدين بالمصنع وأحد صوفية الشيخونية وابتنى±±± بالبندقانيين عدة أرباع متقابلة وخانين وحواني	無視してよい。記号を取り除いた語がそのまま正しい読み。
AIND-D06311	DOLLAR3_STUB	処理済みの転送見出し（$$$）が同じブロックに同居	◎	###$171328943612$# $$$	عارفا بلعب الرمح ممن ساق المحمل باشا سنين . ###$171328943612$# $$$ قجق نائب القلعة . هكذا بخطي في تاريخ شيخنا و	処理済みなので作業不要。ブロック先頭の項だけ作業すればよい。
AIND-D06338	DOLLAR3_STUB	処理済みの転送見出し（$$$）が同じブロックに同居	◎	###$214328948260$# $$$	ا في لعب الرمح شجاعا مقداما لكنه قليل الحظ . ###$214328948260$# $$$ قرقماس الجلب وقرماس الرماح ، تقدما .	処理済みなので作業不要。ブロック先頭の項だけ作業すればよい。
AIND-D06385	DOLLAR3_STUB	処理済みの転送見出し（$$$）が同じブロックに同居	◎	###$707021256314$# $$$	بعين خارج مكة وحمل فدفن بها . أرخه بن فهد . ###$707021256314$# $$$ كبيش بن هبة بن جماز الحسيني . هو ابن جماز ال	処理済みなので作業不要。ブロック先頭の項だけ作業すればよい。
AIND-D06390	DOLLAR3_STUB	処理済みの転送見出し（$$$）が同じブロックに同居	◎	###$934587414148$# $$$	خطيب الناصرية مطولا وتبعه شيخنا في أنبائه . ###$934587414148$# $$$ كرسجي بن أبي يزيد بن مراد بن عثمان . يأتي في	処理済みなので作業不要。ブロック先頭の項だけ作業すればよい。
AIND-D06402	DOLLAR3_STUB	処理済みの転送見出し（$$$）が同じブロックに同居	◎	###$737090221723$# $$$	وهو جندي ، مات في آخر الدولة الناصرية فرج . ###$737090221723$# $$$ كمال بن موسى الدميري ، في المحمدين .	処理済みなので作業不要。ブロック先頭の項だけ作業すればよい。
AIND-D06411	DOLLAR3_STUB	処理済みの転送見出し（$$$）が同じブロックに同居	◎	###$793935623853$# $$$	رم سنة أربعين ، وكان كثير الشر محبا للفتن . ###$793935623853$# $$$ كمشبغا الظاهري . في الفيسي قريبا .	処理済みなので作業不要。ブロック先頭の項だけ作業すればよい。
AIND-D06430	ELLIPSIS	原文の欠落（lacuna）	○	...	ماجي بن ... نزيل جامع الأزهر .	欠落部は情報なしとして扱い、該当要素を立てずに作業する。
AIND-D06439	DOLLAR3_STUB	処理済みの転送見出し（$$$）が同じブロックに同居	◎	###$378464646888$# $$$	ت في رمضان سنة ست عشر . ذكره العيني وغيره . ###$378464646888$# $$$ مبارك شاه نائب القدس ، له ذكر في أحمد بن حسي	処理済みなので作業不要。ブロック先頭の項だけ作業すればよい。
AIND-D06472	DOLLAR3_STUB	処理済みの転送見出し（$$$）が同じブロックに同居	◎	###$134800750375$# $$$	عة والقلقشندي واستقر بعده في المشيخة ولده . ###$134800750375$# $$$ محمد بن إبراهيم بن أحمد بن غنائم . يأتي في أ	処理済みなので作業不要。ブロック先頭の項だけ作業すればよい。
AIND-D06484	DOLLAR3_STUB	処理済みの転送見出し（$$$）が同じブロックに同居	◎	###$401675925310$# $$$	م بن أحمد الكردي . يأتي فيمن جده عبد الله . ###$401675925310$# $$$ محمد بن إبراهيم بن أحمد المدني . في أبي الفت	処理済みなので作業不要。ブロック先頭の項だけ作業すればよい。
AIND-D06493	DOLLAR3_STUB	処理済みの転送見出し（$$$）が同じブロックに同居	◎	###$581406046033$# $$$	بي بكر الشمس الشطنوفي . فيمن جده عبد الله . ###$581406046033$# $$$ محمد بن إبراهيم بن جامع البوصيري . صوابه ابن	処理済みなので作業不要。ブロック先頭の項だけ作業すればよい。
AIND-D06531	DOLLAR3_STUB	処理済みの転送見出し（$$$）が同じブロックに同居	◎	###$157827479456$# $$$	بمكة وله أولاد وربما أقرأ الفرائض والحساب . ###$157827479456$# $$$ محمد بن إبراهيم بن علي بن محمد البيدموري الب	処理済みなので作業不要。ブロック先頭の項だけ作業すればよい。
AIND-D06545	DOLLAR3_STUB	処理済みの転送見出し（$$$）が同じブロックに同居	◎	###$619079284666$# $$$	ه عبد الله البصري صاحب البرهاني بن ظهيرة . ###$619079284666$# $$$ محمد بن إبراهيم بن محمد بن أيوب البدر بن الع	処理済みなので作業不要。ブロック先頭の項だけ作業すればよい。
AIND-D06558	PLUSMIN	語末に付く注記マーカー（語を分断しない）	◎	±±±	ه %~% %~% واعملوا صالحا يسر فلا ب %~% د يقينا±±± من القدوم عليه %~% ومن نظمه : %~% وكنت إذا ا	無視してよい。記号を取り除いた語がそのまま正しい読み。
AIND-D06581	DOLLAR3_STUB	処理済みの転送見出し（$$$）が同じブロックに同居	◎	###$291965515766$# $$$	لدين الحسني . مضى فيمن جده علي بن المرتضى . ###$291965515766$# $$$ محمد بن إبراهيم أبو البركات العسقلاني الخانك	処理済みなので作業不要。ブロック先頭の項だけ作業すればよい。
AIND-D06590	IDEOSPACE	全角スペース（変換ノイズ）	◎	　	محمد بن إبراهيم الكردي . فيمن جده عبد الله .	半角スペースとして扱う。
AIND-D06599	DOLLAR3_STUB	処理済みの転送見出し（$$$）が同じブロックに同居	◎	###$547339909142$# $$$	ة تسع بمكة ودفن بالمعلاة رحمه الله وإيانا . ###$547339909142$# $$$ محمد بن أحمد بن إبراهيم بن محمد الفاسي المغر	処理済みなので作業不要。ブロック先頭の項だけ作業すればよい。
AIND-D06602	DOLLAR3_STUB	処理済みの転送見出し（$$$）が同じブロックに同居	◎	###$423163344925$# $$$	يلبث أن مات عن قريب الخمسين عفا الله عنه . ###$423163344925$# $$$ محمد بن أحمد بن إبراهيم الفيومي ثم القاهري ي	処理済みなので作業不要。ブロック先頭の項だけ作業すればよい。
AIND-D06602	DOLLAR3_STUB	処理済みの転送見出し（$$$）が同じブロックに同居	◎	###$337473714206$# $$$	ومي ثم القاهري يأتي في أبي الخير من الكنى . ###$337473714206$# $$$ محمد بن أحمد بن أحمد بن إبراهيم بن حمدان الش	処理済みなので作業不要。ブロック先頭の項だけ作業すればよい。
AIND-D06693	DOLLAR3_STUB	処理済みの転送見出し（$$$）が同じブロックに同居	◎	###$353483372757$# $$$	ر سنة خمس وستين بمكة ، وخلفه ولده المذكور . ###$353483372757$# $$$ محمد بن أحمد بن عبد الغني بن الأمانة ، صواب	処理済みなので作業不要。ブロック先頭の項だけ作業すればよい。
AIND-D06704	DOLLAR3_STUB	処理済みの転送見出し（$$$）が同じブロックに同居	◎	###$300505118962$# $$$	ثني عليه ويتأسف على فقده رحمه الله وإيانا . ###$300505118962$# $$$ محمد بن أحمد بن عبد الله بن قديدار . يأتي بد	処理済みなので作業不要。ブロック先頭の項だけ作業すればよい。
AIND-D06710	DOLLAR3_STUB	処理済みの転送見出し（$$$）が同じブロックに同居	◎	###$390397442311$# $$$	ب إلي بذلك حمزة الناشري ، وهو ممن أخذ عنه . ###$390397442311$# $$$ محمد بن أحمد بن عبد الله الشمس القزويني ثم ا	処理済みなので作業不要。ブロック先頭の項だけ作業すればよい。
AIND-D06730	DOLLAR3_STUB	処理済みの転送見出し（$$$）が同じブロックに同居	◎	###$423662467370$# $$$	وتسعين وقد جاز السبعين رحمه الله وعفا عنه . ###$423662467370$# $$$ محمد بن أحمد بن أبي العز بن أحمد بن أبي العز	処理済みなので作業不要。ブロック先頭の項だけ作業すればよい。
AIND-D06745	IDEOSPACE	全角スペース（変換ノイズ）	◎	　	%~% جسمي سقيم من هوى مهفهف يعالج %~% %~% كيف تزول علتي وممرضى معالج %~% ومنه : %~% أحببت	半角スペースとして扱う。
AIND-D06753	DOLLAR3_STUB	処理済みの転送見出し（$$$）が同じブロックに同居	◎	###$210524715356$# $$$	ف صاحب اليمن جهزه ومعه اخوته التسعة إليها . ###$210524715356$# $$$ محمد بن أحمد بن علي بن عواض . يأتي بدون أحمد	処理済みなので作業不要。ブロック先頭の項だけ作業すればよい。
AIND-D06777	DOLLAR3_STUB	処理済みの転送見出し（$$$）が同じブロックに同居	◎	###$581473155462$# $$$	مضى فيمن جده علي بن عبد الله بن أبي الفتح . ###$581473155462$# $$$ محمد بن أحمد بن علي القلقشدي . هكذا رأيته في	処理済みなので作業不要。ブロック先頭の項だけ作業すればよい。
AIND-D06778	IDEOSPACE	全角スペース（変換ノイズ）	◎	　	آخر اللقيط ومن أثناء الجنايات إلى آخر الكتاب وقد طالع شيخنا تصنيفه الذريعة وسمعته يقول لعل	半角スペースとして扱う。
AIND-D06778	DOLLAR3_STUB	処理済みの転送見出し（$$$）が同じブロックに同居	◎	###$887556684172$# $$$	ربيع الأول سنة سبع وستين رجمه الله وإيانا . ###$887556684172$# $$$ محمد بن أحمد بن عماد بن الهائم . في محمد بن	処理済みなので作業不要。ブロック先頭の項だけ作業すればよい。
AIND-D06902	DOLLAR3_STUB	処理済みの転送見出し（$$$）が同じブロックに同居	◎	###$715841878666$# $$$	بتنى بحلب زاويتين أعين فيهما من أهل الخير . ###$715841878666$# $$$ محمد بن أحمد بن محمد بن فهيد . يأتي بدون فهي	処理済みなので作業不要。ブロック先頭の項だけ作業すればよい。
AIND-D06916	PLUSMIN	語末に付く注記マーカー（語を分断しない）	◎	±±±	له وصار يمشي ويركب في الأسواق وبيده هراوة يقف±±± فيذكر الله جهرا ويهلل ، ودام على ذلك أكثر من	無視してよい。記号を取り除いた語がそのまま正しい読み。
AIND-D06922	DOLLAR3_STUB	処理済みの転送見出し（$$$）が同じブロックに同居	◎	###$523310742179$# $$$	ت وهو ابن اشهر في ذي الحجة سنة ثلاث وستين . ###$523310742179$# $$$ محمد بن أحمد بن محمد بن محمد بن محمد بن سعيد	処理済みなので作業不要。ブロック先頭の項だけ作業すればよい。
AIND-D06927	DOLLAR3_STUB	処理済みの転送見出し（$$$）が同じブロックに同居	◎	###$787350567603$# $$$	محمد عفيف الدين . أخو الثلاثة قبله . ###$787350567603$# $$$ محمد بن أحمد بن محمد بن محمد بن محمد بن محمد	処理済みなので作業不要。ブロック先頭の項だけ作業すればよい。
AIND-D06929	DOLLAR3_STUB	処理済みの転送見出し（$$$）が同じブロックに同居	◎	###$802336815797$# $$$	ني المدني الشافعي . ممن سمع مني بالمدينة . ###$802336815797$# $$$ محمد بن أحمد بن محمد بن محمد بن محمد الخجندي	処理済みなので作業不要。ブロック先頭の項だけ作業すればよい。
AIND-D06929	DOLLAR3_STUB	処理済みの転送見出し（$$$）が同じブロックに同居	◎	###$616323627703$# $$$	محمد بن محمد بن محمد الخجندي . في إبراهيم . ###$616323627703$# $$$ محمد بن أحمد بن محمد بن محمد بن وفا . مضى قر	処理済みなので作業不要。ブロック先頭の項だけ作業すればよい。
AIND-D06940	DOLLAR3_STUB	処理済みの転送見出し（$$$）が同じブロックに同居	◎	###$435154860747$# $$$	ى المحرم سنة ثمان وسبعين وقد جاز الثمانين . ###$435154860747$# $$$ محمد بن أحمد بن محمد بن النصير بالنون أو بال	処理済みなので作業不要。ブロック先頭の項だけ作業すればよい。
AIND-D06950	IDEOSPACE	全角スペース（変換ノイズ）	◎	　	الجلال الجرواني الشريف النقيب . مضى فيمن جده محمد بن عبد الله بن عبد المنعم .	半角スペースとして扱う。
AIND-D06960	DOLLAR3_STUB	処理済みの転送見出し（$$$）が同じブロックに同居	◎	###$619402246886$# $$$	ن فقد كان يحبنا ونحبه رحمه الله ونفعنا به . ###$619402246886$# $$$ محمد بن أحمد بن محمد الشمس القزويني نزيل مكة	処理済みなので作業不要。ブロック先頭の項だけ作業すればよい。
AIND-D07008	DOLLAR3_STUB	処理済みの転送見出し（$$$）が同じブロックに同居	◎	###$452938709832$# $$$	ة يدعى ولي الله . ممن سمع على قرب التسعين . ###$452938709832$# $$$ محمد بن أحمد بن نجاد المقدسي . في أحمد بن مو	処理済みなので作業不要。ブロック先頭の項だけ作業すればよい。
AIND-D07010	ELLIPSIS	原文の欠落（lacuna）	○	...	كونه صالحيا وباقي نسبه فقد مضى في أبيه . ولد ... ونشأ فحفظ القرآن والعمدة والشاطبية والحاوي و	欠落部は情報なしとして扱い、該当要素を立てずに作業する。
AIND-D07029	PLUSMIN	語末に付く注記マーカー（語を分断しない）	◎	±±±	ياتي قاضيا فلم يلبث إلا نحو شهرين ومات وانحلت±±± يمينه وتكرر دخوله للقاهرة وقصدني مرة بالسؤال	無視してよい。記号を取り除いた語がそのまま正しい読み。
AIND-D07073	ELLIPSIS	原文の欠落（lacuna）	○	...	محمد بن أحمد السعودي الحنفي . فيمن جده عمر ... ومحمد .	欠落部は情報なしとして扱い、該当要素を立てずに作業する。
AIND-D07145	DOLLAR3_STUB	処理済みの転送見出し（$$$）が同じブロックに同居	◎	###$968083127399$# $$$	ة فدفن في تربة والده بالفسقية المدفون بها . ###$968083127399$# $$$ محمد بن إينال . في ابن علي بن إينال .	処理済みなので作業不要。ブロック先頭の項だけ作業すればよい。
AIND-D07158	DOLLAR3_STUB	処理済みの転送見出し（$$$）が同じブロックに同居	◎	###$662582606985$# $$$	فاقتص منه ، وطول المقريزي في عقوده ترجمته . ###$662582606985$# $$$ محمد بن أبي البركات بن الزين . في محمد بن مح	処理済みなので作業不要。ブロック先頭の項だけ作業すればよい。
AIND-D07158	DOLLAR3_STUB	処理済みの転送見出し（$$$）が同じブロックに同居	◎	###$150873324686$# $$$	الزين . في محمد بن محمد بن أحمد بن الزين . ###$150873324686$# $$$ محمد بن أبي البركات الخانكي أبو الخير . في ا	処理済みなので作業不要。ブロック先頭の項だけ作業すればよい。
AIND-D07194	DOLLAR3_STUB	処理済みの転送見出し（$$$）が同じブロックに同居	◎	###$758703471831$# $$$	تحضار ليسير من الرجال والمتون من بيت كبير . ###$758703471831$# $$$ محمد بن أبي بكر بن عبد الرحمن بن محمد بن أبي	処理済みなので作業不要。ブロック先頭の項だけ作業すればよい。
AIND-D07202	DOLLAR3_STUB	処理済みの転送見出し（$$$）が同じブロックに同居	◎	###$412560145647$# $$$	ن عبد الهادي وجماعة منهم عمه . ومات صغيرا . ###$412560145647$# $$$ محمد بن أبي بكر بن عبد الله بن محمد بن أحمد	処理済みなので作業不要。ブロック先頭の項だけ作業すればよい。
AIND-D07211	ELLIPSIS	原文の欠落（lacuna）	○	...	معطي ، أمه قدم الخير الزنجية فتاة أبيه . ولد ... القرآن والمجمع أوجله واشتغل قليلا عند العلا	欠落部は情報なしとして扱い、該当要素を立てずに作業する。
AIND-D07232	DOLLAR3_STUB	処理済みの転送見出し（$$$）が同じブロックに同居	◎	###$125397122332$# $$$	ه ابن أبي بكر محمد بدون ابن بينهما وسيأتي . ###$125397122332$# $$$ محمد بن أبي بكر بن محمد بن أحمد بن مجاهد بن	処理済みなので作業不要。ブロック先頭の項だけ作業すればよい。
AIND-D07233	IDEOSPACE	全角スペース（変換ノイズ）	◎	　	محمد بن أبي بكر بن محمد بن إسماعيل القلقشندي القدسي . في أبي الحرم من ال	半角スペースとして扱う。
AIND-D07238	PLUSMIN	語末に付く注記マーカー（語を分断しない）	◎	±±±	واقتناء الكتب النفيسة والتبسط في أنواع المآكل±±± ونحوها والقيام بما يصلح معيشته من مزدرع الغل	無視してよい。記号を取り除いた語がそのまま正しい読み。
AIND-D07248	IDEOSPACE	全角スペース（変換ノイズ）	◎	　	بن الشرف بن الشمس أبي عبد الله بن العلاء أبي الحسن بن الإمام القدوة الشمس أبي عبد الله الج	半角スペースとして扱う。
AIND-D07256	PLUSMIN	語末に付く注記マーカー（語を分断しない）	◎	±±±	عد الشيخ حبيب ورام ناصر الدين بن كزلبغا التقي±±± عليه فيه كونه من تلامذته فما بلغ وتصدى للإقر	無視してよい。記号を取り除いた語がそのまま正しい読み。
AIND-D07256	DOLLAR3_STUB	処理済みの転送見出し（$$$）が同じブロックに同居	◎	###$756115586383$# $$$	شر صفر سنة سبع وثلاثين رحمه الله وإيانا . ) ###$756115586383$# $$$ محمد بن أبي بكر بن محمد بن محمد بن أبي الخير	処理済みなので作業不要。ブロック先頭の項だけ作業すればよい。
AIND-D07276	DOLLAR3_STUB	処理済みの転送見出し（$$$）が同じブロックに同居	◎	###$682392305009$# $$$	ثمانين ، وقد مضى فيمن جده محمد بن أبي بكر . ###$682392305009$# $$$ محمد بن أبي بكر الجبرتي المدني الحنفي .	処理済みなので作業不要。ブロック先頭の項だけ作業すればよい。
AIND-D07294	DOLLAR3_STUB	処理済みの転送見出し（$$$）が同じブロックに同居	◎	###$982977101217$# $$$	بيتوتة وعسى أن يكون أناب سامحه الله وإيانا . ###$982977101217$# $$$ محمد بن تقي الكازروني . في محمد بن محمد بن ع	処理済みなので作業不要。ブロック先頭の項だけ作業すればよい。
AIND-D07302	ELLIPSIS	原文の欠落（lacuna）	○	...	ي سنة تسع وخمسين . مات وأنا غائب بمكة في سنة ... وثمانين وكان قبيح السيرة مقداما جريئا .	欠落部は情報なしとして扱い、該当要素を立てずに作業する。
AIND-D07314	PLUSMIN	語末に付く注記マーカー（語を分断しない）	◎	±±±	على بابه بالنوبة ودرس بأماكن واستدعى به السل±±± هو بحلب من دمشق ليرسله الى ابن قرمان فاستعفى	無視してよい。記号を取り除いた語がそのまま正しい読み。
AIND-D07314	DOLLAR3_STUB	処理済みの転送見出し（$$$）が同じブロックに同居	◎	###$976719199658$# $$$	زي بيوم الأحد ثامن عشرى شعبان فالله أعلم . ###$976719199658$# $$$ محمد بن جلال المدني . هو ابن أحمد بن طاهر .	処理済みなので作業不要。ブロック先頭の項だけ作業すればよい。
AIND-D07315	DOLLAR3_STUB	処理済みの転送見出し（$$$）が同じブロックに同居	◎	###$509159161259$# $$$	ة سنة اثنتين وسبعين وهو في عنفوان الشبيبة . ###$509159161259$# $$$ محمد بن جماعة . هو ابن أبي بكر بن عبد العزيز	処理済みなので作業不要。ブロック先頭の項だけ作業すればよい。
AIND-D07319	STAR_ORPHAN	対になっていない孤立した★（変換ノイズ）	◎	★	سنة تسع وسبعين بعد أن وقف ما يملكه ?insert ★هنا في آخر جزء من الأصل: آخر المجلد الثالث من	無視してよい。
AIND-D07319	STAR_ORPHAN	対になっていない孤立した★（変換ノイズ）	◎	★	على سيدنا محمد وسلم تسليما كثيرا آمين آمين . ★ من عقار على الخانقاه رحمه الله .	無視してよい。
AIND-D07319	ELLIPSIS	原文の欠落（lacuna）	○	...	ية ، وكذا حضر دروس شيخنا وغيره بقبتها واستقر ... في أيامه بها ، وكان خيرا كثير التلاوة منجمعا	欠落部は情報なしとして扱い、該当要素を立てずに作業する。
AIND-D07319	ELLIPSIS	原文の欠落（lacuna）	○	...	أمتعنا اللّٰه بحياته وأفاض علينا من بركاته. ... ثامن عشري شهر رمضان المعظم قدره من سنة ثمان	欠落部は情報なしとして扱い、該当要素を立てずに作業する。
AIND-D07326	DOLLAR3_STUB	処理済みの転送見出し（$$$）が同じブロックに同居	◎	###$274647236011$# $$$	وكان يسأله الدعاء. مات سنة اثنتين وأربعين . ###$274647236011$# $$$ محمد بن حسان . في ابن محمد بن علي بن محمد بن	処理済みなので作業不要。ブロック先頭の項だけ作業すればよい。
AIND-D07351	DOLLAR3_STUB	処理済みの転送見出し（$$$）が同じブロックに同居	◎	###$153247301035$# $$$	ي رجب سنة إحدى وسبعين رحمه الله وعفا عنه . ###$153247301035$# $$$ محمد بن حسن بن عبد الله أبو الفتح بن البدر ا	処理済みなので作業不要。ブロック先頭の項だけ作業すればよい。
AIND-D07357	DOLLAR3_STUB	処理済みの転送見出し（$$$）が同じブロックに同居	◎	###$868380327339$# $$$	وانتقلت وظيفة التوقيت والتدريس بعده لولده . ###$868380327339$# $$$ محمد بن حسن بن علي بن سليمان ويدعى زهيرا . م	処理済みなので作業不要。ブロック先頭の項だけ作業すればよい。
AIND-D07359	ELLIPSIS	原文の欠落（lacuna）	○	...	قرقماس الشعباني . ولد في سنة ست وعشرين ونشأ ... وكتب عند بعض المباشرين وسمع على بعض السيرة ف	欠落部は情報なしとして扱い、該当要素を立てずに作業する。
AIND-D07364	PLUSMIN	語末に付く注記マーカー（語を分断しない）	◎	±±±	إنه غير مجزئ هنا قال ولم قال لأن شرطه أن يذيح±±± في أرض الحرم وعرفات ليست من الحرم فقال كالمن	無視してよい。記号を取り除いた語がそのまま正しい読み。
AIND-D07364	PLUSMIN	語末に付く注記マーカー（語を分断しない）	◎	±±±	فيه مشكور %~% %~% قد أثرت في أفعال الكرام ولل±±± %~% مجاورات كما قد قيل تأثير %~% ودخل دمياط	無視してよい。記号を取り除いた語がそのまま正しい読み。
AIND-D07364	PLUSMIN	語末に付く注記マーカー（語を分断しない）	◎	±±±	لكون المصنف أورد له فيه مقطوعا ، وعقود اللآلا±±± في الموشحات والأزجال والأصول الجامعة لحكم حر	無視してよい。記号を取り除いた語がそのまま正しい読み。
AIND-D07365	PLUSMIN	語末に付く注記マーカー（語を分断しない）	◎	±±±	وعشرين وتقدم للصلاة عليه الزين عمر بن المبان±±± المقري إمام جامع التوبة بدمشق ودفن عند قبر ا	無視してよい。記号を取り除いた語がそのまま正しい読み。
AIND-D07370	DOLLAR3_STUB	処理済みの転送見出し（$$$）が同じブロックに同居	◎	###$344687918515$# $$$	لأربعين النووية وأكمل سماعها وسمع غير ذلك . ###$344687918515$# $$$ محمد بن أبي الخير بن أحمد بن علي . يأتي في ا	処理済みなので作業不要。ブロック先頭の項だけ作業すればよい。
AIND-D07379	PLUSMIN	語末に付く注記マーカー（語を分断しない）	◎	±±±	. ولد سنة خمس وستين وثمانمائة تقريبا بخراسان±±± ونشأ بها وقرأ جل القرآن ثم تحول بعد موت أبوي	無視してよい。記号を取り除いた語がそのまま正しい読み。
AIND-D07379	ELLIPSIS	原文の欠落（lacuna）	○	...	رجاني ثم على السيد عبد الله الأيجي والمحب بن ... ولازم كلا من السيد المشار إليه والشهاب الخول	欠落部は情報なしとして扱い、該当要素を立てずに作業する。
AIND-D07379	ELLIPSIS	原文の欠落（lacuna）	○	...	أبي السعود في الفقه وكذا لازمني في سنة سبع و... وغيرها وقرأ على النور السافر للعيدروس، واشتغ	欠落部は情報なしとして扱い、該当要素を立てずに作業する。
AIND-D07379	ELLIPSIS	原文の欠落（lacuna）	○	...	ورزق أولادا وهو إنسان خير ساكن فهم يستحضر في ... ويذاكر فيه .	欠落部は情報なしとして扱い、該当要素を立てずに作業する。
AIND-D07382	DOLLAR3_STUB	処理済みの転送見出し（$$$）が同じブロックに同居	◎	###$518789283251$# $$$	اثين ، وكان مليح الشكل رأسا في رمي النشاب . ###$518789283251$# $$$ محمد بك بن دلغادر . هو ابن خليل بن قراجا . م	処理済みなので作業不要。ブロック先頭の項だけ作業すればよい。
AIND-D07403	PLUSMIN	語末に付く注記マーカー（語を分断しない）	◎	±±±	مؤمنين ، ذكر ذلك النووي في الأصول والضوا بطفأ±±± حضر التفاسير فوجد الحق معه فأكرمه وعظمه والب	無視してよい。記号を取り除いた語がそのまま正しい読み。
AIND-D07404	STAR_ORPHAN	対になっていない孤立した★（変換ノイズ）	◎	★	610 محمد★ بن أبي الزين أبو الطيب القيرواني المغربي الم	無視してよい。
AIND-D07404	DOLLAR3_STUB	処理済みの転送見出し（$$$）が同じブロックに同居	◎	###$168032222645$# $$$	رج ظاهر القاهرة . وتبعه المقريزي في عقوده . ###$168032222645$# $$$ محمد بن السابق . هو خليل بن محمد بن محمد بن	処理済みなので作業不要。ブロック先頭の項だけ作業すればよい。
AIND-D07410	STAR_QUERY	校訂者が読みに疑義を付した語	○	★وتآليف ?★	كان خيرا دأبه المشي بين الناس بالإصلاح بينهم ★وتآليف ?★ قلوبهم وبيده نظر البيمارستان بمكة فكان يخدم	疑義語は #NEEDID のまま残し、他の部分は通常どおり作業する。
AIND-D07415	DOLLAR3_STUB	処理済みの転送見出し（$$$）が同じブロックに同居	◎	###$102890487222$# $$$	أشياء . ومات بها في المحرم سنة ست وتسعين . ###$102890487222$# $$$ محمد بن سعد بن محمد بن عبد الله بن سعد . يأت	処理済みなので作業不要。ブロック先頭の項だけ作業すればよい。
AIND-D07420	DOLLAR3_STUB	処理済みの転送見出し（$$$）が同じブロックに同居	◎	###$856854379965$# $$$	مقتولا بالينبوع في رمضان سنة ثمان وأربعين . ###$856854379965$# $$$ محمد بن سعد الدين جمال الدين ملك المسلمين من	処理済みなので作業不要。ブロック先頭の項だけ作業すればよい。
AIND-D07429	STAR_HEADWORD	未採番見出しの境界（1ブロックに複数見出しが同居）	△	★محمد★	ووصفه ابن عزم بشيخنا وفي موضع بفقيهنا . 632★محمد★ بن سعيد بن محمد بن عبد الوهاب بن علي بن يوسف	作業しない。ブロック内の2件目以降は別項として採番が必要。
AIND-D07429	ELLIPSIS	原文の欠落（lacuna）	○	...	علي قاضيها الماضيين وهو بكنيته أشهر . ولد في ... بالمدينة ونشأ فحفظ القرآن والشاطبية والقدوري	欠落部は情報なしとして扱い、該当要素を立てずに作業する。
AIND-D07429	DOLLAR3_STUB	処理済みの転送見出し（$$$）が同じブロックに同居	◎	###$671201902013$# $$$	عن أبيه ثم عن أخيه وكذا عن شاهين الجمالي . ###$671201902013$# $$$ محمد بن سعيد بن مسعود بن محمد يأتي في ابن مح	処理済みなので作業不要。ブロック先頭の項だけ作業すればよい。
AIND-D07460	DOLLAR3_STUB	処理済みの転送見出し（$$$）が同じブロックに同居	◎	###$735785795008$# $$$	الستين وليس في لحيته شعرة بيضاء رحمه الله . ###$735785795008$# $$$ محمد بن سند . يأتي في ابن علي .	処理済みなので作業不要。ブロック先頭の項だけ作業すればよい。
AIND-D07480	STAR_ORPHAN	対になっていない孤立した★（変換ノイズ）	◎	★	محمد★ بن شعيرات . في ابن حسين بن محمد .	無視してよい。
AIND-D07481	DOLLAR3_STUB	処理済みの転送見出し（$$$）が同じブロックに同居	◎	###$896717045181$# $$$	يرا . مات في جمادى الأولى سنة سبع وثلاثين . ###$896717045181$# $$$ محمد بن شفيع . في محمد بن محمد بن محمد بن أح	処理済みなので作業不要。ブロック先頭の項だけ作業すればよい。
AIND-D07484	DOLLAR3_STUB	処理済みの転送見出し（$$$）が同じブロックに同居	◎	###$739946544578$# $$$	ن بيتهم من جملة بيوتها المعدودة رحمه الله . ###$739946544578$# $$$ محمد بن صلح بن عمر بن رسلان البهاء أبو البقا	処理済みなので作業不要。ブロック先頭の項だけ作業すればよい。
AIND-D07497	STAR_ORPHAN	対になっていない孤立した★（変換ノイズ）	◎	★	696 محمد★ بن صديق بن قديح المصري نزيل جدة ومكة . ممن س	無視してよい。
AIND-D07510	DOLLAR3_STUB	処理済みの転送見出し（$$$）が同じブロックに同居	◎	###$548262657484$# $$$	لغمري المقدسي المادح الحائك . ممن سمع مني . ###$548262657484$# $$$ محمد بن عامر . في محمد بن محمد بن عامر .	処理済みなので作業不要。ブロック先頭の項だけ作業すればよい。
AIND-D07521	DOLLAR3_STUB	処理済みの転送見出し（$$$）が同じブロックに同居	◎	###$408386813423$# $$$	يح مسلم وغيره كل ذلك بمكة سنة أربع وتسعين . ###$408386813423$# $$$ محمد بن عبد الحق بن إبراهيم الشمس الطبيب . ف	処理済みなので作業不要。ブロック先頭の項だけ作業すればよい。
AIND-D07526	DOLLAR3_STUB	処理済みの転送見出し（$$$）が同じブロックに同居	◎	###$527278554614$# $$$	ضوان فيمن يؤخذ عنه وكأنه مات قبل الأربعين . ###$527278554614$# $$$ محمد بن عبد الخالق الشمس المناوي بدنة . يأتي	処理済みなので作業不要。ブロック先頭の項だけ作業すればよい。
AIND-D07538	DOLLAR3_STUB	処理済みの転送見出し（$$$）が同じブロックに同居	◎	###$703426739725$# $$$	ي القعدة سنة إحدى وتسعين وأظنه جاز الستين . ###$703426739725$# $$$ محمد بن عبد الرحمن بن أحمد بن محمد بن محمد ب	処理済みなので作業不要。ブロック先頭の項だけ作業すればよい。
AIND-D07569	PLUSMIN	語末に付く注記マーカー（語を分断しない）	◎	±±±	مه ولذا ربما أنكر عليه ارتكابه وتفقره وتطلابه±±± لأن من جهل شيئا عاداه ومن باعده أمر أنكره وج	無視してよい。記号を取り除いた語がそのまま正しい読み。
AIND-D07598	IDEOSPACE	全角スペース（変換ノイズ）	◎	　	21 محمد بن عبد الرحمن بن محمد بن علي بن عبد الواحد بن يوسف بن إبراهيم	半角スペースとして扱う。
AIND-D07663	DOLLAR3_STUB	処理済みの転送見出し（$$$）が同じブロックに同居	◎	###$797194600094$# $$$	بن عبد السلام الشمس السعودي . ممن سمع مني . ###$797194600094$# $$$ محمد بن عبد السلام المنوفي . كذا في معجم الن	処理済みなので作業不要。ブロック先頭の項だけ作業すればよい。
AIND-D07687	DOLLAR3_STUB	処理済みの転送見出し（$$$）が同じブロックに同居	◎	###$983769824929$# $$$	نة سبع وثمانين وقد زاحم السبعين رحمه الله . ###$983769824929$# $$$ محمد بن عبد العزيز . أظنه محمد بن محمد بن أح	処理済みなので作業不要。ブロック先頭の項だけ作業すればよい。
AIND-D07690	PLUSMIN	語末に付く注記マーカー（語を分断しない）	◎	±±±	ومعظم الرسالة وعلى الزين السنتاوي غالب الفوى±±± وعلى التقي الحصني تصريف العزي ، وصاهر الشرف	無視してよい。記号を取り除いた語がそのまま正しい読み。
AIND-D07738	ELLIPSIS	原文の欠落（lacuna）	○	...	مي اليبناوي المكي . ولد في ذي الحجة سنة إحدى ... ومات في ذي الحجة سنة بضع وثلاثين بمكة رحمه	欠落部は情報なしとして扱い、該当要素を立てずに作業する。
AIND-D07738	DOLLAR3_STUB	処理済みの転送見出し（$$$）が同じブロックに同居	◎	###$355395976887$# $$$	بضع وثلاثين بمكة رحمه الله أرخه ابن فهد . ###$355395976887$# $$$ محمد بن عبد اللطيف الكمال أبو البركات الششين	処理済みなので作業不要。ブロック先頭の項だけ作業すればよい。
AIND-D07764	PLUSMIN	語末に付く注記マーカー（語を分断しない）	◎	±±±	ه وتصرفه ، وكذا كانت له كائنة قبيحة بسبب وسمع±±± يده على تركة علي القليوبي بالوصاية وزعم بعد	無視してよい。記号を取り除いた語がそのまま正しい読み。
AIND-D07783	ELLIPSIS	原文の欠落（lacuna）	○	...	محمد بن عبد الله بن طيمان ... سنة خمس عشرة وأظنه .	欠落部は情報なしとして扱い、該当要素を立てずに作業する。
AIND-D07788	ELLIPSIS	原文の欠落（lacuna）	○	...	سنة خمس عشر وذكره التقي بن فهد وغيره . مات ...	欠落部は情報なしとして扱い、該当要素を立てずに作業する。
AIND-D07790	DOLLAR3_STUB	処理済みの転送見出し（$$$）が同じブロックに同居	◎	###$341336669894$# $$$	لاءته وكثرة ما في حوزته على ما قيل ثم ظهر . ###$341336669894$# $$$ محمد بن عبد الله بن عبد القادر السكاكيني . ف	処理済みなので作業不要。ブロック先頭の項だけ作業すればよい。
AIND-D07793	ELLIPSIS	原文の欠落（lacuna）	○	...	م مكة في أوائل سنة سبع وتسعين بحرا فجاور حتى ... وأقرأ ابن محتسبها قليلا ثم انفصل عنه وتردد إ	欠落部は情報なしとして扱い、該当要素を立てずに作業する。
AIND-D07793	DOLLAR3_STUB	処理済みの転送見出し（$$$）が同じブロックに同居	◎	###$305341152970$# $$$	ابن الشيخ يوسف الصفي وكان يصحبه وسافر جدة . ###$305341152970$# $$$ محمد بن عبد الله بن عبد المنعم الجرواني . في	処理済みなので作業不要。ブロック先頭の項だけ作業すればよい。
AIND-D07796	DOLLAR3_STUB	処理済みの転送見出し（$$$）が同じブロックに同居	◎	###$393438314188$# $$$	ه بعد موته في حالة حسنة رحمه الله وإيانا . ###$393438314188$# $$$ محمد بن عبد الله بن علي البعلي بن المغربي .	処理済みなので作業不要。ブロック先頭の項だけ作業すればよい。
AIND-D07799	PLUSMIN	語末に付く注記マーカー（語を分断しない）	◎	±±±	مفاوتا %~% %~% على النصف ثم الضرب للبعض بهيع±±± %~% ونفذ ببعض ونصف فاعلمن متثبتا %~% كذا ور	無視してよい。記号を取り除いた語がそのまま正しい読み。
AIND-D07836	DOLLAR3_STUB	処理済みの転送見出し（$$$）が同じブロックに同居	◎	###$172838895319$# $$$	عين فسمع مني بحرمها المسلسل وهو من الخيار . ###$172838895319$# $$$ محمد بن عبد الله بن محمد بن يحيى بن يحيى بن	処理済みなので作業不要。ブロック先頭の項だけ作業すればよい。
AIND-D07858	DOLLAR3_STUB	処理済みの転送見出し（$$$）が同じブロックに同居	◎	###$712004091610$# $$$	ا كوالده وإخوته وأحد الشهود بها ممن يدارى . ###$712004091610$# $$$ محمد بن عبد الله الجمال الكازروني . كذا وقع	処理済みなので作業不要。ブロック先頭の項だけ作業すればよい。
AIND-D07870	DOLLAR3_STUB	処理済みの転送見出し（$$$）が同じブロックに同居	◎	###$877314195174$# $$$	للبس شظفة الشرف ، لتوقفه في ذلك رحمه الله . ###$877314195174$# $$$ محمد بن عبد الله أبو الفيض الحلبي . صوابه مح	処理済みなので作業不要。ブロック先頭の項だけ作業すればよい。
AIND-D07870	DOLLAR3_STUB	処理済みの転送見出し（$$$）が同じブロックに同居	◎	###$765754097383$# $$$	يض الحلبي . صوابه محمد بن علي بن عبد الله . ###$765754097383$# $$$ محمد بن عبد الله البخاري ثم الخوارزمي ويعرف	処理済みなので作業不要。ブロック先頭の項だけ作業すればよい。
AIND-D07891	DOLLAR3_STUB	処理済みの転送見出し（$$$）が同じブロックに同居	◎	###$442843021033$# $$$	يني فحدثته بالمسلسل في أواخر ذي الحجة سنة . ###$442843021033$# $$$ محمد بن عبد المحسن بن عبد اللطيف . يأتي في م	処理済みなので作業不要。ブロック先頭の項だけ作業すればよい。
AIND-D07893	DOLLAR3_STUB	処理済みの転送見出し（$$$）が同じブロックに同居	◎	###$564167458534$# $$$	سقط فظنوا موته فسلم وذلك في المحرم سنة ست . ###$564167458534$# $$$ محمد بن عبد الملك بن عبد اللطيف بن الجيعان .	処理済みなので作業不要。ブロック先頭の項だけ作業すればよい。
AIND-D07903	DOLLAR3_STUB	処理済みの転送見出し（$$$）が同じブロックに同居	◎	###$816077356784$# $$$	نها ، وشرح الهداية والبديع وغير ذلك انتهى . ###$816077356784$# $$$ محمد بن عبد الواحد بن عبد الله بن محمد المنا	処理済みなので作業不要。ブロック先頭の項だけ作業すればよい。
AIND-D07908	DOLLAR3_STUB	処理済みの転送見出し（$$$）が同じブロックに同居	◎	###$545964179188$# $$$	اته بها في سنة ثلاث وسبعين وقد جاز الستين . ###$545964179188$# $$$ محمد بن عبد الوهاب بن خليل بن غازي المقدسي أ	処理済みなので作業不要。ブロック先頭の項だけ作業すればよい。
AIND-D07961	DOLLAR3_STUB	処理済みの転送見出し（$$$）が同じブロックに同居	◎	###$814403829497$# $$$	ي يوم السبت ثالث المحرم سنة اثنتين وتسعين . ###$814403829497$# $$$ محمد بن عثمان الشافعي . هو ابن عثمان بن محمد	処理済みなので作業不要。ブロック先頭の項だけ作業すればよい。
AIND-D08024	DOLLAR3_STUB	処理済みの転送見出し（$$$）が同じブロックに同居	◎	###$428745965326$# $$$	ي محمد بن محمد بن عبد الله البرديني فيحرر . ###$428745965326$# $$$ محمد بن علي بن أحمد الزراتيتي . في ابن علي ب	処理済みなので作業不要。ブロック先頭の項だけ作業すればよい。
AIND-D08043	STAR_HEADWORD	未採番見出しの境界（1ブロックに複数見出しが同居）	△	★اشتص★	بن النقيب . ولد سنة ثمان وثمانمائة تقريبا ، و★اشتص★ وحصل ومن شيوخه القاياتي بل أخذ بمكة في القرا	作業しない。ブロック内の2件目以降は別項として採番が必要。
AIND-D08053	DOLLAR3_STUB	処理済みの転送見出し（$$$）が同じブロックに同居	◎	###$183794417431$# $$$	ك كرامة والله أعلم ولما حج هذا رجع لبلاده . ###$183794417431$# $$$ محمد بن علي بن أبي بكر الشيبي . في ابن علي ب	処理済みなので作業不要。ブロック先頭の項だけ作業すればよい。
AIND-D08054	PLUSMIN	語末に付く注記マーカー（語を分断しない）	◎	±±±	جار الله بن زائد السنبسي المكي ويعرف بالاشتر±±± مات بمكة في شعبان سنة ثلاث وثمانين . أرخه اب	無視してよい。記号を取り除いた語がそのまま正しい読み。
AIND-D08115	DOLLAR3_STUB	処理済みの転送見出し（$$$）が同じブロックに同居	◎	###$668890840863$# $$$	وسمع مني وعلى غير ذلك والثناء عليه مستفيض . ###$668890840863$# $$$ محمد بن علي بن عبد الكريم الفوى . في ابن علي	処理済みなので作業不要。ブロック先頭の項だけ作業すればよい。
AIND-D08116	PLUSMIN	語末に付く注記マーカー（語を分断しない）	◎	±±±	لي بن أحمد بن فرج الطبري ثم مات تلقاها عنه ال±±±	無視してよい。記号を取り除いた語がそのまま正しい読み。
AIND-D08137	PLUSMIN	語末に付く注記マーカー（語を分断しない）	◎	±±±	أنني أخرتها حتى أديتها في العام الآتي وتبررت±±± له بذلك وقد أودعتها مع أبيات امتدحني بها في	無視してよい。記号を取り除いた語がそのまま正しい読み。
AIND-D08171	DOLLAR3_STUB	処理済みの転送見出し（$$$）が同じブロックに同居	◎	###$503257775918$# $$$	ه الأكابر ونعم الرجل كان رحمه الله وإيانا . ###$503257775918$# $$$ محمد بن علي بن محمد بن الركن محمد البدر والش	処理済みなので作業不要。ブロック先頭の項だけ作業すればよい。
AIND-D08210	DOLLAR3_STUB	処理済みの転送見出し（$$$）が同じブロックに同居	◎	###$816366763841$# $$$	وتكسب في الوراقين . ومات قريب السبعين ظنا . ###$816366763841$# $$$ محمد بن علي بن موسى الشمس الدمشقي الشافعي وي	処理済みなので作業不要。ブロック先頭の項だけ作業すればよい。
AIND-D08245	DOLLAR3_STUB	処理済みの転送見出し（$$$）が同じブロックに同居	◎	###$913502650216$# $$$	المكي . فيمن جده محمد بن عثمان بن إسمعيل . ###$913502650216$# $$$ محمد بن علي الشمس الطيبي ثم القاهري الشافعي	処理済みなので作業不要。ブロック先頭の項だけ作業すればよい。
AIND-D08258	DOLLAR3_STUB	処理済みの転送見出し（$$$）が同じブロックに同居	◎	###$662049931122$# $$$	ذكره المقريزي في عقوده عن الشهاب الكوراني . ###$662049931122$# $$$ محمد بن علي بن الركن المعري . هو ابن أحمد بن	処理済みなので作業不要。ブロック先頭の項だけ作業すればよい。
AIND-D08275	DOLLAR3_STUB	処理済みの転送見出し（$$$）が同じブロックに同居	◎	###$100487151475$# $$$	محمد بن علي المزرق ، فيمن جده موسى . ###$100487151475$# $$$ محمد بن علي المصري نزيل مكة ، هو الفراش الكت	処理済みなので作業不要。ブロック先頭の項だけ作業すればよい。
AIND-D08275	DOLLAR3_STUB	処理済みの転送見出し（$$$）が同じブロックに同居	◎	###$467098681202$# $$$	هو الفراش الكتبي قريبا وإن جده عبد الكريم . ###$467098681202$# $$$ محمد بن العماد . هو محمد بن عبد الرحمن بن خض	処理済みなので作業不要。ブロック先頭の項だけ作業すればよい。
AIND-D08343	ELLIPSIS	原文の欠落（lacuna）	○	...	محمد بن عمر بن علي الحزيزي اليماني ...	欠落部は情報なしとして扱い、該当要素を立てずに作業する。
AIND-D08373	PLUSMIN	語末に付く注記マーカー（語を分断しない）	◎	±±±	زكريا وغيرهم كالتقي بن قاضي عجلون وكذا لازمني±±± . وهو جيد الفهم خير ساكن قانع زائد الفاقة	無視してよい。記号を取り除いた語がそのまま正しい読み。
AIND-D08386	DOLLAR3_STUB	処理済みの転送見出し（$$$）が同じブロックに同居	◎	###$721189617570$# $$$	التفهني مع تعصب أكثر الجند والمباشرين معه . ###$721189617570$# $$$ محمد بن عمر الشمس الغزي قاضيها الحنفي . في ا	処理済みなので作業不要。ブロック先頭の項だけ作業すればよい。
AIND-D08408	DOLLAR3_STUB	処理済みの転送見出し（$$$）が同じブロックに同居	◎	###$621516177324$# $$$	دفن بتربتهم المعروفة عند أسلافه رحمه الله . ###$621516177324$# $$$ محمد بن عيسى بن علي بن عيسى أبو الفضل الأقفه	処理済みなので作業不要。ブロック先頭の項だけ作業すればよい。
AIND-D08419	ELLIPSIS	原文の欠落（lacuna）	○	...	محمد بن عيسى الحلبي ...	欠落部は情報なしとして扱い、該当要素を立てずに作業する。
AIND-D08420	DOLLAR3_STUB	処理済みの転送見出し（$$$）が同じブロックに同居	◎	###$430314635196$# $$$	آخرة سنة سبع عشرة . قلت وما علمت ضبط أبيه . ###$430314635196$# $$$ محمد بن غزي أبو بكر .	処理済みなので作業不要。ブロック先頭の項だけ作業すればよい。
AIND-D08424	DOLLAR3_STUB	処理済みの転送見出し（$$$）が同じブロックに同居	◎	###$664025448381$# $$$	تقريرا حسنا وخالفه الشرف إسمعيل بن المقري . ###$664025448381$# $$$ محمد بن أبي فارس . في ابن عبد العزيز بن أحمد	処理済みなので作業不要。ブロック先頭の項だけ作業すればよい。
AIND-D08428	DOLLAR3_STUB	処理済みの転送見出し（$$$）が同じブロックに同居	◎	###$448014598078$# $$$	لفتح الكتبي . في ابن محمد بن عيسى بن أحمد . ###$448014598078$# $$$ محمد بن الفخر المصري . مضى في ابن عثمان بن	処理済みなので作業不要。ブロック先頭の項だけ作業すればよい。
AIND-D08439	DOLLAR3_STUB	処理済みの転送見出し（$$$）が同じブロックに同居	◎	###$168149663683$# $$$	نة رحمه الله . ذكره شيخنا في إنبائه وغيره . ###$168149663683$# $$$ محمد بن فهيد . مضى في ابن أحمد بن محمد المغي	処理済みなので作業不要。ブロック先頭の項だけ作業すればよい。
AIND-D08472	DOLLAR3_STUB	処理済みの転送見出し（$$$）が同じブロックに同居	◎	###$308700790732$# $$$	يرته وأنه تباين مع ناصر الدين مع تقاربهما . ###$308700790732$# $$$ محمد بن أبي القسم بن عبد الرحمن بن عبد الله	処理済みなので作業不要。ブロック先頭の項だけ作業すればよい。
AIND-D08494	DOLLAR3_STUB	処理済みの転送見出し（$$$）が同じブロックに同居	◎	###$138755981277$# $$$	الكماخي . مضى فيمن اسم أبيه عمر بن محمود . ###$138755981277$# $$$ محمد بن قلبة الشمس الشامي . في ابن محمد بن م	処理済みなので作業不要。ブロック先頭の項だけ作業すればよい。
AIND-D08496	DOLLAR3_STUB	処理済みの転送見出し（$$$）が同じブロックに同居	◎	###$318402215900$# $$$	ن قمر . هو ابن علي بن جعفر بن مختار . مضى . ###$318402215900$# $$$ محمد بن قندو ملك بنجالة . رأيت من كتبه هنا .	処理済みなので作業不要。ブロック先頭の項だけ作業すればよい。
AIND-D08507	ELLIPSIS	原文の欠落（lacuna）	○	...	محمد بن مبارك بن عثمان الحلبي الحنفي ...	欠落部は情報なしとして扱い、該当要素を立てずに作業する。
AIND-D08564	DOLLAR3_STUB	処理済みの転送見出し（$$$）が同じブロックに同居	◎	###$913511039008$# $$$	أبي في سنة إحدى عشرة . ومات في التي بعدها . ###$913511039008$# $$$ محمد بن محمد بن أحمد بن عبد الله بن أحمد الز	処理済みなので作業不要。ブロック先頭の項だけ作業すればよい。
AIND-D08570	STAR_HEADWORD	未採番見出しの境界（1ブロックに複数見出しが同居）	△	★محمد بن علي★	30 ★محمد بن علي★ [ُorder false_from here to no. 66] بن محمد	作業しない。ブロック内の2件目以降は別項として採番が必要。
AIND-D08578	STAR_HEADWORD	未採番見出しの境界（1ブロックに複数見出しが同居）	△	★بن★	38 محمد ★بن★ بن علي محمد بن أبي بكر بن إسماعيل بن علي بن	作業しない。ブロック内の2件目以降は別項として採番が必要。
AIND-D08600	PLUSMIN	語末に付く注記マーカー（語を分断しない）	◎	±±±	عبد الله محمد بن أبي الطاهر بن محمد بن بكروف±±± الفهروي وعنه أخذ في مبادئ العربية والفقه وال	無視してよい。記号を取り除いた語がそのまま正しい読み。
AIND-D08611	PLUSMIN	語末に付く注記マーカー（語を分断しない）	◎	±±±	ن فرعون وعمر بن علي البقاعي الصحيح أنا الحجار±±± （الحجاز؟） زادت جدته ووزيرة±±± وكذا سمع من أب	無視してよい。記号を取り除いた語がそのまま正しい読み。
AIND-D08611	PLUSMIN	語末に付く注記マーカー（語を分断しない）	◎	±±±	صحيح أنا الحجار±±± （الحجاز؟） زادت جدته ووزيرة±±± وكذا سمع من أبي عبد الله بن مرزوق والبدر بن	無視してよい。記号を取り除いた語がそのまま正しい読み。
AIND-D08611	FULLWIDTH_PAREN	全角括弧（変換ノイズ）	◎	（	عون وعمر بن علي البقاعي الصحيح أنا الحجار±±± （الحجاز؟） زادت جدته ووزيرة±±± وكذا سمع من أبي	半角括弧として扱う。
AIND-D08611	FULLWIDTH_PAREN	全角括弧（変換ノイズ）	◎	）	بن علي البقاعي الصحيح أنا الحجار±±± （الحجاز؟） زادت جدته ووزيرة±±± وكذا سمع من أبي عبد الله	半角括弧として扱う。
AIND-D08627	DOLLAR3_STUB	処理済みの転送見出し（$$$）が同じブロックに同居	◎	###$323569598647$# $$$	عشر شعبان سنة أربع وسبعين . أرخه ابن فهد . ###$323569598647$# $$$ محمد بن محمد بن أحمد بن أبي الفضل . اثنان ال	処理済みなので作業不要。ブロック先頭の項だけ作業すればよい。
AIND-D08634	PLUSMIN	語末に付く注記マーカー（語を分断しない）	◎	±±±	لشيبي والولي العراقي والمقريزي وطائفة ، وأجاز±±± （أجازت؟） له عائشة ابنة ابن عبد الهادي وعبد ا	無視してよい。記号を取り除いた語がそのまま正しい読み。
AIND-D08634	FULLWIDTH_PAREN	全角括弧（変換ノイズ）	◎	（	ي والولي العراقي والمقريزي وطائفة ، وأجاز±±± （أجازت؟） له عائشة ابنة ابن عبد الهادي وعبد الق	半角括弧として扱う。
AIND-D08634	FULLWIDTH_PAREN	全角括弧（変換ノイズ）	◎	）	ي العراقي والمقريزي وطائفة ، وأجاز±±± （أجازت؟） له عائشة ابنة ابن عبد الهادي وعبد القادر الا	半角括弧として扱う。
AIND-D08636	PLUSMIN	語末に付く注記マーカー（語を分断しない）	◎	±±±	حب المطري والشهاب الحريري وغيرهما ولازم بلدية±±± أبا القسم النويري المالكي في أصول الفقه والن	無視してよい。記号を取り除いた語がそのまま正しい読み。
AIND-D08658	ELLIPSIS	原文の欠落（lacuna）	○	...	خي والمحب الصامت وأبو الهول الجزري وخلق وكان ... مات ببلد كلبرجا من الهند بعد الثلاثين بيسير	欠落部は情報なしとして扱い、該当要素を立てずに作業する。
AIND-D08658	DOLLAR3_STUB	処理済みの転送見出し（$$$）が同じブロックに同居	◎	###$495565422836$# $$$	ن الهند بعد الثلاثين بيسير . ذكره ابن فهد . ###$495565422836$# $$$ محمد بن محمد بن أحمد بن محمد بن محمد بن عثما	処理済みなので作業不要。ブロック先頭の項だけ作業すればよい。
AIND-D08663	DOLLAR3_STUB	処理済みの転送見出し（$$$）が同じブロックに同居	◎	###$650679173387$# $$$	منها وقصدني غير مرة . مات سنة بضع وتسعين . ###$650679173387$# $$$ محمد بن محمد بن أحمد بن محمد المحب الطوخي .	処理済みなので作業不要。ブロック先頭の項だけ作業すればよい。
AIND-D08680	PLUSMIN	語末に付く注記マーカー（語を分断しない）	◎	±±±	دينة النبوية وأخو أحمد الماضي ويعرف بابن ثابر±±± . حفظ الشاطبيتين وألفية ابن ملك وغيرها وانت	無視してよい。記号を取り除いた語がそのまま正しい読み。
AIND-D08680	DOLLAR3_STUB	処理済みの転送見出し（$$$）が同じブロックに同居	◎	###$391374717240$# $$$	، ولقيني بالمدينة فسمع مني أشياء وكتب له . ###$391374717240$# $$$ محمد بن محمد بن أحمد الشمس الحموي الحنفي ويع	処理済みなので作業不要。ブロック先頭の項だけ作業すればよい。
AIND-D08690	PLUSMIN	語末に付く注記マーカー（語を分断しない）	◎	±±±	بل له أيضا بغية السالك إلى أشرف المسالك ونهزة±±± التذكرة ونزهة التبصرة . مات سنة ثلاث أو بعده	無視してよい。記号を取り除いた語がそのまま正しい読み。
AIND-D08690	STAR_HEADWORD	未採番見出しの境界（1ブロックに複数見出しが同居）	△	★محمد★	هة التبصرة . مات سنة ثلاث أو بعدها بقليل . ★محمد★ بن محمد بن أحمد العدوي ...	作業しない。ブロック内の2件目以降は別項として採番が必要。
AIND-D08690	ELLIPSIS	原文の欠落（lacuna）	○	...	عدها بقليل . ★محمد★ بن محمد بن أحمد العدوي ...	欠落部は情報なしとして扱い、該当要素を立てずに作業する。
AIND-D08693	DOLLAR3_STUB	処理済みの転送見出し（$$$）が同じブロックに同居	◎	###$138642735447$# $$$	ما ونزيلو جامع الغمري . ممن سمع منى أشياء . ###$138642735447$# $$$ محمد بن محمد بن أسعد القاياتي . سقط من نسبه	処理済みなので作業不要。ブロック先頭の項だけ作業すればよい。
AIND-D08699	DOLLAR3_STUB	処理済みの転送見出し（$$$）が同じブロックに同居	◎	###$733722198377$# $$$	ل الشمس الغانمي المقدسي . ممن سمع من شيخنا . ###$733722198377$# $$$ محمد بن محمد بن إسماعيل البرادعي . صواب جده	処理済みなので作業不要。ブロック先頭の項だけ作業すればよい。
AIND-D08700	ELLIPSIS	原文の欠落（lacuna）	○	...	بن محمد بن إسماعيل البعلي الشافعي بن المرحل ...	欠落部は情報なしとして扱い、該当要素を立てずに作業する。
AIND-D08709	STAR_HEADWORD	未採番見出しの境界（1ブロックに複数見出しが同居）	△	★محمد★	لى جده ، وقتل مع أخيه وأبيهما بدرب الشام . ★محمد★ بن محمد الزين أبو بكر ابن ناصر الدين أبي الف	作業しない。ブロック内の2件目以降は別項として採番が必要。
AIND-D08710	PLUSMIN	語末に付く注記マーカー（語を分断しない）	◎	±±±	سنة جميلة وتودده للفقراء والغرباء متزايد بذله±±± لما تحت يده من الكتب وهو شيء كثير لطالبه من	無視してよい。記号を取り除いた語がそのまま正しい読み。
AIND-D08717	PLUSMIN	語末に付く注記マーカー（語を分断しない）	◎	±±±	ه كان يعاب مع كثرة تودده للطلبة وإفادتهم بحبس±±± أسمعتهم ولذا مع شدة حرصه لم ينجب وقد أم بالا	無視してよい。記号を取り除いた語がそのまま正しい読み。
AIND-D08717	PLUSMIN	語末に付く注記マーカー（語を分断しない）	◎	±±±	الفخر وابن عساكر ولا برقوهي ثم من أصحاب وزيرة±±± والقاضي والمطعم ثم من أصحاب الواني والدبوسي	無視してよい。記号を取り除いた語がそのまま正しい読み。
AIND-D08717	PLUSMIN	語末に付く注記マーカー（語を分断しない）	◎	±±±	وكتب بخطه الحسن ما لا يحصى وكان يحبس عن الناس±±± أسمعتهم فلم يمتع بما سمع ولا عاش له ولد ذكر	無視してよい。記号を取り除いた語がそのまま正しい読み。
AIND-D08720	ELLIPSIS	原文の欠落（lacuna）	○	...	فرعي وألفية الحديث والنحو ومختصر ابن الحاجب و... وقدم القاهرة فعرض بعضها على شيخنا والمحب بن	欠落部は情報なしとして扱い、該当要素を立てずに作業する。
AIND-D08723	DOLLAR3_STUB	処理済みの転送見出し（$$$）が同じブロックに同居	◎	###$346554384794$# $$$	عين بمكة ودفن بالمعلاة رحمه الله وعفا عنه . ###$346554384794$# $$$ محمد أخو الثلاثة . هو حسن الماضي في الحاء .	処理済みなので作業不要。ブロック先頭の項だけ作業すればよい。
AIND-D08735	DOLLAR3_STUB	処理済みの転送見出し（$$$）が同じブロックに同居	◎	###$930040791478$# $$$	ظنه زاد على الاربعين ونعم الرجل رحمه الله . ###$930040791478$# $$$ محمد بن محمد بن أبي بكر أبو الفتح النحريري ث	処理済みなので作業不要。ブロック先頭の項だけ作業すればよい。
AIND-D08738	DOLLAR3_STUB	処理済みの転送見出し（$$$）が同じブロックに同居	◎	###$662502916544$# $$$	رزم وأجاز له وذلك في شهور سنة خمس وثلاثين . ###$662502916544$# $$$ محمد بن محمد بن جمال الدين ولي الدين المدعو	処理済みなので作業不要。ブロック先頭の項だけ作業すればよい。
AIND-D08739	DOLLAR3_STUB	処理済みの転送見出し（$$$）が同じブロックに同居	◎	###$372814922178$# $$$	ثاء ثالث عشر شعبان سنة ست وخمسين بالقاهرة . ###$372814922178$# $$$ محمد بن محمد بن جوارش . في محمد بن محمد بن ا	処理済みなので作業不要。ブロック先頭の項だけ作業すればよい。
AIND-D08742	DOLLAR3_STUB	処理済みの転送見出し（$$$）が同じブロックに同居	◎	###$789217034702$# $$$	في الحديد والترسيم على أخيه وخدمه وجماعته . ###$789217034702$# $$$ محمد بن محمد بن الحسام . فمن جده لاجين .	処理済みなので作業不要。ブロック先頭の項だけ作業すればよい。
AIND-D08743	PLUSMIN	語末に付く注記マーカー（語を分断しない）	◎	±±±	البلاد الشامية حلب فما دونها غير مرة والثغرين±±± ، وحدث بالقاهرة سمع منه القدماء حملت عنه جم	無視してよい。記号を取り除いた語がそのまま正しい読み。
AIND-D08751	DOLLAR3_STUB	処理済みの転送見出し（$$$）が同じブロックに同居	◎	###$236902695404$# $$$	ذو وجاهة وسمت وتوجه للوعظ على طريقة أبيه . ###$236902695404$# $$$ محمد أبو الفضل أخو الذي قبله . صوابه عبد الر	処理済みなので作業不要。ブロック先頭の項だけ作業すればよい。
AIND-D08759	DOLLAR3_STUB	処理済みの転送見出し（$$$）が同じブロックに同居	◎	###$645050417661$# $$$	العطار . ممن سمع مني بمكة سنة ست وثمانين . ###$645050417661$# $$$ محمد بن محمد بن حسن السكري بن الجنيد . في ا	処理済みなので作業不要。ブロック先頭の項だけ作業すればよい。
AIND-D08771	DOLLAR3_STUB	処理済みの転送見出し（$$$）が同じブロックに同居	◎	###$851666027056$# $$$	ان سنة ثمان وستين ودفن بتربة سعيد السعداء . ###$851666027056$# $$$ محمد بن محمد بن خضر بن سمري العيزري . يأتي ب	処理済みなので作業不要。ブロック先頭の項だけ作業すればよい。
AIND-D08776	ELLIPSIS	原文の欠落（lacuna）	○	...	ين العقبي الاصل القاهري الصحراوي الماضي أبوه ...	欠落部は情報なしとして扱い、該当要素を立てずに作業する。
AIND-D08815	PLUSMIN	語末に付く注記マーカー（語を分断しない）	◎	±±±	الغريب . ولما ولد دخل جده للتهنئة به وتفل في±±± فيه وحنكه ودعا له وشمله بلحظه ثم تكررت رؤيته	無視してよい。記号を取り除いた語がそのまま正しい読み。
AIND-D08817	ELLIPSIS	原文の欠落（lacuna）	○	...	لرحمن بن محمد بن أحمد بن خلف الدكالي المالكي ...	欠落部は情報なしとして扱い、該当要素を立てずに作業する。
AIND-D08824	STAR_HEADWORD	未採番見出しの境界（1ブロックに複数見出しが同居）	△	★أبا القسم★	ما ساكنا صاهره مسعود المغربي على ابنته وأنجب ★أبا القسم★ رجلا له أولاد .	作業しない。ブロック内の2件目以降は別項として採番が必要。
AIND-D08835	ELLIPSIS	原文の欠落（lacuna）	○	...	ثلاثين دينارا ذهبا بسبب إثبات شيء ظهر له فيه ... فزبره وكاد أن يعزره ولشريف أوصافه ظهرت بركت	欠落部は情報なしとして扱い、該当要素を立てずに作業する。
AIND-D08841	ELLIPSIS	原文の欠落（lacuna）	○	...	أمير حاج القارئ بالنعمان . مات في المحرم سنة ...	欠落部は情報なしとして扱い、該当要素を立てずに作業する。
AIND-D08845	PLUSMIN	語末に付く注記マーカー（語を分断しない）	◎	±±±	تصانيفي وغيرها وكتب عني في الإملاء بل استملى±±± علي في بعض الأوقات وناب عن العز ومن بعده وكذ	無視してよい。記号を取り除いた語がそのまま正しい読み。
AIND-D08852	PLUSMIN	語末に付く注記マーカー（語を分断しない）	◎	±±±	ة فضيلته وكان قد اختص به ولازم خدمته ومرافقته±±± له بحيث عرف به ومما قرأه عليه البخاري وسمع ع	無視してよい。記号を取り除いた語がそのまま正しい読み。
AIND-D08857	DOLLAR3_STUB	処理済みの転送見出し（$$$）が同じブロックに同居	◎	###$226874114842$# $$$	الأولى سنة خمس وسبعين بمكة . أرخه ابن فهد . ###$226874114842$# $$$ محمد بن محمد بن عبد الله بن أحمد الشمس الشهي	処理済みなので作業不要。ブロック先頭の項だけ作業すればよい。
AIND-D08861	DOLLAR3_STUB	処理済みの転送見出し（$$$）が同じブロックに同居	◎	###$951083615017$# $$$	ي سنة سبع عشرة ووصف بالفقيه الفاضل المقوئ . ###$951083615017$# $$$ محمد بن محمد بن عبد الله بن جوارش . في محمد	処理済みなので作業不要。ブロック先頭の項だけ作業すればよい。
AIND-D08862	PLUSMIN	語末に付く注記マーカー（語を分断しない）	◎	±±±	فيه البلاطنسي وكان في التعصب وقوة النفس بمكان±±± إلى الجمال ناظر الخاص أزيد من خمسين سطرا فيه	無視してよい。記号を取り除いた語がそのまま正しい読み。
AIND-D08890	DOLLAR3_STUB	処理済みの転送見出し（$$$）が同じブロックに同居	◎	###$669897474903$# $$$	من الفضلاء . أفادنيه إمام الكاملية وغيره . ###$669897474903$# $$$ محمد بن محمد بن عبد الله . في محمد بن محمد ب	処理済みなので作業不要。ブロック先頭の項だけ作業すればよい。
AIND-D08895	PLUSMIN	語末に付く注記マーカー（語を分断しない）	◎	±±±	أصحاب الحجار ولقيه فيها ابن موسى ورفيقه الأبي±±± في سنة خمس عشرة .	無視してよい。記号を取り除いた語がそのまま正しい読み。
AIND-D08896	STAR_HEADWORD	未採番見出しの境界（1ブロックに複数見出しが同居）	△	★محمد★	الأولى سنة ثلاث وعشرين ودفن بالمعلاة . 340 ★محمد★ الجمال أو البهاء أبو عبد الله أخو الذي قبله	作業しない。ブロック内の2件目以降は別項として採番が必要。
AIND-D08902	STAR_HEADWORD	未採番見出しの境界（1ブロックに複数見出しが同居）	△	★محمد★	ه الله . وعلى أسن منه بدون ثمان سنين . 347 ★محمد★ بن محمد بن عثمان بن سليمان بن رسول البدر بن	作業しない。ブロック内の2件目以降は別項として採番が必要。
AIND-D08902	STAR_HEADWORD	未採番見出しの境界（1ブロックに複数見出しが同居）	△	★محمد★	مدة مع خموله ومزيد فاقته وعدم توقيه . 348 ★محمد★ بن محمد بن عثمان بن عبد الله الشمس الجناني	作業しない。ブロック内の2件目以降は別項として採番が必要。
AIND-D08902	STAR_HEADWORD	未採番見出しの境界（1ブロックに複数見出しが同居）	△	★محمد★	ى والموفق الأبي في سنة خمس عشرة بدمشق . 349 ★محمد★ بن محمد بن عثمان بن محمد بن أحمد بن محمد بن	作業しない。ブロック内の2件目以降は別項として採番が必要。
AIND-D08905	PLUSMIN	語末に付く注記マーカー（語を分断しない）	◎	±±±	شوال سنة تسعين ودفن في عصر يومه بحوش ظاهر قمة±±± الشيخ عمر النبتيتي رحمه الله وإيانا .	無視してよい。記号を取り除いた語がそのまま正しい読み。
AIND-D08909	STAR_HEADWORD	未採番見出しの境界（1ブロックに複数見出しが同居）	△	★محمد★	نة وأرجو أن يكون قد أناب نفع الله به . 356 ★محمد★ بن محمد بن علوان بن نبهان بن عمر بن نبهان ب	作業しない。ブロック内の2件目以降は別項として採番が必要。
AIND-D08909	STAR_HEADWORD	未採番見出しの境界（1ブロックに複数見出しが同居）	△	★محمد★	خرجة له وحدث بها سمعها منه الأئمة ومات ... ★محمد★ بن محمد بن علي بن إبراهيم بن موسى بن طاهر خ	作業しない。ブロック内の2件目以降は別項として採番が必要。
AIND-D08909	ELLIPSIS	原文の欠落（lacuna）	○	...	من المخرجة له وحدث بها سمعها منه الأئمة ومات ... ★محمد★ بن محمد بن علي بن إبراهيم بن موسى	欠落部は情報なしとして扱い、該当要素を立てずに作業する。
AIND-D08910	STAR_HEADWORD	未採番見出しの境界（1ブロックに複数見出しが同居）	△	★محمد★	شيخنا وغيره وأجاز سامحه الله وإيانا . 358 ★محمد★ بن محمد بن علي بن أحمد بن أبي بكر بن اسماعي	作業しない。ブロック内の2件目以降は別項として採番が必要。
AIND-D08910	ELLIPSIS	原文の欠落（lacuna）	○	...	الذي قيل انه عمر مائة سنة وخمسا وثمانين سنة... وأن أول شيء دخل جوفه ريق الشيخ عبد القادر ا	欠落部は情報なしとして扱い、該当要素を立てずに作業する。
AIND-D08912	STAR_HEADWORD	未採番見出しの境界（1ブロックに複数見出しが同居）	△	★محمد★	ذا عند دفنه مطر عظيم رحمه الله وإيانا . 361 ★محمد★ بن محمد بن علي بن أحمد بن عبد العزيز بن الق	作業しない。ブロック内の2件目以降は別項として採番が必要。
AIND-D08917	DOLLAR3_STUB	処理済みの転送見出し（$$$）が同じブロックに同居	◎	###$695893771128$# $$$	اكنا فقيرا قانعا . مات قريبا من سنة تسعين . ###$695893771128$# $$$ محمد بن محمد بن علي بن أحمد أبو الخير بن الن	処理済みなので作業不要。ブロック先頭の項だけ作業すればよい。
AIND-D08924	STAR_HEADWORD	未採番見出しの境界（1ブロックに複数見出しが同居）	△	★محمد★	ن حسان . فيمن جده علي بن محمد بن حسان . 373 ★محمد★ بن محمد بن علي بن حسن بن ستي أبو النجا الدا	作業しない。ブロック内の2件目以降は別項として採番が必要。
AIND-D08928	DOLLAR3_STUB	処理済みの転送見出し（$$$）が同じブロックに同居	◎	###$414023959439$# $$$	رم سنة أربع وستين سامحه الله ورحمه وإيانا . ###$414023959439$# $$$ محمد بن محمد بن علي بن عبد الله بن علي بن مح	処理済みなので作業不要。ブロック先頭の項だけ作業すればよい。
AIND-D08929	STAR_HEADWORD	未採番見出しの境界（1ブロックに複数見出しが同居）	△	★محمد★	الصلاة ولم يصل نفعنا الله بالصالحين . 378 ★محمد★ بن محمد بن علي بن عبد القادر ناصر الدين أبو	作業しない。ブロック内の2件目以降は別項として採番が必要。
AIND-D08929	STAR_HEADWORD	未採番見出しの境界（1ブロックに複数見出しが同居）	△	★محمد★	ادس المحرم سنة سبع وستين عفا الله عنه . 379 ★محمد★ بن محمد بن علي بن عبد الكافي بن علي بن عبد	作業しない。ブロック内の2件目以降は別項として採番が必要。
AIND-D08930	PLUSMIN	語末に付く注記マーカー（語を分断しない）	◎	±±±	محمد بن علي بن عبد الواحد الأندلسي المجاراني±±± . مات سنة ست وخمسين .	無視してよい。記号を取り除いた語がそのまま正しい読み。
AIND-D08940	ELLIPSIS	原文の欠落（lacuna）	○	...	بقراءتي على البوتيجي وغيره في ابن ماجة ومات ...	欠落部は情報なしとして扱い、該当要素を立てずに作業する。
AIND-D08952	ELLIPSIS	原文の欠落（lacuna）	○	...	بدر بن عبيد الله في الفقه وغيره وكذا حضر عند ... وتولع بالمباشرة ولازم يشبك الجمالي الزردكاش	欠落部は情報なしとして扱い、該当要素を立てずに作業する。
AIND-D08963	PLUSMIN	語末に付く注記マーカー（語を分断しない）	◎	±±±	ازمه سيما بالقاهرة وتردد لمن تجدد من المسمعين±±± كالبهاء المشهدي والكمال بن أبي شريف والسنباط	無視してよい。記号を取り除いた語がそのまま正しい読み。
AIND-D08963	ELLIPSIS	原文の欠落（lacuna）	○	...	صفر سنة ثلاث وستين وثمانمائة ونشأ بها فاشتغل ... وطلب الحديث وأخذ عن أبي ذر والبقاعي والخيضري	欠落部は情報なしとして扱い、該当要素を立てずに作業する。
AIND-D08973	DOLLAR3_STUB	処理済みの転送見出し（$$$）が同じブロックに同居	◎	###$717829981167$# $$$	سنة ثلاث وستين وقد جاز الثمانين رحمه الله . ###$717829981167$# $$$ محمد بن محمد بن علي الزين أبو بكر الخوافي .	処理済みなので作業不要。ブロック先頭の項だけ作業すればよい。
AIND-D08981	STAR_HEADWORD	未採番見出しの境界（1ブロックに複数見出しが同居）	△	★محمد★	بن علي المطوعي الأزهري . ممن سمع مني . 431 ★محمد★ بن محمد بن علي النوبي خطيبها ويعرف فيها باب	作業しない。ブロック内の2件目以降は別項として採番が必要。
AIND-D08986	STAR_HEADWORD	未採番見出しの境界（1ブロックに複数見出しが同居）	△	★محمد★	ندا له %~% فلذ به يا شيخ تنس الصباح %~% 437 ★محمد★ بن محمد بن عمر بن أبي بكر الشمس الصرخدي الأ	作業しない。ブロック内の2件目以降は別項として採番が必要。
AIND-D08989	STAR_HEADWORD	未採番見出しの境界（1ブロックに複数見出しが同居）	△	★محمد★	أوقاف . مات في حدود الستين رحمه الله . 441 ★محمد★ بن محمد بن عمر بن علي بن أحمد بن محمد ناصر	作業しない。ブロック内の2件目以降は別項として採番が必要。
AIND-D08991	PLUSMIN	語末に付く注記マーカー（語を分断しない）	◎	±±±	تبضعا %~% ذكرا وأجرا حسن الجملة %~% %~% قياله±±± من متجر كاسد %~% ما نفقت فيه سوى بغلتي %~%	無視してよい。記号を取り除いた語がそのまま正しい読み。
AIND-D09009	STAR_HEADWORD	未採番見出しの境界（1ブロックに複数見出しが同居）	△	★محمد★	س ، له رزق من قبل أبيه وغيره يتقنع به . 460 ★محمد★ بن محمد بن عميرة الصيداوي نزيل دمشق وأحد ال	作業しない。ブロック内の2件目以降は別項として採番が必要。
AIND-D09011	DOLLAR3_STUB	処理済みの転送見出し（$$$）が同じブロックに同居	◎	###$195785933889$# $$$	سرج ونحوه ولم يرض أحد من أحبابه له كل هذا . ###$195785933889$# $$$ محمد بن محمد بن عيسى بن كرامة . ذكره ابن عزم	処理済みなので作業不要。ブロック先頭の項だけ作業すればよい。
AIND-D09017	PLUSMIN	語末に付く注記マーカー（語を分断しない）	◎	±±±	مان سعيد العيسوي وغيرهما وحفظ الشاطبيتين ورجز±±± الخرازي في الرسم والكافية الشافية ولامية الأ	無視してよい。記号を取り除いた語がそのまま正しい読み。
AIND-D09017	PLUSMIN	語末に付く注記マーカー（語を分断しない）	◎	±±±	بعض الأكابر فيريه من أنظاره ودقة فكره ما يتبع±±± فكره ويعلي عنده قدره بحيث كنت أظن أن ذلك يف	無視してよい。記号を取り除いた語がそのまま正しい読み。
AIND-D09039	DOLLAR3_STUB	処理済みの転送見出し（$$$）が同じブロックに同居	◎	###$639677514884$# $$$	اشر رجب سنة ثلاث وثلاثين رحمه الله وإيانا . ###$639677514884$# $$$ محمد الزين أبو بكر أخو الذي قبله . وهو بكنيت	処理済みなので作業不要。ブロック先頭の項だけ作業すればよい。
AIND-D09039	DOLLAR3_STUB	処理済みの転送見出し（$$$）が同じブロックに同居	◎	###$131214623876$# $$$	ذي قبله . وهو بكنيته أشهر . يأتي في الكنى . ###$131214623876$# $$$ محمد بن محمد بن محمد بن أحمد بن محمد بن محمد	処理済みなので作業不要。ブロック先頭の項だけ作業すればよい。
AIND-D09067	DOLLAR3_STUB	処理済みの転送見出し（$$$）が同じブロックに同居	◎	###$686238483643$# $$$	سجن أولى الجرائم حتى مات بعد الثمانين ظنا . ###$686238483643$# $$$ محمد بن محمد بن محمد بن أبي بكر الشمس الدلجي	処理済みなので作業不要。ブロック先頭の項だけ作業すればよい。
AIND-D09068	DOLLAR3_STUB	処理済みの転送見出し（$$$）が同じブロックに同居	◎	###$697194005691$# $$$	ة وشرحها . وهو في عقود المقريزي باختصار . ) ###$697194005691$# $$$ محمد بن محمد بن محمد بن أبي بكر ولي الدين ال	処理済みなので作業不要。ブロック先頭の項だけ作業すればよい。
AIND-D09086	STAR_HEADWORD	未採番見出しの境界（1ブロックに複数見出しが同居）	△	★محمد★	احد . مات في شوال سنة تسع وثلاثين بمكة . 532 ★محمد★ النجم بن ظهيرة الشافعي أخو الستة قبله وشقيق	作業しない。ブロック内の2件目以降は別項として採番が必要。
AIND-D09086	IDEOSPACE	全角スペース（変換ノイズ）	◎	　	واحد . مات في شوال سنة تسع وثلاثين بمكة . 532 ★محمد★ النجم بن ظهيرة الشافعي أخو الستة قبله	半角スペースとして扱う。
AIND-D09100	DOLLAR3_STUB	処理済みの転送見出し（$$$）が同じブロックに同居	◎	###$873925199110$# $$$	وهو ممن عرف بالخير ولين الجانب رحمه الله . ###$873925199110$# $$$ محمد بن محمد بن محمد بن عبد الرحمن بن عبد ال	処理済みなので作業不要。ブロック先頭の項だけ作業すればよい。
AIND-D09103	STAR_HEADWORD	未採番見出しの境界（1ブロックに複数見出しが同居）	△	★محمد★	لمراغي . سمع من أبيه في الموطأ وغيره . 550 ★محمد★ الكمال أبو الفضل المطري أخو الذي قبله وشقيق	作業しない。ブロック内の2件目以降は別項として採番が必要。
AIND-D09106	ELLIPSIS	原文の欠落（lacuna）	○	...	بن عبد الرحمن أو حسن البدر بن الجنيد مضى في ... = 521?	欠落部は情報なしとして扱い、該当要素を立てずに作業する。
AIND-D09106	DOLLAR3_STUB	処理済みの転送見出し（$$$）が同じブロックに同居	◎	###$901095900446$# $$$	سنة ست وتسعين أو أول التي تليها رحمه الله . ###$901095900446$# $$$ محمد بن محمد بن محمد بن عبد الرحمن أو حسن ال	処理済みなので作業不要。ブロック先頭の項だけ作業すればよい。
AIND-D09132	DOLLAR3_STUB	処理済みの転送見出し（$$$）が同じブロックに同居	◎	###$890350093643$# $$$	ولكنه امتحن بفساد عقله قبل موته رحمه الله . ###$890350093643$# $$$ محمد بن محمد بن محمد بن عبد الله المحب أبو ا	処理済みなので作業不要。ブロック先頭の項だけ作業すればよい。
AIND-D09147	ELLIPSIS	原文の欠落（lacuna）	○	...	ي والحافظ الصلاح العلاني وحدثنا عنه غير واحد ... مات ... ###$960743097722$# $$$ محمد بن محمد	欠落部は情報なしとして扱い、該当要素を立てずに作業する。
AIND-D09147	ELLIPSIS	原文の欠落（lacuna）	○	...	ظ الصلاح العلاني وحدثنا عنه غير واحد ... مات ... ###$960743097722$# $$$ محمد بن محمد بن محمد	欠落部は情報なしとして扱い、該当要素を立てずに作業する。
AIND-D09147	DOLLAR3_STUB	処理済みの転送見出し（$$$）が同じブロックに同居	◎	###$960743097722$# $$$	لاح العلاني وحدثنا عنه غير واحد ... مات ... ###$960743097722$# $$$ محمد بن محمد بن محمد بن علي بن أحمد بن عبد ا	処理済みなので作業不要。ブロック先頭の項だけ作業すればよい。
AIND-D09148	DOLLAR3_STUB	処理済みの転送見出し（$$$）が同じブロックに同居	◎	###$938085467516$# $$$	ه ثم استنابه الزيني وصار من جملة المقسمين . ###$938085467516$# $$$ محمد بن محمد بن محمد بن علي بن أحمد الكمال ب	処理済みなので作業不要。ブロック先頭の項だけ作業すればよい。
AIND-D09151	DOLLAR3_STUB	処理済みの転送見出し（$$$）が同じブロックに同居	◎	###$338581013899$# $$$	لى أدبه وخطابته وأنه يتكسب كأبيه بالشهادة . ###$338581013899$# $$$ محمد بن محمد بن محمد بن علي بن حسن بن عمر ال	処理済みなので作業不要。ブロック先頭の項だけ作業すればよい。
AIND-D09151	DOLLAR3_STUB	処理済みの転送見出し（$$$）が同じブロックに同居	◎	###$302598079884$# $$$	ه بابن الركن . يأتي في أبي الطيب من الكنى . ###$302598079884$# $$$ محمد بن محمد بن محمد بن علي بن عبد الله أبو	処理済みなので作業不要。ブロック先頭の項だけ作業すればよい。
AIND-D09163	DOLLAR3_STUB	処理済みの転送見出し（$$$）が同じブロックに同居	◎	###$400430220710$# $$$	ان شكلا حسنا فصيحا بليغا له نظم ونثر وخطب . ###$400430220710$# $$$ محمد بن محمد بن المحب محمد بن علي بن يوسف ال	処理済みなので作業不要。ブロック先頭の項だけ作業すればよい。
AIND-D09183	DOLLAR3_STUB	処理済みの転送見出し（$$$）が同じブロックに同居	◎	###$871475725766$# $$$	بمحمود السيرة مع أنه أشبه من أخويه قراءة . ###$871475725766$# $$$ محمد إمام الدين أبو الكرم شقيق اللذين قبله و	処理済みなので作業不要。ブロック先頭の項だけ作業すればよい。
AIND-D09184	DOLLAR3_STUB	処理済みの転送見出し（$$$）が同じブロックに同居	◎	###$157563241930$# $$$	يمن الطبري أخو المتقدمين . بيض له ابن فهد . ###$157563241930$# $$$ محمد أخو اللذين قبله واسمه أيضا عامر . سبق ف	処理済みなので作業不要。ブロック先頭の項だけ作業すればよい。
AIND-D09203	DOLLAR3_STUB	処理済みの転送見出し（$$$）が同じブロックに同居	◎	###$270935279104$# $$$	سنة مولده سنة أربع وخمسين وأمه فتاة لأبيه . ###$270935279104$# $$$ محمد بن محمد بن محمد أبو الفضل ويسمى العباس	処理済みなので作業不要。ブロック先頭の項だけ作業すればよい。
AIND-D09211	DOLLAR3_STUB	処理済みの転送見出し（$$$）が同じブロックに同居	◎	###$312433722895$# $$$	ا آتاه انتهى . رحمه الله وإيانا ونفعنا به . ###$312433722895$# $$$ محمد شقيق الذي قبله ويدعى عطية . مضى فيه .	処理済みなので作業不要。ブロック先頭の項だけ作業すればよい。
AIND-D09218	DOLLAR3_STUB	処理済みの転送見出し（$$$）が同じブロックに同居	◎	###$612028663333$# $$$	المدينة مع حسن فهم ومشاركة سيما في الفقه . ###$612028663333$# $$$ محمد بن محمد بن محمد بن محمد بن عبد العزيز ب	処理済みなので作業不要。ブロック先頭の項だけ作業すればよい。
AIND-D09220	DOLLAR3_STUB	処理済みの転送見出し（$$$）が同じブロックに同居	◎	###$499625510448$# $$$	زته في سنة خمسين والظاهر أنه مات قريب ذلك . ###$499625510448$# $$$ محمد بن محمد بن محمد بن محمد بن علي بن عبد ا	処理済みなので作業不要。ブロック先頭の項だけ作業すればよい。
AIND-D09228	DOLLAR3_STUB	処理済みの転送見出し（$$$）が同じブロックに同居	◎	###$132376446519$# $$$	لما كف عن الزين زكريا في سنة تسع وثمانين . ###$132376446519$# $$$ محمد بن محمد بن محمد بن محمد بن محمد بن عبد	処理済みなので作業不要。ブロック先頭の項だけ作業すればよい。
AIND-D09231	PLUSMIN	語末に付く注記マーカー（語を分断しない）	◎	±±±	ونثر وتصانيف منها شرح تنقيح اللباب والرحبية±±± ، كتبت عنه من نظمه أشياء منها قوله : %~% ل	無視してよい。記号を取り除いた語がそのまま正しい読み。
AIND-D09231	STAR_HEADWORD	未採番見出しの境界（1ブロックに複数見出しが同居）	△	★محمد★	بمقبرة الباب الصغير رحمه الله وإيانا . 748 ★محمد★ بن محمد بن محمد بن محمد بن محمد بن محمد بن	作業しない。ブロック内の2件目以降は別項として採番が必要。
AIND-D09231	STAR_HEADWORD	未採番見出しの境界（1ブロックに複数見出しが同居）	△	★محمد★	المكي يعني التصريف كما تقدم في ترجمته . 749 ★محمد★ بن محمد بن محمد بن محمد بن محمد بن محمد بن	作業しない。ブロック内の2件目以降は別項として採番が必要。
AIND-D09240	DOLLAR3_STUB	処理済みの転送見出し（$$$）が同じブロックに同居	◎	###$633012766291$# $$$	ء رابع عشرى صفر سنة إحدى وخمسين رحمه الله . ###$633012766291$# $$$ محمد بن محمد بن محمد بن محمد بن يوسف بن الجز	処理済みなので作業不要。ブロック先頭の項だけ作業すればよい。
AIND-D09241	DOLLAR3_STUB	処理済みの転送見出し（$$$）が同じブロックに同居	◎	###$614880790103$# $$$	وستين وقد زاد على الستين رحمه الله وإيانا . ###$614880790103$# $$$ محمد بن محمد بن محمد بن محمد التاج بن التنسي	処理済みなので作業不要。ブロック先頭の項だけ作業すればよい。
AIND-D09255	DOLLAR3_STUB	処理済みの転送見出し（$$$）が同じブロックに同居	◎	###$246985803379$# $$$	داء وتأسف الناس على فقده رحمه الله وإيانا . ###$246985803379$# $$$ محمد بن محمد بن محمد بن يحيى بن يونس بن أحمد	処理済みなので作業不要。ブロック先頭の項だけ作業すればよい。
AIND-D09260	DOLLAR3_STUB	処理済みの転送見出し（$$$）が同じブロックに同居	◎	###$143357134475$# $$$	ماضي . مضى فيمن جده عبد الرحيم بن إبرهيم . ###$143357134475$# $$$ محمد بن محمد بن محمد البدر بن المحب بن الصفي	処理済みなので作業不要。ブロック先頭の項だけ作業すればよい。
AIND-D09265	DOLLAR3_STUB	処理済みの転送見出し（$$$）が同じブロックに同居	◎	###$863116478102$# $$$	زهر . فيمن جده محمد بن أحمد بن عبد الخالق . ###$863116478102$# $$$ محمد بن محمد بن محمد الجلال بن العز بن البدر	処理済みなので作業不要。ブロック先頭の項だけ作業すればよい。
AIND-D09277	DOLLAR3_STUB	処理済みの転送見出し（$$$）が同じブロックに同居	◎	###$353290438315$# $$$	الصلاح الحكري . فيمن جده محمد بن إسماعيل . ###$353290438315$# $$$ محمد بن محمد بن محمد العز بن الشمس بن الحمرا	処理済みなので作業不要。ブロック先頭の項だけ作業すればよい。
AIND-D09312	DOLLAR3_STUB	処理済みの転送見出し（$$$）が同じブロックに同居	◎	###$783168849675$# $$$	لالي من حوش سعيد السعداء رحمه الله وإيانا . ###$783168849675$# $$$ محمد بن محمد بن محمود بن محمد بن أبي الحسين	処理済みなので作業不要。ブロック先頭の項だけ作業すればよい。
AIND-D09314	DOLLAR3_STUB	処理済みの転送見出し（$$$）が同じブロックに同居	◎	###$800403244822$# $$$	واستمر هناك حتى مات أظنه قريب الخمسين ظنا . ###$800403244822$# $$$ محمد بن محمد بن محمود الشمس الدمشقي بن السلع	処理済みなので作業不要。ブロック先頭の項だけ作業すればよい。
AIND-D09342	DOLLAR3_STUB	処理済みの転送見出し（$$$）が同じブロックに同居	◎	###$870771083123$# $$$	أظنه هذا حصل السهو في اسم أبيه وجده فيحرر . ###$870771083123$# $$$ محمد بن محمد بن يوسف بن حاجي الجمال التوريزي	処理済みなので作業不要。ブロック先頭の項だけ作業すればよい。
AIND-D09349	DOLLAR3_STUB	処理済みの転送見出し（$$$）が同じブロックに同居	◎	###$745122318211$# $$$	ي وتنهرني %~% وتارة تسمع الشكوى وتغري بي %~% ###$745122318211$# $$$ محمد بن محمد بن يوسف بن علم الدين الفارسكوري	処理済みなので作業不要。ブロック先頭の項だけ作業すればよい。
AIND-D09353	DOLLAR3_STUB	処理済みの転送見出し（$$$）が同じブロックに同居	◎	###$570576357258$# $$$	ب ما لم يكن في الظن رحمه الله وعوضه الجنة . ###$570576357258$# $$$ محمد بن محمد بن يوسف الحموي الموقع . مضى في	処理済みなので作業不要。ブロック先頭の項だけ作業すればよい。
AIND-D09355	DOLLAR3_STUB	処理済みの転送見出し（$$$）が同じブロックに同居	◎	###$523163944847$# $$$	قطب الدين العلوي الإيجي ممن سمع مني بمكة . ###$523163944847$# $$$ محمد بن محمد بن محيي الدين . في محمد بن محمد	処理済みなので作業不要。ブロック先頭の項だけ作業すればよい。
AIND-D09355	DOLLAR3_STUB	処理済みの転送見出し（$$$）が同じブロックに同居	◎	###$401306830735$# $$$	. في محمد بن محمد بن محمد بن أحمد بن يوسف . ###$401306830735$# $$$ محمد بن محمد أثير الدين الخصوصي . صوابه محمد	処理済みなので作業不要。ブロック先頭の項だけ作業すればよい。
AIND-D09373	DOLLAR3_STUB	処理済みの転送見出し（$$$）が同じブロックに同居	◎	###$291080521653$# $$$	ويقال أنه مات من تحت ضربة جماعة من السوقة . ###$291080521653$# $$$ محمد بن محمد الشمس أبو عبد الله الكيلاني الم	処理済みなので作業不要。ブロック先頭の項だけ作業すればよい。
AIND-D09374	DOLLAR3_STUB	処理済みの転送見出し（$$$）が同じブロックに同居	◎	###$926597269432$# $$$	مات تقريبا سنة ثلاث وستين وقد جاز السبعين . ###$926597269432$# $$$ محمد بن محمد الشمس الحموي الموقع ناظر القدس	処理済みなので作業不要。ブロック先頭の項だけ作業すればよい。
AIND-D09376	DOLLAR3_STUB	処理済みの転送見出し（$$$）が同じブロックに同居	◎	###$485847222203$# $$$	محرم سنة ثلاث عشرة . قاله شيخنا في إنبائه . ###$485847222203$# $$$ محمد بن محمد الصدر بن البهاء السبكي . مضى في	処理済みなので作業不要。ブロック先頭の項だけ作業すればよい。
AIND-D09416	DOLLAR3_STUB	処理済みの転送見出し（$$$）が同じブロックに同居	◎	###$689686202361$# $$$	ميراثي أخو مسعود ومغيث . ممن سمع مني بمكة . ###$689686202361$# $$$ محمد أخو الذي قبله . يأتي في مغيث .	処理済みなので作業不要。ブロック先頭の項だけ作業すればよい。
AIND-D09426	DOLLAR3_STUB	処理済みの転送見出し（$$$）が同じブロックに同居	◎	###$352006981641$# $$$	ر الأستادار جمال الدين . مضى فيمن جده علي . ###$352006981641$# $$$ محمد بن محمود ناصر الدين بن العجمي ، مضى في	処理済みなので作業不要。ブロック先頭の項だけ作業すればよい。
AIND-D09442	DOLLAR3_STUB	処理済みの転送見出し（$$$）が同じブロックに同居	◎	###$468474415146$# $$$	يفها من الحلبي ولكن بعدها شامي فالله أعلم . ###$468474415146$# $$$ محمد بن معبد المدني . هو ابن علي بن معبد مضى	処理済みなので作業不要。ブロック先頭の項だけ作業すればよい。
AIND-D09490	PLUSMIN	語末に付く注記マーカー（語を分断しない）	◎	±±±	ا الجزءين قبله خلا الأول فأنه تغيب عن الوجدان±±± مستعيرا له من حضرة الأستاذ المعظم السيد محمد	無視してよい。記号を取り除いた語がそのまま正しい読み。
AIND-D09490	STAR_ORPHAN	対になっていない孤立した★（変換ノイズ）	◎	★	بد الغفار بن حفاظ الدمشقي المزي . insert? ★ في آخر جزء من الأصل : آخر الجزء الرابع من ال	無視してよい。
AIND-D09490	STAR_ORPHAN	対になっていない孤立した★（変換ノイズ）	◎	★	بخير وصلى الله على سيدنا محمد وسلم تسليما . ★ المنيحي الخطيب . كتب إلي بالإجازة وقال أن مو	無視してよい。
AIND-D09506	DOLLAR3_STUB	処理済みの転送見出し（$$$）が同じブロックに同居	◎	###$533452572849$# $$$	الحاكم وثب على ولده فيها يوسف إمام الجامع . ###$533452572849$# $$$ محمد بن أبي والي . في ابن محمد بن موسى بن أب	処理済みなので作業不要。ブロック先頭の項だけ作業すればよい。
AIND-D09511	DOLLAR3_STUB	処理済みの転送見出し（$$$）が同じブロックに同居	◎	###$764973959359$# $$$	غيره . مات في سنة ثمان وأربعين رحمه الله . ###$764973959359$# $$$ محمد بن يحيى بن شاكر بن عبد الغني البدر أبو	処理済みなので作業不要。ブロック先頭の項だけ作業すればよい。
AIND-D09522	DOLLAR3_STUB	処理済みの転送見出し（$$$）が同じブロックに同居	◎	###$561214671066$# $$$	ذ ذاك عنها فما وافقوه عفا الله عنه وإيانا . ###$561214671066$# $$$ محمد بن يحيى بن محمد بن إبرهيم بن أحمد البدر	処理済みなので作業不要。ブロック先頭の項だけ作業すればよい。
AIND-D09526	DOLLAR3_STUB	処理済みの転送見出し（$$$）が同じブロックに同居	◎	###$229948541167$# $$$	نجم بن عرب ومات في الطاعون سنة سبع وتسعين . ###$229948541167$# $$$ محمد بن يحيى بن محمد بن محمد بن محمد زين الع	処理済みなので作業不要。ブロック先頭の項だけ作業すればよい。
AIND-D09537	DOLLAR3_STUB	処理済みの転送見出し（$$$）が同じブロックに同居	◎	###$613035297034$# $$$	يه جمع ونسبوه إلى مظالم ونحوها فالله أعلم . ###$613035297034$# $$$ محمد بن أبي يزيد الدلجي . مضى في قريش من الق	処理済みなので作業不要。ブロック先頭の項だけ作業すればよい。
AIND-D09543	IDEOSPACE	全角スペース（変換ノイズ）	◎	　	جهيزه في هذه الأيام مجردا عن الأهالي والأقوام قبل اشتداد الحر وغلبة الأوام فإن الفصل أطيب و	半角スペースとして扱う。
AIND-D09552	DOLLAR3_STUB	処理済みの転送見出し（$$$）が同じブロックに同居	◎	###$960063621419$# $$$	في المحرم سنة إحدى . قاله شيخنا في إنبائه . ###$960063621419$# $$$ محمد بن أبي اليمن . هو محمد بن محمد بن محمد	処理済みなので作業不要。ブロック先頭の項だけ作業すればよい。
AIND-D09552	DOLLAR3_STUB	処理済みの転送見出し（$$$）が同じブロックに同居	◎	###$175519058220$# $$$	. هو محمد بن محمد بن محمد بن علي بن أحمد . ###$175519058220$# $$$ محمد بن أبي اليمن الطبري جماعة منهم الزكي أ	処理済みなので作業不要。ブロック先頭の項だけ作業すればよい。
AIND-D09580	DOLLAR3_STUB	処理済みの転送見出し（$$$）が同じブロックに同居	◎	###$215876651370$# $$$	سكر وزاد ونحو ذلك رحمه الله وسامحه وإيانا . ###$215876651370$# $$$ محمد بن يوسف بن علي أبو الطيب القنبشي المكي	処理済みなので作業不要。ブロック先頭の項だけ作業すればよい。
AIND-D09587	DOLLAR3_STUB	処理済みの転送見出し（$$$）が同じブロックに同居	◎	###$755016681853$# $$$	نة سبع وخمسين فقد غلط رحمه الله ونفعنا به . ###$755016681853$# $$$ محمد بن يوسف بن محمد بن يوسف السيوطي . في اب	処理済みなので作業不要。ブロック先頭の項だけ作業すればよい。
AIND-D09603	DOLLAR3_STUB	処理済みの転送見出し（$$$）が同じブロックに同居	◎	###$724813498764$# $$$	خذ عنه الخواجا الشهاب أحمد قاوان . مات في . ###$724813498764$# $$$ محمد بن يوسف . في ابن إبرهيم بن يوسف .	処理済みなので作業不要。ブロック先頭の項だけ作業すればよい。
AIND-D09611	DOLLAR3_STUB	処理済みの転送見出し（$$$）が同じブロックに同居	◎	###$173845531031$# $$$	. ومات في سنة بضع وستين وأظنه كان حنبليا . ###$173845531031$# $$$ محمد الشمس بن الشرف الششتري المدني المقرئ .	処理済みなので作業不要。ブロック先頭の項だけ作業すればよい。
AIND-D09611	DOLLAR3_STUB	処理済みの転送見出し（$$$）が同じブロックに同居	◎	###$841679391127$# $$$	ن بن البرجي . مضى في محمد بن محمد بن محمد . ###$841679391127$# $$$ محمد بن تقي الدين الجهيني . في ابن أبي بكر ب	処理済みなので作業不要。ブロック先頭の項だけ作業すればよい。
AIND-D09612	DOLLAR3_STUB	処理済みの転送見出し（$$$）が同じブロックに同居	◎	###$123618740635$# $$$	لي ومني أشياء ورجع في رجب سنة تسع وثمانين . ###$123618740635$# $$$ محمد بن شرف الدين الششتري . أشير إليه قريبا	処理済みなので作業不要。ブロック先頭の項だけ作業すればよい。
AIND-D09612	DOLLAR3_STUB	処理済みの転送見出し（$$$）が同じブロックに同居	◎	###$238467172765$# $$$	مد بن شرف الدين الششتري . أشير إليه قريبا . ###$238467172765$# $$$ محمد بن مجد الدين المكراني المكي . في ابن إس	処理済みなので作業不要。ブロック先頭の項だけ作業すればよい。
AIND-D09612	DOLLAR3_STUB	処理済みの転送見出し（$$$）が同じブロックに同居	◎	###$571222280606$# $$$	يل بن إبرهيم وفي ابن عبد القادر بن إبرهيم . ###$571222280606$# $$$ محمد بن مظفر الدين . مضى في ابن محمد بن عبد	処理済みなので作業不要。ブロック先頭の項だけ作業すればよい。
AIND-D09612	DOLLAR3_STUB	処理済みの転送見出し（$$$）が同じブロックに同居	◎	###$649479604640$# $$$	ين . مضى في ابن محمد بن عبد الله بن محمد . ###$649479604640$# $$$ محمد بن ناصر الدين الجندي . هو ابن محمد بن ب	処理済みなので作業不要。ブロック先頭の項だけ作業すればよい。
AIND-D09624	DOLLAR3_STUB	処理済みの転送見出し（$$$）が同じブロックに同居	◎	###$747810867643$# $$$	يذكر بمشاركة ، ومات تقريبا سنة ست وثمانين . ###$747810867643$# $$$ محمد البدر النويري الحنفي . مضى في ابن محمد	処理済みなので作業不要。ブロック先頭の項だけ作業すればよい。
AIND-D09624	DOLLAR3_STUB	処理済みの転送見出し（$$$）が同じブロックに同居	◎	###$605493938622$# $$$	د بن محمد بن محمد بن عبد الرحيم بن إبرهيم . ###$605493938622$# $$$ محمد البهاء بن البرجي المحتسب . في ابن حسن ب	処理済みなので作業不要。ブロック先頭の項だけ作業すればよい。
AIND-D09624	DOLLAR3_STUB	処理済みの転送見出し（$$$）が同じブロックに同居	◎	###$201636989376$# $$$	حتسب . في ابن حسن بن عبد الله بل ابن محمد . ###$201636989376$# $$$ محمد البهاء المحلي الفرضي ابن الواعظ . في مح	処理済みなので作業不要。ブロック先頭の項だけ作業すればよい。
AIND-D09643	DOLLAR3_STUB	処理済みの転送見出し（$$$）が同じブロックに同居	◎	###$620874451414$# $$$	اشتغل في النحو والفقه ولكنه لم ينجب فيهما. ###$620874451414$# $$$ محمد الكمال أبو البركات السكندري المالكي ويع	処理済みなので作業不要。ブロック先頭の項だけ作業すればよい。
AIND-D09650	DOLLAR3_STUB	処理済みの転送見出し（$$$）が同じブロックに同居	◎	###$857655495147$# $$$	قريبا الشمس محمد بن المحب وأظنه هو فيحرر . ###$857655495147$# $$$ محمد الشمس بن النحاس الدمشقي الخواجا . مضى ف	処理済みなので作業不要。ブロック先頭の項だけ作業すればよい。
AIND-D09652	DOLLAR3_STUB	処理済みの転送見出し（$$$）が同じブロックに同居	◎	###$788353010161$# $$$	وآخرون ولم يعرف بمن تفقه هو ولا وقت وفاته . ###$788353010161$# $$$ محمد الشمس بن الهيصم أخو التاج عبد الرزاق وا	処理済みなので作業不要。ブロック先頭の項だけ作業すればよい。
AIND-D09653	DOLLAR3_STUB	処理済みの転送見出し（$$$）が同じブロックに同居	◎	###$694081833460$# $$$	السعود والمحلي ومات قبله بقليل وكان فاضلا . ###$694081833460$# $$$ محمد المحب بن الجليس الحنبلي . في ابن محمد ب	処理済みなので作業不要。ブロック先頭の項だけ作業すればよい。
AIND-D09655	DOLLAR3_STUB	処理済みの転送見出し（$$$）が同じブロックに同居	◎	###$458642967039$# $$$	ء بما التزمه ، مات في شوال سنة خمس وخمسين . ###$458642967039$# $$$ محمد ناصر الدين بن فخر الدين بن النيدي في اب	処理済みなので作業不要。ブロック先頭の項だけ作業すればよい。
AIND-D09656	DOLLAR3_STUB	処理済みの転送見出し（$$$）が同じブロックに同居	◎	###$620396300800$# $$$	خر سنة إحدى وعشرين . ذكره شيخنا في إنبائه . ###$620396300800$# $$$ محمد ناصر الدين بن التنسي ، كذا رأيت اسمه في	処理済みなので作業不要。ブロック先頭の項だけ作業すればよい。
AIND-D09656	DOLLAR3_STUB	処理済みの転送見出し（$$$）が同じブロックに同居	◎	###$335389149698$# $$$	وابه أحمد بن محمد بن محمد بن محمد وقد مضى . ###$335389149698$# $$$ محمد ناصر الدين بن تيمية في ابن محمد ابن عب	処理済みなので作業不要。ブロック先頭の項だけ作業すればよい。
AIND-D09657	DOLLAR3_STUB	処理済みの転送見出し（$$$）が同じブロックに同居	◎	###$185874795014$# $$$	قابة الجيش مدة طويلة ذكره شيخنا في إنبائه . ###$185874795014$# $$$ محمد ناصر الدين بن الطحان القاهري الشافعي أح	処理済みなので作業不要。ブロック先頭の項だけ作業すればよい。
AIND-D09659	DOLLAR3_STUB	処理済みの転送見出し（$$$）が同じブロックに同居	◎	###$755373197831$# $$$	شرف %~% أبو التقي المقصد الأسني لمن قصدا % ###$755373197831$# $$$ محمد بن بطالة أحد المعتقدين . مضى في ابن عبد	処理済みなので作業不要。ブロック先頭の項だけ作業すればよい。
AIND-D09671	DOLLAR3_STUB	処理済みの転送見出し（$$$）が同じブロックに同居	◎	###$467690080805$# $$$	يانا ، هو الذي ضرب رقبة ابن عبادة بطرابلس . ###$467690080805$# $$$ محمد بن نقيب القصر المعروف بابن شفتر وهو وال	処理済みなので作業不要。ブロック先頭の項だけ作業すればよい。
AIND-D09672	DOLLAR3_STUB	処理済みの転送見出し（$$$）が同じブロックに同居	◎	###$191465802280$# $$$	ث وستين أرخه لي بعض المغاربة الآخذين عنى . ###$191465802280$# $$$ محمد أصيل الدين الدمياطي . هو ابن محمد بن مح	処理済みなので作業不要。ブロック先頭の項だけ作業すればよい。
AIND-D09674	DOLLAR3_STUB	処理済みの転送見出し（$$$）が同じブロックに同居	◎	###$792123689517$# $$$	يزي عرف بالمغربي وساق سنده من جهة ابن عربي . ###$792123689517$# $$$ محمد الشرف الأصيلي صاحب سبع الكاملية هو محمد	処理済みなので作業不要。ブロック先頭の項だけ作業すればよい。
AIND-D09678	DOLLAR3_STUB	処理済みの転送見出し（$$$）が同じブロックに同居	◎	###$159572314684$# $$$	السلطان له في أوله وإيداعه المقشرة لجريمة . ###$159572314684$# $$$ محمد الشمس البصروي ثم الدمشقي الشافعي هو ابن	処理済みなので作業不要。ブロック先頭の項だけ作業すればよい。
AIND-D09678	DOLLAR3_STUB	処理済みの転送見出し（$$$）が同じブロックに同居	◎	###$318645488194$# $$$	ابن عبد الرحمن بن عمر بن عبد العزيز. مضى . ###$318645488194$# $$$ محمد الشمس البغدادي ثم القاهري الحنبلي . هو	処理済みなので作業不要。ブロック先頭の項だけ作業すればよい。
AIND-D09678	DOLLAR3_STUB	処理済みの転送見出し（$$$）が同じブロックに同居	◎	###$101724473922$# $$$	دي ثم القاهري الحنبلي . هو ابن علي بن عيسى. ###$101724473922$# $$$ محمد الشمس المعروف بالبلدي . مضى في ابن سالم	処理済みなので作業不要。ブロック先頭の項だけ作業すればよい。
AIND-D09680	DOLLAR3_STUB	処理済みの転送見出し（$$$）が同じブロックに同居	◎	###$890245237316$# $$$	انت إجازته لي غير مرة منها في شهور سنة ست . ###$890245237316$# $$$ محمد الشمس التبسي المغربي قاضي حماة ، مضى في	処理済みなので作業不要。ブロック先頭の項だけ作業すればよい。
AIND-D09680	DOLLAR3_STUB	処理済みの転送見出し（$$$）が同じブロックに同居	◎	###$307773852229$# $$$	لتبسي المغربي قاضي حماة ، مضى في ابن عيسى . ###$307773852229$# $$$ محمد الشمس التفهني الكحال ، اثنان ابن محمد ب	処理済みなので作業不要。ブロック先頭の項だけ作業すればよい。
AIND-D09683	DOLLAR3_STUB	処理済みの転送見出し（$$$）が同じブロックに同居	◎	###$168900446802$# $$$	ا نقد وغيره ووارثه بيت المال عفا الله عنه . ###$168900446802$# $$$ محمد الشمس الحجازي العطار المقرئ بالمسجد الح	処理済みなので作業不要。ブロック先頭の項だけ作業すればよい。
AIND-D09687	DOLLAR3_STUB	処理済みの転送見出し（$$$）が同じブロックに同居	◎	###$357585406551$# $$$	خانكى التاجر ويعرف بجحا هو ابن ابراهيم مضى. ###$357585406551$# $$$ محمد الشمس الخانكي موقع مكة . مضى في ابن محم	処理済みなので作業不要。ブロック先頭の項だけ作業すればよい。
AIND-D09688	DOLLAR3_STUB	処理済みの転送見出し（$$$）が同じブロックに同居	◎	###$483263531610$# $$$	ج قبيل موته ثم مات في شعبان سنة ست وسبعين . ###$483263531610$# $$$ محمد الشمس الذهبي في الشمس بن النحاس . ###$	処理済みなので作業不要。ブロック先頭の項だけ作業すればよい。
AIND-D09688	DOLLAR3_STUB	処理済みの転送見出し（$$$）が同じブロックに同居	◎	###$259216394847$# $$$	$$$ محمد الشمس الذهبي في الشمس بن النحاس . ###$259216394847$# $$$ محمد الشمس الريس في الجامع الطولوني . في ابن	処理済みなので作業不要。ブロック先頭の項だけ作業すればよい。
AIND-D09688	DOLLAR3_STUB	処理済みの転送見出し（$$$）が同じブロックに同居	◎	###$216967170657$# $$$	الجامع الطولوني . في ابن عبد الله بن أيوب . ###$216967170657$# $$$ محمد الشمس زاده شيخ الشيخونية كذا سماه المقر	処理済みなので作業不要。ブロック先頭の項だけ作業すればよい。
AIND-D09698	DOLLAR3_STUB	処理済みの転送見出し（$$$）が同じブロックに同居	◎	###$437432371828$# $$$	ماغه و عينيه من النزلة رحمه الله و عفا عنه. ###$437432371828$# $$$ محمد الشمس الكركي الحنفي . هو ابن عمر تقدم .	処理済みなので作業不要。ブロック先頭の項だけ作業すればよい。
AIND-D09700	DOLLAR3_STUB	処理済みの転送見出し（$$$）が同じブロックに同居	◎	###$105461598838$# $$$	مات في ربيع الأول سنة ستين . أرخه المنير . ###$105461598838$# $$$ محمد الشمس المكيسي . في ابن داود بن محمد بن	処理済みなので作業不要。ブロック先頭の項だけ作業すればよい。
AIND-D09704	DOLLAR3_STUB	処理済みの転送見出し（$$$）が同じブロックに同居	◎	###$622556367483$# $$$	قتل ، قاله التقي الكرماني وكتبته هنا حدسا . ###$622556367483$# $$$ محمد الصدر المليجي . هو محمد بن محمد بن محمد	処理済みなので作業不要。ブロック先頭の項だけ作業すればよい。
AIND-D09708	DOLLAR3_STUB	処理済みの転送見出し（$$$）が同じブロックに同居	◎	###$727061645951$# $$$	قال انه لم يكن في شيوخه أذكى منه رحمه الله. ###$727061645951$# $$$ محمد قوام الدين الرومي الحنفي . هو ابن محمد	処理済みなので作業不要。ブロック先頭の項だけ作業すればよい。
AIND-D09716	DOLLAR3_STUB	処理済みの転送見出し（$$$）が同じブロックに同居	◎	###$523927308947$# $$$	ركة وعاصبا ومع ذلك فضبط وكيل الدولة تركته . ###$523927308947$# $$$ محمد ناصر الدين التروجي المالكي . في ابن عبد	処理済みなので作業不要。ブロック先頭の項だけ作業すればよい。
AIND-D09718	DOLLAR3_STUB	処理済みの転送見出し（$$$）が同じブロックに同居	◎	###$491438230172$# $$$	وأظنه بلغ الخمسين . قاله شيخنا في إنبائه . ###$491438230172$# $$$ محمد ناصر الدين الملقب شفتر نقيب السقاة . في	処理済みなので作業不要。ブロック先頭の項だけ作業すればよい。
AIND-D09721	DOLLAR3_STUB	処理済みの転送見出し（$$$）が同じブロックに同居	◎	###$801015614110$# $$$	بعين ولم يخلف بعده مثله سامحه الله وإيانا . ###$801015614110$# $$$ محمد ناصر الدين النبراوي أحد نواب الحنفية .	処理済みなので作業不要。ブロック先頭の項だけ作業すればよい。
AIND-D09730	DOLLAR3_STUB	処理済みの転送見出し（$$$）が同じブロックに同居	◎	###$926857317041$# $$$	فضالة من القرافة الكبرى رحمه الله وإيانا . ###$926857317041$# $$$ محمد أبو الفتح بن حرمى . في الكنى . ###$992	処理済みなので作業不要。ブロック先頭の項だけ作業すればよい。
AIND-D09730	DOLLAR3_STUB	処理済みの転送見出し（$$$）が同じブロックに同居	◎	###$992439454389$# $$$	1$# $$$ محمد أبو الفتح بن حرمى . في الكنى . ###$992439454389$# $$$ محمد أبو الفضل بن عرب كاتب ديوان الأتابك أزب	処理済みなので作業不要。ブロック先頭の項だけ作業すればよい。
AIND-D09742	DOLLAR3_STUB	処理済みの転送見出し（$$$）が同じブロックに同居	◎	###$659764038354$# $$$	وكرم من حال واسعة ومال جم ، ذكره المقريزي. ###$659764038354$# $$$ محمد البياتي المغربي . مضى قريبا بزيادة كنيت	処理済みなので作業不要。ブロック先頭の項だけ作業すればよい。
AIND-D09742	DOLLAR3_STUB	処理済みの転送見出し（$$$）が同じブロックに同居	◎	###$509595372243$# $$$	ربي . مضى قريبا بزيادة كنيته أبي عبد الله . ###$509595372243$# $$$ محمد التبا ذكاني . في محمد بن محمد بن محمد ا	処理済みなので作業不要。ブロック先頭の項だけ作業すればよい。
AIND-D09746	DOLLAR3_STUB	処理済みの転送見出し（$$$）が同じブロックに同居	◎	###$810704456410$# $$$	أبا السعود واسم أبيه عثمان ، أرخه ابن فهد . ###$810704456410$# $$$ محمد الجبريني اثنان أحدهما ابن أحمد بن علوان	処理済みなので作業不要。ブロック先頭の項だけ作業すればよい。
AIND-D09753	DOLLAR3_STUB	処理済みの転送見出し（$$$）が同じブロックに同居	◎	###$623189707496$# $$$	ونائي الخانكي في سنة تسع عشرة فينظر من هو . ###$623189707496$# $$$ محمد الحنفي . في ابن حسن بن علي .	処理済みなので作業不要。ブロック先頭の項だけ作業すればよい。
AIND-D09759	DOLLAR3_STUB	処理済みの転送見出し（$$$）が同じブロックに同居	◎	###$640021449467$# $$$	ين وصلي عليه عند المحراب الكبير رحمه الله . ###$640021449467$# $$$ محمد الدمدمكي . في ابن الدمدمكي .	処理済みなので作業不要。ブロック先頭の項だけ作業すればよい。
AIND-D09761	DOLLAR3_STUB	処理済みの転送見出し（$$$）が同じブロックに同居	◎	###$732367440641$# $$$	ت بمكة في صفر سنة سبع وخمسين أرخه ابن فهد . ###$732367440641$# $$$ محمد الرباطي . يأتي في محمد القدسي .	処理済みなので作業不要。ブロック先頭の項だけ作業すればよい。
AIND-D09766	DOLLAR3_STUB	処理済みの転送見出し（$$$）が同じブロックに同居	◎	###$356973038351$# $$$	بعين أفاده لي بعض الآخذين عني من المغاربة . ###$356973038351$# $$$ محمد الزيات . يأتي في محمد المصري .	処理済みなので作業不要。ブロック先頭の項だけ作業すればよい。
AIND-D09770	DOLLAR3_STUB	処理済みの転送見出し（$$$）が同じブロックに同居	◎	###$809966258974$# $$$	نة ست وثمانين ودفن من الغد غير مأسوف عليه . ###$809966258974$# $$$ محمد السنقري الهمذاني هو ابن بهاء الدين مضى	処理済みなので作業不要。ブロック先頭の項だけ作業すればよい。
AIND-D09774	DOLLAR3_STUB	処理済みの転送見出し（$$$）が同じブロックに同居	◎	###$489945058099$# $$$	الواعظ مات في ربيع الأول سنة إحدى وخمسين . ###$489945058099$# $$$ محمد الشبراوي في ابن سليمان بن مسعود .	処理済みなので作業不要。ブロック先頭の項だけ作業すればよい。
AIND-D09779	DOLLAR3_STUB	処理済みの転送見出し（$$$）が同じブロックに同居	◎	###$215071345473$# $$$	اني جاور بمكة فقرأ عليه بالسبع عمر النجار . ###$215071345473$# $$$ محمد الصغير . في ابن علي بن قطلوبك .	処理済みなので作業不要。ブロック先頭の項だけ作業すればよい。
AIND-D09780	DOLLAR3_STUB	処理済みの転送見出し（$$$）が同じブロックに同居	◎	###$586300803911$# $$$	ت في المحرم سنة أربع وستين . أرخه ابن عزم . ###$586300803911$# $$$ محمد الضرير الأزهري . في ابن عيسى بن إبرهيم	処理済みなので作業不要。ブロック先頭の項だけ作業すればよい。
AIND-D09785	DOLLAR3_STUB	処理済みの転送見出し（$$$）が同じブロックに同居	◎	###$877335169872$# $$$	مدينة النبوية سنة اثنتين وعشرين رحمه الله . ###$877335169872$# $$$ محمد الفرنوي هو ابن علي .	処理済みなので作業不要。ブロック先頭の項だけ作業すればよい。
AIND-D09787	DOLLAR3_STUB	処理済みの転送見出し（$$$）が同じブロックに同居	◎	###$239448640341$# $$$	الأعيان من القضاة ونحوهم رحمه الله وإيانا . ###$239448640341$# $$$ محمد القباقبي الدمشقي الصالحي الحنبلي آخر .	処理済みなので作業不要。ブロック先頭の項だけ作業すればよい。
AIND-D09792	DOLLAR3_STUB	処理済みの転送見出し（$$$）が同じブロックに同居	◎	###$358801754972$# $$$	كة في شعبان سنة أربع وستين . أرخه ابن فهد . ###$358801754972$# $$$ محمد القنشي . هو ابن علي بن خلد بن علي بن مو	処理済みなので作業不要。ブロック先頭の項だけ作業すればよい。
AIND-D09792	DOLLAR3_STUB	処理済みの転送見出し（$$$）が同じブロックに同居	◎	###$692278283101$# $$$	القنشي . هو ابن علي بن خلد بن علي بن موسى . ###$692278283101$# $$$ محمد القواس الدمشقي أحد المعتقدين . مضى في ا	処理済みなので作業不要。ブロック先頭の項だけ作業すればよい。
AIND-D09794	DOLLAR3_STUB	処理済みの転送見出し（$$$）が同じブロックに同居	◎	###$961263192936$# $$$	ن وقد جاز الثمانين . ذكره شيخنا في إنبائه . ###$961263192936$# $$$ محمد الكمالي هو ابن عبد الله بن طغاي .	処理済みなので作業不要。ブロック先頭の項だけ作業すればよい。
AIND-D09797	DOLLAR3_STUB	処理済みの転送見出し（$$$）が同じブロックに同居	◎	###$961372244846$# $$$	سنة ثلاثين . أرخه ابن فهد وقد مضى في ابن . ###$961372244846$# $$$ محمد الماحوزي ، مضى في الملقبين شمس الدين .	処理済みなので作業不要。ブロック先頭の項だけ作業すればよい。
AIND-D09798	DOLLAR3_STUB	処理済みの転送見出し（$$$）が同じブロックに同居	◎	###$437684030325$# $$$	لماروسي بالرملة . مات في سنة ثلاث وثلاثين . ###$437684030325$# $$$ محمد المدني المالكي . هو ابن علي بن معبد بن	処理済みなので作業不要。ブロック先頭の項だけ作業すればよい。
AIND-D09804	DOLLAR3_STUB	処理済みの転送見出し（$$$）が同じブロックに同居	◎	###$224609192832$# $$$	نه وجد بمحل جلوسه نحو خمس وعشرين ألف درهم . ###$224609192832$# $$$ محمد المغربي اللبسي . هو ابن محمد بن يحيى بن	処理済みなので作業不要。ブロック先頭の項だけ作業すればよい。
AIND-D09808	PLUSMIN	語末に付く注記マーカー（語を分断しない）	◎	±±±	ملك الى فصل في ما ولا ولات وان المشبهات بليس±±±. في سنة ثمان وثلاثين وأذن له في الاقراء.	無視してよい。記号を取り除いた語がそのまま正しい読み。
AIND-D09821	DOLLAR3_STUB	処理済みの転送見出し（$$$）が同じブロックに同居	◎	###$753372515212$# $$$	رر دخوله لبيت المقدس وكان به في سنة تسعين . ###$753372515212$# $$$ محمود بن إبرهيم بن محمد بن محمود ابن عبد الح	処理済みなので作業不要。ブロック先頭の項だけ作業すればよい。
AIND-D09832	DOLLAR3_STUB	処理済みの転送見出し（$$$）が同じブロックに同居	◎	###$547134393262$# $$$	بلقيني حتى أعفي من النفي رحمه الله وإيانا . ###$547134393262$# $$$ محمود بن أحمد العيني الحنفي . اثنان تقدما أج	処理済みなので作業不要。ブロック先頭の項だけ作業すればよい。
AIND-D09841	DOLLAR3_STUB	処理済みの転送見出し（$$$）が同じブロックに同居	◎	###$953273043908$# $$$	انجبر بذلك . ذكره شيخنا في أبيه من إنبائه . ###$953273043908$# $$$ محمود بن شيرين في ابن يوسف بن مسعود .	処理済みなので作業不要。ブロック先頭の項だけ作業すればよい。
AIND-D09851	STAR_HEADWORD	未採番見出しの境界（1ブロックに複数見出しが同居）	△	★محمود★	س وخمسين ودفن بالمعلاة . أرخه ابن فهد . 563 ★محمود★ بن علی بن ابی بکر شیخ معمر يعرف بمحمود جند ع	作業しない。ブロック内の2件目以降は別項として採番が必要。
AIND-D09888	STAR_HEADWORD	未採番見出しの境界（1ブロックに複数見出しが同居）	△	★مختص الطواشي★	قاله شيخنا في إنبائه وابن خطيب الناصرية . ★مختص الطواشي★ ...	作業しない。ブロック内の2件目以降は別項として採番が必要。
AIND-D09888	ELLIPSIS	原文の欠落（lacuna）	○	...	إنبائه وابن خطيب الناصرية . ★مختص الطواشي★ ...	欠落部は情報なしとして扱い、該当要素を立てずに作業する。
AIND-D09904	DOLLAR3_STUB	処理済みの転送見出し（$$$）が同じブロックに同居	◎	###$889188273234$# $$$	ناك بعد كتابته عدة من تصانيفي ودامت غيبته . ###$889188273234$# $$$ مرشد بن عيسى . مضى في محمد .	処理済みなので作業不要。ブロック先頭の項だけ作業すればよい。
AIND-D09929	DOLLAR3_STUB	処理済みの転送見出し（$$$）が同じブロックに同居	◎	###$282868075659$# $$$	بمصر والشام ويقال أنه سم مولاه فالله أعلم . ###$282868075659$# $$$ مسعود رسول تمرلنك . في ابن محمد .	処理済みなので作業不要。ブロック先頭の項だけ作業すればよい。
AIND-D09930	DOLLAR3_STUB	処理済みの転送見出し（$$$）が同じブロックに同居	◎	###$987376929941$# $$$	فأخرجه عمه بسبب ذلك من مكة . قاله ابن فهد . ###$987376929941$# $$$ مسعود الطائي قاضي طرابلس . في ابن شعبان . مس	処理済みなので作業不要。ブロック先頭の項だけ作業すればよい。
AIND-D09939	DOLLAR3_STUB	処理済みの転送見出し（$$$）が同じブロックに同居	◎	###$436991970476$# $$$	سي وفي بقية وظائفه ابنه ، وله تصانيف منها . ###$436991970476$# $$$ مصطفى بن عبد الله القرماني . هو الذي قبله .	処理済みなので作業不要。ブロック先頭の項だけ作業すればよい。
AIND-D09948	DOLLAR3_STUB	処理済みの転送見出し（$$$）が同じブロックに同居	◎	###$924474952884$# $$$	مظفر الامشاطى . في محمود بن أحمد بن حسن . ###$924474952884$# $$$ مظفر الشيرازي . هو محمد بن عبد الله بن محمد	処理済みなので作業不要。ブロック先頭の項だけ作業すればよい。
AIND-D09957	DOLLAR3_STUB	処理済みの転送見出し（$$$）が同じブロックに同居	◎	###$322349059274$# $$$	مات في سنة ست عشره رحمه الله ذكره ابن فهد . ###$322349059274$# $$$ معين بن صفي الحسني الحسيني الإيجي . هو محمد	処理済みなので作業不要。ブロック先頭の項だけ作業すればよい。
AIND-D09994	DOLLAR3_STUB	処理済みの転送見出し（$$$）が同じブロックに同居	◎	###$764164459800$# $$$	جم بن النجم بن ظهيرة . سمع منى بمكة كثيرا . ###$764164459800$# $$$ مقبل صاحب الينبع . في ابن نخبار قريبا . ###	処理済みなので作業不要。ブロック先頭の項だけ作業すればよい。
AIND-D09994	DOLLAR3_STUB	処理済みの転送見出し（$$$）が同じブロックに同居	◎	###$365223234840$# $$$	$$$ مقبل صاحب الينبع . في ابن نخبار قريبا . ###$365223234840$# $$$ مقبل غلة السلطاني . تقدم في ابن عبد الله .	処理済みなので作業不要。ブロック先頭の項だけ作業すればよい。
AIND-D09996	ELLIPSIS	原文の欠落（lacuna）	○	...	703 مقدم بن هجان بن محمد بن مسعود أمير ينبع ...	欠落部は情報なしとして扱い、該当要素を立てずに作業する。
AIND-D10032	DOLLAR3_STUB	処理済みの転送見出し（$$$）が同じブロックに同居	◎	###$819457969501$# $$$	د . مات في حدود سنة عشر عن نحو ثمانين سنة . ###$819457969501$# $$$ مهنا بن طرنطاي . صوابه محمد بن طرنطاي ولكن ك	処理済みなので作業不要。ブロック先頭の項だけ作業すればよい。
AIND-D10038	ELLIPSIS	原文の欠落（lacuna）	○	...	صحيح مسلم ، وحدث لقيه ابن فهد وغيره . مات في ...	欠落部は情報なしとして扱い、該当要素を立てずに作業する。
AIND-D10039	ELLIPSIS	原文の欠落（lacuna）	○	...	ة اثنتين وأربعين فما بعدها على مال جزيل وكان ... مات ...	欠落部は情報なしとして扱い、該当要素を立てずに作業する。
AIND-D10039	ELLIPSIS	原文の欠落（lacuna）	○	...	وأربعين فما بعدها على مال جزيل وكان ... مات ...	欠落部は情報なしとして扱い、該当要素を立てずに作業する。
AIND-D10060	PLUSMIN	語末に付く注記マーカー（語を分断しない）	◎	±±±	قبيل التسعين ببعلبك ونشأ بها فسمع الصحيح بفوت±±± على ابن الزعبوب أنا الحجار ولقيته ببلده فقرأ	無視してよい。記号を取り除いた語がそのまま正しい読み。
AIND-D10060	STAR_HEADWORD	未採番見出しの境界（1ブロックに複数見出しが同居）	△	★موسى★	أوقاف بعد الشرف بن البقري وبئس البديل . 766 ★موسى★ بن الحسين بن محمد بن على بن محمد بن أبي الرج	作業しない。ブロック内の2件目以降は別項として採番が必要。
AIND-D10060	STAR_HEADWORD	未採番見出しの境界（1ブロックに複数見出しが同居）	△	★موسى★	سمع منه الفضلاء . ومات قريب الأربعين . 767 ★موسى★ بن خليل بن أحمد بن أبى بكر بن غزالة الشرف ال	作業しない。ブロック内の2件目以降は別項として採番が必要。
AIND-D10060	STAR_HEADWORD	未採番見出しの境界（1ブロックに複数見出しが同居）	△	★موسى★	كسب بالنقبين وغيره . ومات قريب الستين . 768 ★موسى★ بن رجب بن راشد بن ناصر الدين محمد الشرف الكن	作業しない。ブロック内の2件目以降は別項として採番が必要。
AIND-D10060	DOLLAR3_STUB	処理済みの転送見出し（$$$）が同じブロックに同居	◎	###$113363668393$# $$$	مات تقريبا سنة ثمانين رحمه الله وعفا عنه . ###$113363668393$# $$$ موسى بن الزين في ابن أحمد بن موسى بن أحمد .	処理済みなので作業不要。ブロック先頭の項だけ作業すればよい。
AIND-D10071	DOLLAR3_STUB	処理済みの転送見出し（$$$）が同じブロックに同居	◎	###$718555598276$# $$$	شتمر حمص أخضر في جوارهما رحمه الله وإيانا . ###$718555598276$# $$$ موسى بن عطية الشرف اللقاني . يأتي في ابن عمر	処理済みなので作業不要。ブロック先頭の項だけ作業すればよい。
AIND-D10085	DOLLAR3_STUB	処理済みの転送見出し（$$$）が同じブロックに同居	◎	###$484509240800$# $$$	موسى بن محمد بن علي الأزهري . ممن سمع مني . ###$484509240800$# $$$ موسى بن محمد بن علي المناوي . في ابن علي بن	処理済みなので作業不要。ブロック先頭の項だけ作業すればよい。
AIND-D10090	DOLLAR3_STUB	処理済みの転送見出し（$$$）が同じブロックに同居	◎	###$580848209380$# $$$	عمرو. رأيته فيمن عرض عليه سنة خمس وتسعين . ###$580848209380$# $$$ موسى بن محمد بن محمد الغيريني المالكي . ممن	処理済みなので作業不要。ブロック先頭の項だけ作業すればよい。
AIND-D10092	STAR_HEADWORD	未採番見出しの境界（1ブロックに複数見出しが同居）	△	★موسى★	رماني بهجر كتب ابن عربي . قاله الأهدل . 801 ★موسى★ بن زين العابدين محمد بن موسى بن محمد بن علي	作業しない。ブロック内の2件目以降は別項として採番が必要。
AIND-D10092	STAR_HEADWORD	未採番見出しの境界（1ブロックに複数見出しが同居）	△	★موسى★	وهما صغيران عوضهما الله وايانا الجنة . 802 ★موسى★ بن محمد بن موسى السهمى الامير صاحب حلي ابن	作業しない。ブロック内の2件目以降は別項として採番が必要。
AIND-D10100	DOLLAR3_STUB	処理済みの転送見出し（$$$）が同じブロックに同居	◎	###$115490180613$# $$$	لكونه عوق . وخلف أولادا رحم الله المسلمين . ###$115490180613$# $$$ موسى الشرف بن البرهان . في ابن إبرهيم . ###	処理済みなので作業不要。ブロック先頭の項だけ作業すればよい。
AIND-D10100	DOLLAR3_STUB	処理済みの転送見出し（$$$）が同じブロックに同居	◎	###$949280067078$# $$$	$$$ موسى الشرف بن البرهان . في ابن إبرهيم . ###$949280067078$# $$$ موسى الشرف الأنصاري اثنان مضيا ابن محمد بن م	処理済みなので作業不要。ブロック先頭の項だけ作業すればよい。
AIND-D10101	DOLLAR3_STUB	処理済みの転送見出し（$$$）が同じブロックに同居	◎	###$730790383112$# $$$	لديه عبد المحسن بن عبد الصمد المنطق وغيره . ###$730790383112$# $$$ موسى السبكي . في ابن أحمد بن موسى بن عبد الل	処理済みなので作業不要。ブロック先頭の項だけ作業すればよい。
AIND-D10109	DOLLAR3_STUB	処理済みの転送見出し（$$$）が同じブロックに同居	◎	###$288538775064$# $$$	المحرم سنة سبع وخمسين بمكة . أرخه ابن فهد . ###$288538775064$# $$$ مولى شيخ . في محمد بن محمد بن محمود . ###$2	処理済みなので作業不要。ブロック先頭の項だけ作業すればよい。
AIND-D10109	DOLLAR3_STUB	処理済みの転送見出し（$$$）が同じブロックに同居	◎	###$219940933147$# $$$	# $$$ مولى شيخ . في محمد بن محمد بن محمود . ###$219940933147$# $$$ مؤمن العنتابي . هو عبد المؤمن .	処理済みなので作業不要。ブロック先頭の項だけ作業すればよい。
AIND-D10111	DOLLAR3_STUB	処理済みの転送見出し（$$$）が同じブロックに同居	◎	###$577832504865$# $$$	أرخه ابن عزم وفي موضع سنة ست وسبعين فغلط . ###$577832504865$# $$$ ميان مضى في إميان من الهمزة .	処理済みなので作業不要。ブロック先頭の項だけ作業すればよい。
AIND-D10112	STAR_HEADWORD	未採番見出しの境界（1ブロックに複数見出しが同居）	△	★ميلب★	1924$# $$$ ميرك القاسمي . مضى في جيرك . 823 ★ميلب★ بن علي بن مبارك بن رميئة بن أبي نمي الحسني .	作業しない。ブロック内の2件目以降は別項として採番が必要。
AIND-D10112	STAR_HEADWORD	未採番見出しの境界（1ブロックに複数見出しが同居）	△	★ميلب★	نة ابنة عجلان بن رميثة . أرخه ابن فهد . 824 ★ميلب★ بن محمد بن أبي سويد بن أبي دعيج بن أبي نمي ا	作業しない。ブロック内の2件目以降は別項として採番が必要。
AIND-D10112	STAR_HEADWORD	未採番見出しの境界（1ブロックに複数見出しが同居）	△	★ميلب★	وعشرين ذكره الفاسي في ذيل سير النبلاء . 825 ★ميلب★ السيد المجاشي . مات في ثامن ذي الحجة سنة تسع	作業しない。ブロック内の2件目以降は別項として採番が必要。
AIND-D10112	STAR_HEADWORD	未採番見出しの境界（1ブロックに複数見出しが同居）	△	★ميمون★	ي الحجة سنة تسع وخمسين . أرخه ابن فهد . 826 ★ميمون★ بن أحمد بن محرز الجزيري . مات في سنة ثمان عش	作業しない。ブロック内の2件目以降は別項として採番が必要。
AIND-D10112	STAR_HEADWORD	未採番見出しの境界（1ブロックに複数見出しが同居）	△	★ميمون★	ن محرز الجزيري . مات في سنة ثمان عشرة . 827 ★ميمون★ غلام الفخار . أقام في الرق حتى مات جوعا سنة	作業しない。ブロック内の2件目以降は別項として採番が必要。
AIND-D10112	DOLLAR3_STUB	処理済みの転送見出し（$$$）が同じブロックに同居	◎	###$346470501924$# $$$	خر ملكي يقال له إبرهيم عرف به ثم أسلم بعد . ###$346470501924$# $$$ ميرك القاسمي . مضى في جيرك . 823 ★ميلب★ بن	処理済みなので作業不要。ブロック先頭の項だけ作業すればよい。
AIND-D10115	STAR_HEADWORD	未採番見出しの境界（1ブロックに複数見出しが同居）	△	★ناصر★	هذا فتملك الحصن كما أسلفته في الهمزة . 831 ★ناصر★ بن خليل بن مسعود الغرس الميقاتي أحد صوفية ال	作業しない。ブロック内の2件目以降は別項として採番が必要。
AIND-D10115	STAR_HEADWORD	未採番見出しの境界（1ブロックに複数見出しが同居）	△	★ناصر★	وسبعين وسبعمائة تقريبا . جرده البقاعي . 832 ★ناصر★ بن عبد العزيز بن حسن البصري الشهير بالطماع .	作業しない。ブロック内の2件目以降は別項として採番が必要。
AIND-D10115	STAR_HEADWORD	未採番見出しの境界（1ブロックに複数見出しが同居）	△	★ناصر★	م سنة ثمان وخمسين بمكة . أرخه ابن فهد . 833 ★ناصر★ بن عبد الله الصوفي من صوفية سعيد السعداء . ق	作業しない。ブロック内の2件目以降は別項として採番が必要。
AIND-D10115	STAR_HEADWORD	未採番見出しの境界（1ブロックに複数見出しが同居）	△	★ناصر★	حرر إن كان غير ابن محمد البسامي الآتي . 834 ★ناصر★ بن علي بن محمد بن أحمد الانصاري الحصني ويعرف	作業しない。ブロック内の2件目以降は別項として採番が必要。
AIND-D10119	DOLLAR3_STUB	処理済みの転送見出し（$$$）が同じブロックに同居	◎	###$355916074545$# $$$	ي الطاعون في جمادى الثانية سنة سبع وتسعين . ###$355916074545$# $$$ ناصر البسكري . مات في المحرم سنة تسع وسبعين	処理済みなので作業不要。ブロック先頭の項だけ作業すればよい。
AIND-D10132	STAR_HEADWORD	未採番見出しの境界（1ブロックに複数見出しが同居）	△	★نصر الله★	اشرين . مات في منتصف ربيع الآخر سنة خمسين . ★نصر الله★ بن عبد الله بن محمد بن إسماعيل الروياني . سب	作業しない。ブロック内の2件目以降は別項として採番が必要。
AIND-D10143	DOLLAR3_STUB	処理済みの転送見出し（$$$）が同じブロックに同居	◎	###$429983288932$# $$$	غ في الثناء عليه والتوجع لصنيع البقاعي به . ###$429983288932$# $$$ نعمة الله السيد الإيجي ثم الكرماني أحد أصحاب	処理済みなので作業不要。ブロック先頭の項だけ作業すればよい。
AIND-D10156	DOLLAR3_STUB	処理済みの転送見出し（$$$）が同じブロックに同居	◎	###$381174173306$# $$$	أخصامه ورجع خائبا وما نهض الخيضري لتأييده . ###$381174173306$# $$$ نور في أحمد بن عز الدين بن نور الدين .	処理済みなので作業不要。ブロック先頭の項だけ作業すればよい。
AIND-D10169	ELLIPSIS	原文の欠落（lacuna）	○	...	هاني الموقع . مات ...	欠落部は情報なしとして扱い、該当要素を立てずに作業する。
AIND-D10173	DOLLAR3_STUB	処理済みの転送見出し（$$$）が同じブロックに同居	◎	###$580751740580$# $$$	جمادى الثانية سنة ثمان وستين أرخه ابن فهد . ###$580751740580$# $$$ هبيهب هو محمد بن محمد بن أحمد .	処理済みなので作業不要。ブロック先頭の項だけ作業すればよい。
AIND-D10176	STAR_HEADWORD	未採番見出しの境界（1ブロックに複数見出しが同居）	△	★هلال★	مذكورين في محلهما ، وهذا أصغر الثلاثة . 895 ★هلال★ الزين الرومى الظاهرى برقوق الطواشى . صار في	作業しない。ブロック内の2件目以降は別項として採番が必要。
AIND-D10176	STAR_HEADWORD	未採番見出しの境界（1ブロックに複数見出しが同居）	△	★هلال★	ولى سنة اربع وستين وهو في عشر المائة . 896 ★هلال★ شخص مغربي له فضيلة ومشاركة . قدم القاهرة قر	作業しない。ブロック内の2件目以降は別項として採番が必要。
AIND-D10178	DOLLAR3_STUB	処理済みの転送見出し（$$$）が同じブロックに同居	◎	###$275003756207$# $$$	ث أن هلمان هو الساعي له في ولايته الأخيرة . ###$275003756207$# $$$ همام بضم الهاء والتخفيف بن أحمد الخوارزمي ال	処理済みなので作業不要。ブロック先頭の項だけ作業すればよい。
AIND-D10193	STAR_HEADWORD	未採番見出しの境界（1ブロックに複数見出しが同居）	△	★الوليد★	ء الكهولة في ربيع الآخر سنة ست وخمسين . 914 ★الوليد★ بن محمد بن محمد بن محمد بن محمود بن الشحنة ا	作業しない。ブロック内の2件目以降は別項として採番が必要。
AIND-D10193	STAR_HEADWORD	未採番見出しの境界（1ブロックに複数見出しが同居）	△	★وميان★	م ونثر . مات شابا في حياة أبيه عقب الفتنة . ★وميان★ مضى في أميان .	作業しない。ブロック内の2件目以降は別項として採番が必要。
AIND-D10194	DOLLAR3_STUB	処理済みの転送見出し（$$$）が同じブロックに同居	◎	###$393497038551$# $$$	. قاله شيخنا في حوادثها . | حرف اللام ألف ###$393497038551$# $$$ لاجين الجركسي . مضى في أول حرف اللام .	処理済みなので作業不要。ブロック先頭の項だけ作業すればよい。
AIND-D10195	ELLIPSIS	原文の欠落（lacuna）	○	...	لاحق الزبيدي المكي ... ###$118736572120$# $$$ لاشين وربما يقال له	欠落部は情報なしとして扱い、該当要素を立てずに作業する。
AIND-D10195	DOLLAR3_STUB	処理済みの転送見出し（$$$）が同じブロックに同居	◎	###$118736572120$# $$$	لاحق الزبيدي المكي ... ###$118736572120$# $$$ لاشين وربما يقال له لاجين . | حرف الياء الأ	処理済みなので作業不要。ブロック先頭の項だけ作業すればよい。
AIND-D10205	DOLLAR3_STUB	処理済みの転送見出し（$$$）が同じブロックに同居	◎	###$889498652413$# $$$	هيرة . مات بمكة في ذي الحجة سنة سبع وتسعين . ###$889498652413$# $$$ ياقوت الحبشي الفخر مقدم المماليك . مات سنة ث	処理済みなので作業不要。ブロック先頭の項だけ作業すればよい。
AIND-D10224	STAR_HEADWORD	未採番見出しの境界（1ブロックに複数見出しが同居）	△	★يحيى★	ا يقصر الوصف إن إيراده إلى آخر ترجمته . 945 ★يحيى★ بن أحمد بن قاسم بن علي بن حسين بن قاسم الذو	作業しない。ブロック内の2件目以降は別項として採番が必要。
AIND-D10228	ELLIPSIS	原文の欠落（lacuna）	○	...	يحيى بن أحمد بن محمد النفزي السراج ...	欠落部は情報なしとして扱い、該当要素を立てずに作業する。
AIND-D10229	PLUSMIN	語末に付く注記マーカー（語を分断しない）	◎	±±±	ات بمكة عن بضع وخمسين وهو هذا فيحرر مقدار سنه±±± .	無視してよい。記号を取り除いた語がそのまま正しい読み。
AIND-D10240	PLUSMIN	語末に付く注記マーカー（語を分断しない）	◎	±±±	على التقي بن فهد وكان يفتخر بذلك . ومات بحرض±±± في إحدى الجماديين سنة ثلاث وتسعين عن سبع وسب	無視してよい。記号を取り除いた語がそのまま正しい読み。
AIND-D10248	DOLLAR3_STUB	処理済みの転送見出し（$$$）が同じブロックに同居	◎	###$732874952547$# $$$	دي الدمشقي . جرده البقاعي وقال إنه لم يجز . ###$732874952547$# $$$ يحيى بن سيف بن محمد بن عيسى نظام الدين بن سي	処理済みなので作業不要。ブロック先頭の項だけ作業すればよい。
AIND-D10249	PLUSMIN	語末に付く注記マーカー（語を分断しない）	◎	±±±	خاطرهم مما أعرض قضاة الوقت فضلا عن غيرهم عنه±±± غالبا ويكتب لهم الكتابة الحسنة وربما كتب على	無視してよい。記号を取り除いた語がそのまま正しい読み。
AIND-D10249	PLUSMIN	語末に付く注記マーカー（語を分断しない）	◎	±±±	ى فقده ورثي بعدة مراث ولم يخلف بعده في مجموعه±±± مثله رحمه الله وإيانا وعفا عنه .	無視してよい。記号を取り除いた語がそのまま正しい読み。
AIND-D10254	STAR_HEADWORD	未採番見出しの境界（1ブロックに複数見出しが同居）	△	★يحيى★	974 ★يحيى★ بن عبد الله نحوي تونس ...	作業しない。ブロック内の2件目以降は別項として採番が必要。
AIND-D10254	ELLIPSIS	原文の欠落（lacuna）	○	...	974 ★يحيى★ بن عبد الله نحوي تونس ...	欠落部は情報なしとして扱い、該当要素を立てずに作業する。
AIND-D10274	STAR_HEADWORD	未採番見出しの境界（1ブロックに複数見出しが同居）	△	★كن والدي يرعى الحصيد مع الدواب★	%~% أنا الفقيه واسمي عميد من الصعيد %~% %~% ★كن والدي يرعى الحصيد مع الدواب★ %~% وكذا سمعت من نظمه أشياء ومن ذلك قصيدة ق	作業しない。ブロック内の2件目以降は別項として採番が必要。
AIND-D10280	PLUSMIN	語末に付く注記マーカー（語を分断しない）	◎	±±±	1000 يحيى بن علي الشرف القمنوني±±± الحنفي نزيل الأشرفية ويعرف بفقيه الناظر . ول	無視してよい。記号を取り除いた語がそのまま正しい読み。
AIND-D10287	DOLLAR3_STUB	処理済みの転送見出し（$$$）が同じブロックに同居	◎	###$814735183805$# $$$	تل في سنة أربع عشرة. أرخه شيخنا في إنبائه . ###$814735183805$# $$$ يحيى بن أبي الفضائل . في ابن محمد بن محمد بن	処理済みなので作業不要。ブロック先頭の項だけ作業すればよい。
AIND-D10288	PLUSMIN	語末に付く注記マーカー（語を分断しない）	◎	±±±	ذه الأوصاف الحميدة والمناقب العديدة إلى ضخامة±±± وعلو مكانة وأوامر مطاعة ، واشتهر ذكره وبعد ص	無視してよい。記号を取り除いた語がそのまま正しい読み。
AIND-D10297	STAR_HEADWORD	未採番見出しの境界（1ブロックに複数見出しが同居）	△	★المفلحون★	ه أشياء ولبعضه على الشهاب أحمد الطلياوي وإلى ★المفلحون★ على ابن الحصري وقرأ عليه مسند الشافعي وعلى ا	作業しない。ブロック内の2件目以降は別項として採番が必要。
AIND-D10297	STAR_HEADWORD	未採番見出しの境界（1ブロックに複数見出しが同居）	△	★المفلحون★	وغيرهما كالشهاب الشوائطي وتلا عليه للسبع إلى ★المفلحون★ وبالمدينة عن ابن فرحون ، وحصل الكتب النفيسة	作業しない。ブロック内の2件目以降は別項として採番が必要。
AIND-D10319	STAR_HEADWORD	未採番見出しの境界（1ブロックに複数見出しが同居）	△	★يحيى★	مكة أشياء في سنة ست وثمانين وهو إنسان خير . ★يحيى★ بن محمد بن يحيى الجمال الاصبحي التلمساني ال	作業しない。ブロック内の2件目以降は別項として採番が必要。
AIND-D10329	ELLIPSIS	原文の欠落（lacuna）	○	...	يى بن موسى بن علي الدواري قاضي الزيدية بصعدة ...	欠落部は情報なしとして扱い、該当要素を立てずに作業する。
AIND-D10332	PLUSMIN	語末に付く注記マーカー（語を分断しない）	◎	±±±	واحية وناب في الشامية البرانية وأعاد بالشامية±±± الكبرى، وناظر الفحول وزاحم العلماء فاشتهر أم	無視してよい。記号を取り除いた語がそのまま正しい読み。
AIND-D10343	DOLLAR3_STUB	処理済みの転送見出し（$$$）が同じブロックに同居	◎	###$205395087413$# $$$	قال واستقر بعده الشرف يعقوب المغربي أيضا . ###$205395087413$# $$$ يحيى الدمشقي الأصل المكي مولدا ومنشأ ابن قيم	処理済みなので作業不要。ブロック先頭の項だけ作業すればよい。
AIND-D10344	DOLLAR3_STUB	処理済みの転送見出し（$$$）が同じブロックに同居	◎	###$101288267838$# $$$	اشتهر . ومات سنة عشرين . ذكره شيخنا أيضا . ###$101288267838$# $$$ يحيى التلمساني . في ابن محمد بن يحيى .	処理済みなので作業不要。ブロック先頭の項だけ作業すればよい。
AIND-D10345	DOLLAR3_STUB	処理済みの転送見出し（$$$）が同じブロックに同居	◎	###$640210194496$# $$$	لحجة سنة اثنتين وستين بمكة . أرخه ابن فهد . ###$640210194496$# $$$ يحيى قاصد الحبشة . في ابن أحمد بن شاذ بك .	処理済みなので作業不要。ブロック先頭の項だけ作業すればよい。
AIND-D10350	ELLIPSIS	原文の欠落（lacuna）	○	...	يخلف الوقاد ...	欠落部は情報なしとして扱い、該当要素を立てずに作業する。
AIND-D10359	STAR_HEADWORD	未採番見出しの境界（1ブロックに複数見出しが同居）	△	★إلى★	على الغائب ثم يرجع عليه كالديون اللازمة إلى ★إلى★ أن أصلحت عامة الشوارع والطرقات ووسعت وهدم لذ	作業しない。ブロック内の2件目以降は別項として採番が必要。
AIND-D10359	DOLLAR3_STUB	処理済みの転送見出し（$$$）が同じブロックに同居	◎	###$888932421723$# $$$	رف وأفعاله شاهدة لذلك عفا الله عنه وإيانا . ###$888932421723$# $$$ يشبك الأشقر . يأتي قريبا . ###$262517313629$	処理済みなので作業不要。ブロック先頭の項だけ作業すればよい。
AIND-D10359	DOLLAR3_STUB	処理済みの転送見出し（$$$）が同じブロックに同居	◎	###$262517313629$# $$$	88932421723$# $$$ يشبك الأشقر . يأتي قريبا . ###$262517313629$# $$$ يشبك الأعرج . وهو يشبك الساقي . ###$3113767	処理済みなので作業不要。ブロック先頭の項だけ作業すればよい。
AIND-D10359	DOLLAR3_STUB	処理済みの転送見出し（$$$）が同じブロックに同居	◎	###$311376760932$# $$$	13629$# $$$ يشبك الأعرج . وهو يشبك الساقي . ###$311376760932$# $$$ يشبك الأفقم . هو الموساوي .	処理済みなので作業不要。ブロック先頭の項だけ作業すればよい。
AIND-D10368	DOLLAR3_STUB	処理済みの転送見出し（$$$）が同じブロックに同居	◎	###$364904468600$# $$$	تهتكا بحيث قيل أنه مات وهو ثمل سامحه الله . ###$364904468600$# $$$ يشبك جن . مضى قريبا .	処理済みなので作業不要。ブロック先頭の項だけ作業すればよい。
AIND-D10369	DOLLAR3_STUB	処理済みの転送見出し（$$$）が同じブロックに同居	◎	###$977356738680$# $$$	خمس وخمسين ، وكان دينا خيرا مشكور السيرة . ###$977356738680$# $$$ يشبك الدوادار الناصري أتابك العساكر . هو يشب	処理済みなので作業不要。ブロック先頭の項だけ作業すればよい。
AIND-D10372	DOLLAR3_STUB	処理済みの転送見出し（$$$）が同じブロックに同居	◎	###$176794128510$# $$$	الناصرية فاستدرك ابن قاضي شهبة اسمه خاصة . ###$176794128510$# $$$ يشبك الصغير . هو يشبك من مهدي .	処理済みなので作業不要。ブロック先頭の項だけ作業すればよい。
AIND-D10377	DOLLAR3_STUB	処理済みの転送見出し（$$$）が同じブロックに同居	◎	###$513772900488$# $$$	ية في الشح نشف جلده على عظمه عفا الله عنه . ###$513772900488$# $$$ يشبك المشد . هو السودوني .	処理済みなので作業不要。ブロック先頭の項だけ作業すればよい。
AIND-D10379	PLUSMIN	語末に付く注記マーカー（語を分断しない）	◎	±±±	ضه طويلا وقد ناهز السبعين ويقال أنه كان مسرفا±±± على نفسه عفا الله عنه . 1100 ★يشبك★ النوروز	無視してよい。記号を取り除いた語がそのまま正しい読み。
AIND-D10379	STAR_HEADWORD	未採番見出しの境界（1ブロックに複数見出しが同居）	△	★يشبك★	سنة أربع عشرة ، ذكره شيخنا في إنبائه . 1098 ★يشبك★ المؤيدى احمد بن إينال . كان خاز نداره ثم تأم	作業しない。ブロック内の2件目以降は別項として採番が必要。
AIND-D10379	STAR_HEADWORD	未採番見出しの境界（1ブロックに複数見出しが同居）	△	★يشبك★	ة الخميس منتصف شعبان سنة ثلاث وسبعين . 1099 ★يشبك★ الناصري فرج . خدم الأمراء بعد أستاذه مدة ثم	作業しない。ブロック内の2件目以降は別項として採番が必要。
AIND-D10379	STAR_HEADWORD	未採番見出しの境界（1ブロックに複数見出しが同居）	△	★يشبك★	ه كان مسرفا±±± على نفسه عفا الله عنه . 1100 ★يشبك★ النوروزي الحافظي . تنقل بعد أستاذه حتى صار م	作業しない。ブロック内の2件目以降は別項として採番が必要。
AIND-D10379	DOLLAR3_STUB	処理済みの転送見出し（$$$）が同じブロックに同居	◎	###$874990555280$# $$$	فمات به بعد مدة في المحرم سنة ثلاث وستين . ###$874990555280$# $$$ يشبك اليوسفي . هو المشد .	処理済みなので作業不要。ブロック先頭の項だけ作業すればよい。
AIND-D10383	IDEOSPACE	全角スペース（変換ノイズ）	◎	　	م التبريزي ثم القاهري المهمندار . ولد سنة عشر وثمانمائة تقريبا بأرزنجان وتحول منها مع عمته	半角スペースとして扱う。
AIND-D10390	DOLLAR3_STUB	処理済みの転送見出し（$$$）が同じブロックに同居	◎	###$171907764392$# $$$	ة إحدى وأربعين بالوصية بالنصارى وكنائسهم . ###$171907764392$# $$$ يعقوب بن رسول التباني . مضى قريبا .	処理済みなので作業不要。ブロック先頭の項だけ作業すればよい。
AIND-D10394	STAR_HEADWORD	未採番見出しの境界（1ブロックに複数見出しが同居）	△	★يعقوب★	★يعقوب★ بن عبد الرحمن بن يعقوب . هكذا كتبته مجردا في	作業しない。ブロック内の2件目以降は別項として採番が必要。
AIND-D10398	ELLIPSIS	原文の欠落（lacuna）	○	...	وب بن علي بن يعقوب بن يوسف بن الحسن الصنهاجي ...	欠落部は情報なしとして扱い、該当要素を立てずに作業する。
AIND-D10400	DOLLAR3_STUB	処理済みの転送見出し（$$$）が同じブロックに同居	◎	###$857722605755$# $$$	ه . ومات في جمادى الآخرة سنة ثلاث وثلاثين . ###$857722605755$# $$$ يعقوب بن فقيه بن أحمد الشرف بن التباني . مضى	処理済みなので作業不要。ブロック先頭の項だけ作業すればよい。
AIND-D10408	PLUSMIN	語末に付く注記マーカー（語を分断しない）	◎	±±±	1127 يعمر بن بهادر الذكرى±±± من أمراء التركمان . مات هو وولده بالطاعون أو	無視してよい。記号を取り除いた語がそのまま正しい読み。
AIND-D10411	ELLIPSIS	原文の欠落（lacuna）	○	...	يكن بن ...	欠落部は情報なしとして扱い、該当要素を立てずに作業する。
AIND-D10418	DOLLAR3_STUB	処理済みの転送見出し（$$$）が同じブロックに同居	◎	###$891037962480$# $$$	أربعين ، وكان عارفا بفنون الرمح لا بأس به . ###$891037962480$# $$$ يلبغا المجنون . يأتي قريبا .	処理済みなので作業不要。ブロック先頭の項だけ作業すればよい。
AIND-D10424	ELLIPSIS	原文の欠落（lacuna）	○	...	يهود بن ... اليهودي التازي .	欠落部は情報なしとして扱い、該当要素を立てずに作業する。
AIND-D10433	STAR_HEADWORD	未採番見出しの境界（1ブロックに複数見出しが同居）	△	★يوسف★	ش التربة المذكورة عند أبيه رحمه الله . 1151 ★يوسف★ بن أحمد بن أبي بكر القدسي الشافعي ويعرف بابن	作業しない。ブロック内の2件目以降は別項として採番が必要。
AIND-D10434	ELLIPSIS	原文の欠落（lacuna）	○	...	اب الأذرعي الأصل القاهري أحد الأخوة وأمه حرة ... ممن سمع في البخاري بالظاهرية .	欠落部は情報なしとして扱い、該当要素を立てずに作業する。
AIND-D10448	PLUSMIN	語末に付く注記マーカー（語を分断しない）	◎	±±±	% بشرح البخاري علمك %~% صار محيط كما الماجاري±±±%~% %~% وأطراف المسانيد أعطيت %~% العشرة صار	無視してよい。記号を取り除いた語がそのまま正しい読み。
AIND-D10455	DOLLAR3_STUB	処理済みの転送見出し（$$$）が同じブロックに同居	◎	###$942745342280$# $$$	على خير كبير وتجرع فاقة ويحج منها كل سنة . ###$942745342280$# $$$ يوسف بن بدر الكومي . هو محمد بن أحمد بن يوسف	処理済みなので作業不要。ブロック先頭の項だけ作業すればよい。
AIND-D10460	PLUSMIN	語末に付く注記マーカー（語を分断しない）	◎	±±±	لى آل حجر يسكنون الجنوب الآخر على بلاد الحرية±±± وأرضهم قابس . أو لحنه الواضح وما أشبهه كأزوج	無視してよい。記号を取り除いた語がそのまま正しい読み。
AIND-D10469	STAR_HEADWORD	未採番見出しの境界（1ブロックに複数見出しが同居）	△	★يوسف★	شوال سنة أربع . ذكره شيخنا في إنبائه . 1188 ★يوسف★ بن خلد بن أيوب الجمال الحسفاوي الحلبي الشافع	作業しない。ブロック内の2件目以降は別項として採番が必要。
AIND-D10470	PLUSMIN	語末に付く注記マーカー（語を分断しない）	◎	±±±	ازهر ودفن بالقرافة الكبرى بجانب قبر أخيه شرفى±±± أبي العباس الحرار رحمه الله وإيانا . وقد ذكر	無視してよい。記号を取り除いた語がそのまま正しい読み。
AIND-D10470	STAR_HEADWORD	未採番見出しの境界（1ブロックに複数見出しが同居）	△	★يوسف★	رفع الأصر , والمقريزي في عقوده وأثنى عليه . ★يوسف★ بن أبي راجح الشيبي فيمن اسم أبيه محمد بن علي	作業しない。ブロック内の2件目以降は別項として採番が必要。
AIND-D10470	STAR_HEADWORD	未採番見出しの境界（1ブロックに複数見出しが同居）	△	★يوسف★	اجح الشيبي فيمن اسم أبيه محمد بن علي . 1190 ★يوسف★ بن رسلان بن محمد دغش بدال مهملة ثم معجمتين ك	作業しない。ブロック内の2件目以降は別項として採番が必要。
AIND-D10470	STAR_HEADWORD	未採番見出しの境界（1ブロックに複数見出しが同居）	△	★يوسف★	أنشأها لنفسه فيها سامحه الله وإيانا . 1191 ★يوسف★ بن سويلمة جمال الدين الفقيه مؤدب الابناء . م	作業しない。ブロック内の2件目以降は別項として採番が必要。
AIND-D10470	DOLLAR3_STUB	処理済みの転送見出し（$$$）が同じブロックに同居	◎	###$493912871269$# $$$	ين بمدينة سنهور وقد عمر . أرخه ابن المنير . ###$493912871269$# $$$ يوسف بن سيف المعري . في ابن أبي بكر بن عمر ب	処理済みなので作業不要。ブロック先頭の項だけ作業すればよい。
AIND-D10475	IDEOSPACE	全角スペース（変換ノイズ）	◎	　	%~% كل يوم إلى ورا %~% بدل البول بالخرى %~% فزمانا تهودا %~% وزمانا تنصرا %~% %~% وسيصبو	半角スペースとして扱う。
AIND-D10485	PLUSMIN	語末に付く注記マーカー（語を分断しない）	◎	±±±	ب الشهاب بن سراج : %~% ولرب قاض أحمر من كعبة±±± %~% ما كان قط له يد بيضاء %~% %~% لعبت به ال	無視してよい。記号を取り除いた語がそのまま正しい読み。
AIND-D10498	STAR_HEADWORD	未採番見出しの境界（1ブロックに複数見出しが同居）	△	★يوسف★	ن بن شكر المتبولي . ممن سمع مني بمكة . 1220 ★يوسف★ بن الشيخ على بن سالم الغزى خطيب جامع سنجر ال	作業しない。ブロック内の2件目以降は別項として採番が必要。
AIND-D10498	STAR_HEADWORD	未採番見出しの境界（1ブロックに複数見出しが同居）	△	★يوسف★	نفي . يأتي قريبا بزيادة محمد قبل ضوء . 1221 ★يوسف★ بن علي بن عبيد السنتاوي ثم القاهري الأزهري ا	作業しない。ブロック内の2件目以降は別項として採番が必要。
AIND-D10498	IDEOSPACE	全角スペース（変換ノイズ）	◎	　	ضوء . 1221 ★يوسف★ بن علي بن عبيد السنتاوي ثم القاهري الأزهري الشافعي . ممن حفظ القرآن وغير	半角スペースとして扱う。
AIND-D10498	DOLLAR3_STUB	処理済みの転送見出し（$$$）が同じブロックに同居	◎	###$898654818733$# $$$	ن فسمع خطبته بالجامع المذكور ثم كتبها منه . ###$898654818733$# $$$ يوسف بن علي بن ضوء الصفدي الأصل الحنفي . يأت	処理済みなので作業不要。ブロック先頭の項だけ作業すればよい。
AIND-D10502	ELLIPSIS	原文の欠落（lacuna）	○	...	%~% ومبهم الشوق أضحى في الهوى علما %~% مات ...	欠落部は情報なしとして扱い、該当要素を立てずに作業する。
AIND-D10525	DOLLAR3_STUB	処理済みの転送見出し（$$$）が同じブロックに同居	◎	###$670186885606$# $$$	الدين بن الرسام واستولدها ابنة ثم فارقها . ###$670186885606$# $$$ يوسف بن محمد بن بيرم خجا . في قرا يوسف من ال	処理済みなので作業不要。ブロック先頭の項だけ作業すればよい。
AIND-D10536	DOLLAR3_STUB	処理済みの転送見出し（$$$）が同じブロックに同居	◎	###$948072108543$# $$$	في سنة خمس وسبعين وجاور التي تليها . مات . ###$948072108543$# $$$ يوسف بن محمد بن عيسى السيرامي . مضى في ابن ع	処理済みなので作業不要。ブロック先頭の項だけ作業すればよい。
AIND-D10543	STAR_HEADWORD	未採番見出しの境界（1ブロックに複数見出しが同居）	△	★يوسف★	نة ثلاث وسبعين ببيت المقدس رحمه الله . 1266 ★يوسف★ بن محمد بن الحاج يوسف الحموي الأصل الدمشقي	作業しない。ブロック内の2件目以降は別項として採番が必要。
AIND-D10543	DOLLAR3_STUB	処理済みの転送見出し（$$$）が同じブロックに同居	◎	###$649236337169$# $$$	ف . ولد سنة ست وثمانمائة . جرده البقاعي . ###$649236337169$# $$$ يوسف بن محمد بن يوسف الجمال أبو الحجاج الأسي	処理済みなので作業不要。ブロック先頭の項だけ作業すればよい。
AIND-D10544	ELLIPSIS	原文の欠落（lacuna）	○	...	رموزي قاضيها الشافعي . ممن أخذ عنه إبرهيم بن ... وكان ... من سنة خمسين .	欠落部は情報なしとして扱い、該当要素を立てずに作業する。
AIND-D10544	ELLIPSIS	原文の欠落（lacuna）	○	...	يها الشافعي . ممن أخذ عنه إبرهيم بن ... وكان ... من سنة خمسين .	欠落部は情報なしとして扱い、該当要素を立てずに作業する。
AIND-D10545	DOLLAR3_STUB	処理済みの転送見出し（$$$）が同じブロックに同居	◎	###$259442889247$# $$$	في المحرم سنة أربع عشرة ولم يكمل السبعين . ###$259442889247$# $$$ يوسف بن محمد التركماني وشهرته بقرا يوسف ولذا	処理済みなので作業不要。ブロック先頭の項だけ作業すればよい。
AIND-D10546	DOLLAR3_STUB	処理済みの転送見出し（$$$）が同じブロックに同居	◎	###$849279472161$# $$$	لبحيري الأزهري الماضي فيمن جده ناصر قريبا . ###$849279472161$# $$$ يوسف بن محمد . في العجل بن نعير .	処理済みなので作業不要。ブロック先頭の項だけ作業すればよい。
AIND-D10568	DOLLAR3_STUB	処理済みの転送見出し（$$$）が同じブロックに同居	◎	###$446005531239$# $$$	ي عمرو من طريق الدوري خاصة الحسام بن حريز . ###$446005531239$# $$$ يوسف الجمال الهدباني . يأتي قريبا .	処理済みなので作業不要。ブロック先頭の項だけ作業すればよい。
AIND-D10571	DOLLAR3_STUB	処理済みの転送見出し（$$$）が同じブロックに同居	◎	###$286257074797$# $$$	املا حتى مات في جمادى الأولى سنة ست وسبعين . ###$286257074797$# $$$ يوسف ولد كاتب السر . مضى في ابن محمد بن محمد	処理済みなので作業不要。ブロック先頭の項だけ作業すればよい。
AIND-D10573	ELLIPSIS	原文の欠落（lacuna）	○	...	يوسف الأندلسي المالكي مفتي تونس . مات ... ###$230334419569$# $$$ يوسف البحيري المعتقد	欠落部は情報なしとして扱い、該当要素を立てずに作業する。
AIND-D10573	DOLLAR3_STUB	処理済みの転送見出し（$$$）が同じブロックに同居	◎	###$230334419569$# $$$	يوسف الأندلسي المالكي مفتي تونس . مات ... ###$230334419569$# $$$ يوسف البحيري المعتقد الشهير بالأزهري . في اب	処理済みなので作業不要。ブロック先頭の項だけ作業すればよい。
AIND-D10573	DOLLAR3_STUB	処理済みの転送見出し（$$$）が同じブロックに同居	◎	###$836319072883$# $$$	تقد الشهير بالأزهري . في ابن محمد بن ناصر . ###$836319072883$# $$$ يوسف التادفي . في ابن عبد الرحمن بن الحسن .	処理済みなので作業不要。ブロック先頭の項だけ作業すればよい。
AIND-D10574	ELLIPSIS	原文の欠落（lacuna）	○	...	لمسعى ثم عاد لمصر وأدب بعض المماليك وبها مات ...	欠落部は情報なしとして扱い、該当要素を立てずに作業する。
AIND-D10578	DOLLAR3_STUB	処理済みの転送見出し（$$$）が同じブロックに同居	◎	###$350052438665$# $$$	في طاعون سنة سبع وتسعين ، كان فاضلا صالحا . ###$350052438665$# $$$ يوسف الصفي . في ابن أحمد بن يوسف . ###$7282	処理済みなので作業不要。ブロック先頭の項だけ作業すればよい。
AIND-D10578	DOLLAR3_STUB	処理済みの転送見出し（$$$）が同じブロックに同居	◎	###$728261218954$# $$$	65$# $$$ يوسف الصفي . في ابن أحمد بن يوسف . ###$728261218954$# $$$ يوسف فقيه الزيدية والمقيم بينبع . مضى في ابن	処理済みなので作業不要。ブロック先頭の項だけ作業すればよい。
AIND-D10578	DOLLAR3_STUB	処理済みの転送見出し（$$$）が同じブロックに同居	◎	###$121978770061$# $$$	يم بينبع . مضى في ابن حسن بن محمد بن سالم . ###$121978770061$# $$$ يوسف الكردي . في ابن يعقوب .	処理済みなので作業不要。ブロック先頭の項だけ作業すればよい。
AIND-D10606	DOLLAR3_STUB	処理済みの転送見出し（$$$）が同じブロックに同居	◎	###$701879046848$# $$$	ل سنة تسع وثلاثين وولي بعده أخوه أبو يحيى . ###$701879046848$# $$$ أبو الاسباط هو أحمد بن عبد الرحمن بن أبي بكر	処理済みなので作業不要。ブロック先頭の項だけ作業すればよい。
AIND-D10607	DOLLAR3_STUB	処理済みの転送見出し（$$$）が同じブロックに同居	◎	###$767024976579$# $$$	عين فجيء به لحلى ودفن به رحمه الله وإيانا . ###$767024976579$# $$$ أبو أمامة بن النقاش . هو عبد الرحمن بن محمد	処理済みなので作業不要。ブロック先頭の項だけ作業すればよい。
AIND-D10607	DOLLAR3_STUB	処理済みの転送見出し（$$$）が同じブロックに同居	◎	###$771852620491$# $$$	د بن علي بن عبد الواحد | حرف الباء الموحدة ###$771852620491$# $$$ أبو البركات بن أحمد بن الزين . هو محمد بن أح	処理済みなので作業不要。ブロック先頭の項だけ作業すればよい。
AIND-D10607	DOLLAR3_STUB	処理済みの転送見出し（$$$）が同じブロックに同居	◎	###$261607150284$# $$$	بن الزين . هو محمد بن أحمد بن محمد بن حسين ###$261607150284$# $$$ أبو البركات بن أحمد بن علي بن محمد الجبرتي ا	処理済みなので作業不要。ブロック先頭の項だけ作業すればよい。
AIND-D10608	DOLLAR3_STUB	処理済みの転送見出し（$$$）が同じブロックに同居	◎	###$960030069453$# $$$	سعين . وتخلف أبوه وتسبب بورك فيه وفي أبيه . ###$960030069453$# $$$ أبو البركات بن أحمد بن محمد بن كمال . يأتي ف	処理済みなので作業不要。ブロック先頭の項だけ作業すればよい。
AIND-D10610	DOLLAR3_STUB	処理済みの転送見出し（$$$）が同じブロックに同居	◎	###$420864873176$# $$$	هرة غير مرة وسمع على بها وبمكة وليس بمرضي . ###$420864873176$# $$$ أبو البركات بن الزين هو الكمال محمد بن محمد	処理済みなので作業不要。ブロック先頭の項だけ作業すればよい。
AIND-D10611	ELLIPSIS	原文の欠落（lacuna）	○	...	أبو البركات بن سالم الحنبلي ... ###$404288983770$# $$$ أبو البركات بن أبي ا	欠落部は情報なしとして扱い、該当要素を立てずに作業する。
AIND-D10611	DOLLAR3_STUB	処理済みの転送見出し（$$$）が同じブロックに同居	◎	###$404288983770$# $$$	أبو البركات بن سالم الحنبلي ... ###$404288983770$# $$$ أبو البركات بن أبي السعود . هو محمد ابن محمد	処理済みなので作業不要。ブロック先頭の項だけ作業すればよい。
AIND-D10611	DOLLAR3_STUB	処理済みの転送見出し（$$$）が同じブロックに同居	◎	###$124029784803$# $$$	بن أبي السعود . هو محمد ابن محمد بن حسين . ###$124029784803$# $$$ أبو البركات بن الضياء . هو محمد بن أحمد بن م	処理済みなので作業不要。ブロック先頭の項だけ作業すればよい。
AIND-D10613	DOLLAR3_STUB	処理済みの転送見出し（$$$）が同じブロックに同居	◎	###$622506037994$# $$$	لعيني في أيام إمرته . مات سنة ثمان وتسعين . ###$622506037994$# $$$ أبو البركات بن ظهيرة . هو محمد بن علي بن محم	処理済みなので作業不要。ブロック先頭の項だけ作業すればよい。
AIND-D10614	DOLLAR3_STUB	処理済みの転送見出し（$$$）が同じブロックに同居	◎	###$850130916078$# $$$	د تعلل طويل ودفن بالبقيع رحمه الله وإيانا . ###$850130916078$# $$$ أبو البركات بن عبد القادر النويري . في محمد	処理済みなので作業不要。ブロック先頭の項だけ作業すればよい。
AIND-D10616	DOLLAR3_STUB	処理済みの転送見出し（$$$）が同じブロックに同居	◎	###$818421977850$# $$$	ماضين سمع على الزين المراغي في سنة خمس عشرة ###$818421977850$# $$$ أبو البركات بن عزوز في محمد بن محمد ابن محمد	処理済みなので作業不要。ブロック先頭の項だけ作業すればよい。
AIND-D10616	DOLLAR3_STUB	処理済みの転送見出し（$$$）が同じブロックに同居	◎	###$157269644027$# $$$	البركات بن عزوز في محمد بن محمد ابن محمد . ###$157269644027$# $$$ أبو البركات بن علي بن أحمد بن عبد العزيز الن	処理済みなので作業不要。ブロック先頭の項だけ作業すればよい。
AIND-D10617	DOLLAR3_STUB	処理済みの転送見出し（$$$）が同じブロックに同居	◎	###$955294700287$# $$$	علي بن محمد الطنبداوي . ممن سمع منى بمكة . ###$955294700287$# $$$ أبو البركات بن علي هو أبو البركات بن ظهيرة .	処理済みなので作業不要。ブロック先頭の項だけ作業すればよい。
AIND-D10617	DOLLAR3_STUB	処理済みの転送見出し（$$$）が同じブロックに同居	◎	###$238265848578$# $$$	بن علي هو أبو البركات بن ظهيرة . مضى قريبا ###$238265848578$# $$$ أبو البركات بن الفاكهي . هو محمد بن محمد بن	処理済みなので作業不要。ブロック先頭の項だけ作業すればよい。
AIND-D10618	DOLLAR3_STUB	処理済みの転送見出し（$$$）が同じブロックに同居	◎	###$350610281221$# $$$	ضان سنة إحدى وثمانين باسكندرية عفا الله عنه ###$350610281221$# $$$ أبو البركات بن مجد الدين ويلقب هو صدر الدين	処理済みなので作業不要。ブロック先頭の項だけ作業すればよい。
AIND-D10618	DOLLAR3_STUB	処理済みの転送見出し（$$$）が同じブロックに同居	◎	###$759307457287$# $$$	صدر الدين . في أحمد بن إسمعيل ابن إبرهيم . ###$759307457287$# $$$ أبو البركات بن المحب الطبري إمام المقام . هو	処理済みなので作業不要。ブロック先頭の項だけ作業すればよい。
AIND-D10618	DOLLAR3_STUB	処理済みの転送見出し（$$$）が同じブロックに同居	◎	###$239964541703$# $$$	ن محمد بن محمد بن محمد بن إبرهيم ابن أحمد . ###$239964541703$# $$$ أبو البركات بن المصري . محمد بن محمد بن الخض	処理済みなので作業不要。ブロック先頭の項だけ作業すればよい。
AIND-D10619	DOLLAR3_STUB	処理済みの転送見出し（$$$）が同じブロックに同居	◎	###$832909103885$# $$$	وخمسين وقد زاحم المائة ممتعا بحواسه وقوته . ###$832909103885$# $$$ أبو البركات بن أبي الهدى . في ابن عبد الوهاب	処理済みなので作業不要。ブロック先頭の項だけ作業すればよい。
AIND-D10620	DOLLAR3_STUB	処理済みの転送見出し（$$$）が同じブロックに同居	◎	###$443849659151$# $$$	لى عليه بعد الصبح من الغد ثم دفن بالمعلاة . ###$443849659151$# $$$ أبو البركات الجيعاني . في ابن عبد الرزاق قري	処理済みなので作業不要。ブロック先頭の項だけ作業すればよい。
AIND-D10620	DOLLAR3_STUB	処理済みの転送見出し（$$$）が同じブロックに同居	◎	###$336743912212$# $$$	لبركات الجيعاني . في ابن عبد الرزاق قريبا . ###$336743912212$# $$$ أبو البركات الخانكي . هو محمد بن محمد بن إبر	処理済みなので作業不要。ブロック先頭の項だけ作業すればよい。
AIND-D10622	DOLLAR3_STUB	処理済みの転送見出し（$$$）が同じブロックに同居	◎	###$925666136857$# $$$	زهر وأظنه قارب السبعين رحمه الله وعفا عنه . ###$925666136857$# $$$ أبو البركات الصالحي . محمد بن محمد بن أبي بك	処理済みなので作業不要。ブロック先頭の項だけ作業すればよい。
AIND-D10623	DOLLAR3_STUB	処理済みの転送見出し（$$$）が同じブロックに同居	◎	###$535847523102$# $$$	نقاه وابنه بمكة عن نحو الثمانين رحمه الله . ###$535847523102$# $$$ أبو البركات الغراقي . محمد بن محمد بن محمد ب	処理済みなので作業不要。ブロック先頭の項だけ作業すればよい。
AIND-D10623	DOLLAR3_STUB	処理済みの転送見出し（$$$）が同じブロックに同居	◎	###$988941407013$# $$$	اقي . محمد بن محمد بن محمد بن علي بن يوسف . ###$988941407013$# $$$ أبو البركات الفتحي المغربي . هو محمد بن أحمد	処理済みなので作業不要。ブロック先頭の項だけ作業すればよい。
AIND-D10625	DOLLAR3_STUB	処理済みの転送見出し（$$$）が同じブロックに同居	◎	###$979537777448$# $$$	ع له أبوه ودفنه بمدرستهم رحمه الله وإيانا . ###$979537777448$# $$$ أبو البقاء الأحمدي أحد الفضلاء من سوق الحاجب	処理済みなので作業不要。ブロック先頭の項だけ作業すればよい。
AIND-D10629	DOLLAR3_STUB	処理済みの転送見出し（$$$）が同じブロックに同居	◎	###$693398164271$# $$$	سنة ثلاث وثلاثين ودفن بتربة سعيد السعداء . ###$693398164271$# $$$ أبو البقاء بن الضياء . محمد بن أحمد بن محمد	処理済みなので作業不要。ブロック先頭の項だけ作業すればよい。
AIND-D10642	DOLLAR3_STUB	処理済みの転送見出し（$$$）が同じブロックに同居	◎	###$561835430729$# $$$	في المحرم سنة أربع وخمسين | أرخه ابن فهد . ###$561835430729$# $$$ أبو بكر بن إبرهيم بن معتوق . مضى في أحمد بن	処理済みなので作業不要。ブロック先頭の項だけ作業すればよい。
AIND-D10645	DOLLAR3_STUB	処理済みの転送見出し（$$$）が同じブロックに同居	◎	###$620874453839$# $$$	بن خليل المصري البنا . ذكره ابن فهد مجردا . ###$620874453839$# $$$ أبو بكر بن أحمد بن إبرهيم بن فلاح . يأتي قري	処理済みなので作業不要。ブロック先頭の項だけ作業すればよい。
AIND-D10664	DOLLAR3_STUB	処理済みの転送見出し（$$$）が同じブロックに同居	◎	###$849271083895$# $$$	مستور في حانوت بقيسارية طيلان ممن سمع مني . ###$849271083895$# $$$ أبو بكر بن أحمد بن عمر الشرف بن الشهاب العجل	処理済みなので作業不要。ブロック先頭の項だけ作業すればよい。
AIND-D10675	DOLLAR3_STUB	処理済みの転送見出し（$$$）が同じブロックに同居	◎	###$121244767113$# $$$	ه في سنة اثنتين وسبعين حي قد جاز الثمانين . ###$121244767113$# $$$ أبو بكر بن أحمد بن وجيه . يأتي في أبي بكر بن	処理済みなので作業不要。ブロック先頭の項だけ作業すればよい。
AIND-D10686	DOLLAR3_STUB	処理済みの転送見出し（$$$）が同じブロックに同居	◎	###$776822870942$# $$$	أعلم متى مات ولا زيادة على ما رأيته عنده . ###$776822870942$# $$$ أبو بكر بن حبيب واسم حبيب محمد بن أحمد بن عل	処理済みなので作業不要。ブロック先頭の項だけ作業すればよい。
AIND-D10694	DOLLAR3_STUB	処理済みの転送見出し（$$$）が同じブロックに同居	◎	###$660485460914$# $$$	ي سابع عشري رمضان سنة ست رحمه الله وإيانا . ###$660485460914$# $$$ أبو بكر بن أبي ذر . في أبي بكر بن أحمد بن إب	処理済みなので作業不要。ブロック先頭の項だけ作業すればよい。
AIND-D10699	DOLLAR3_STUB	処理済みの転送見出し（$$$）が同じブロックに同居	◎	###$850030252981$# $$$	سعيد بن غوري . في معجم التقي بن فهد مجردا . ###$850030252981$# $$$ أبو بكر بن أبي السعود . يأتي في ابن محمد بن	処理済みなので作業不要。ブロック先頭の項だけ作業すればよい。
AIND-D10705	DOLLAR3_STUB	処理済みの転送見出し（$$$）が同じブロックに同居	◎	###$927780066254$# $$$	الرغبة والرهبة والإحسان فتمشي أحواله معهم . ###$927780066254$# $$$ أبو بكر بن شتات . سيأتي في ابن علي .	処理済みなので作業不要。ブロック先頭の項だけ作業すればよい。
AIND-D10709	DOLLAR3_STUB	処理済みの転送見出し（$$$）が同じブロックに同居	◎	###$755138319317$# $$$	شبه . مات في صفر سنة تسعمائة عفا الله عنه . ###$755138319317$# $$$ أبو بكر بن الطيب في ابن أحمد بن أبي بكر بن أ	処理済みなので作業不要。ブロック先頭の項だけ作業すればよい。
AIND-D10719	DOLLAR3_STUB	処理済みの転送見出し（$$$）が同じブロックに同居	◎	###$644689712101$# $$$	ستين أرخه ابن المنير وقال كان من الصالحين . ###$644689712101$# $$$ أبو بكر بن عبد الله الشيخ زين الدين التاجر .	処理済みなので作業不要。ブロック先頭の項だけ作業すればよい。
AIND-D10721	DOLLAR3_STUB	処理済みの転送見出し（$$$）が同じブロックに同居	◎	###$972805919723$# $$$	د الله الحنفي كتب في عرض سنة ست وأظنه هذا . ###$972805919723$# $$$ أبو بكر بن أبي عبد الله في ابن محمد بن محمد	処理済みなので作業不要。ブロック先頭の項だけ作業すればよい。
AIND-D10724	DOLLAR3_STUB	処理済みの転送見出し（$$$）が同じブロックに同居	◎	###$194036913138$# $$$	لتقى في طبقات الشافعية رحمه الله وعفا عنه . ###$194036913138$# $$$ أبو بكر بن عبد الرحمن بن سالم بن غزى . هو مح	処理済みなので作業不要。ブロック先頭の項だけ作業すればよい。
AIND-D10757	PLUSMIN	語末に付く注記マーカー（語を分断しない）	◎	±±±	قس وزاوية شيخ الشيوخ وتحرير القيراط وقهوة الا±±± في مجلدين وهو مما أنشأه بالديار المصرية عن ا	無視してよい。記号を取り除いた語がそのまま正しい読み。
AIND-D10798	DOLLAR3_STUB	処理済みの転送見出し（$$$）が同じブロックに同居	◎	###$133567632536$# $$$	العشر الأول من ربيع الأول سنة ثلاث وعشرين . ###$133567632536$# $$$ أبو بكر بن قندس . في ابن إبرهيم بن يوسف .	処理済みなので作業不要。ブロック先頭の項だけ作業すればよい。
AIND-D10822	ELLIPSIS	原文の欠落（lacuna）	○	...	عمه الجمال محمد الطيب بن أحمد الناشري . مات ... ذكره العفيف ولم يؤرخ وفاته .	欠落部は情報なしとして扱い、該当要素を立てずに作業する。
AIND-D10822	IDEOSPACE	全角スペース（変換ノイズ）	◎	　	عمه الجمال محمد الطيب بن أحمد الناشري . مات ... ذكره العفيف ولم يؤرخ وفاته .	半角スペースとして扱う。
AIND-D10823	STAR_HEADWORD	未採番見出しの境界（1ブロックに複数見出しが同居）	△	★أبو بكر★	%~% إن كان في العظة التعديل عن مثل %~% 205 ★أبو بكر★ بن محمد بن أبي بكر بن علي بن يوسف الفخر بن ا	作業しない。ブロック内の2件目以降は別項として採番が必要。
AIND-D10843	DOLLAR3_STUB	処理済みの転送見出し（$$$）が同じブロックに同居	◎	###$965935650052$# $$$	شرقي قرية جبرين . ذكره ابن خطيب الناصرية . ###$965935650052$# $$$ أبو بكر بن محمد بن علي بن منصور رضي الدين ال	処理済みなので作業不要。ブロック先頭の項だけ作業すればよい。
AIND-D10851	DOLLAR3_STUB	処理済みの転送見出し（$$$）が同じブロックに同居	◎	###$166874600732$# $$$	الزيلعي صاحب اللحية . مات سنة تسع وعشرين . ###$166874600732$# $$$ أبو بكر بن محمد بن أبي الفرج المراغي . وهو	処理済みなので作業不要。ブロック先頭の項だけ作業すればよい。
AIND-D10855	DOLLAR3_STUB	処理済みの転送見出し（$$$）が同じブロックに同居	◎	###$448262067491$# $$$	. مات في رمضان سنة إحدى وسبعين رحمه الله . ###$448262067491$# $$$ أبو بكر بن محمد بن محمد بن أبي بكر بن الحسين	処理済みなので作業不要。ブロック先頭の項だけ作業すればよい。
AIND-D10858	DOLLAR3_STUB	処理済みの転送見出し（$$$）が同じブロックに同居	◎	###$998273733927$# $$$	ولكنه استفاد زيارة الفرغل وغيره أبرع منه . ###$998273733927$# $$$ أبو بكر بن محمد بن محمد بن علي الزين الخوافي	処理済みなので作業不要。ブロック先頭の項だけ作業すればよい。
AIND-D10869	ELLIPSIS	原文の欠落（lacuna）	○	...	248 أبو بكر بن ... بن محمد سبط النويري الطرابلسي الشافعي . ولد	欠落部は情報なしとして扱い、該当要素を立てずに作業する。
AIND-D10885	DOLLAR3_STUB	処理済みの転送見出し（$$$）が同じブロックに同居	◎	###$629963511129$# $$$	نه . ومات في سنة أربعين قلت وما علمته حدث . ###$629963511129$# $$$ أبو بكر بن المغلى والد عبد الرحمن وإخوته . م	処理済みなので作業不要。ブロック先頭の項だけ作業すればよい。
AIND-D10886	DOLLAR3_STUB	処理済みの転送見出し（$$$）が同じブロックに同居	◎	###$845445879131$# $$$	دة بني جابر وحمل فدفن بمكة . أرخه ابن فهد . ###$845445879131$# $$$ أبو بكر بن موسى بن عيسى بن قريش القرشي الهاش	処理済みなので作業不要。ブロック先頭の項だけ作業すればよい。
AIND-D10889	DOLLAR3_STUB	処理済みの転送見出し（$$$）が同じブロックに同居	◎	###$292632417632$# $$$	ور شيخ منية حلفا . مات في سنة أربع وتسعين . ###$292632417632$# $$$ أبو بكر بن أبي الوفا . هو ابن محمد بن علي بن	処理済みなので作業不要。ブロック先頭の項だけ作業すればよい。
AIND-D10896	ELLIPSIS	原文の欠落（lacuna）	○	...	272 أبو بكر بن ... بن أبي يزيد زكي الدين الميدومي الأصل المصري	欠落部は情報なしとして扱い、該当要素を立てずに作業する。
AIND-D10897	DOLLAR3_STUB	処理済みの転送見出し（$$$）が同じブロックに同居	◎	###$658728047976$# $$$	في شعبان سنة ثلاث . ذكره شيخنا في إنبائه . ###$658728047976$# $$$ أبو بكر بن الحلاوي . في ابن محمد بن أبي بكر	処理済みなので作業不要。ブロック先頭の項だけ作業すればよい。
AIND-D10898	DOLLAR3_STUB	処理済みの転送見出し（$$$）が同じブロックに同居	◎	###$977490957675$# $$$	املاته . مات سنة ثمان وتسعين عفا الله عنه . ###$977490957675$# $$$ أبو بكر بن الشريف . هو ابن محمد بن محمد بن ع	処理済みなので作業不要。ブロック先頭の項だけ作業すればよい。
AIND-D10898	DOLLAR3_STUB	処理済みの転送見出し（$$$）が同じブロックに同居	◎	###$962865419628$# $$$	ن الشريف . هو ابن محمد بن محمد بن علي مضى . ###$962865419628$# $$$ أبو بكر التقي الطرابلسي . في ابن إسمعيل بن ع	処理済みなので作業不要。ブロック先頭の項だけ作業すればよい。
AIND-D10900	DOLLAR3_STUB	処理済みの転送見出し（$$$）が同じブロックに同居	◎	###$602310464877$# $$$	باها واقتصر على التكسب بالتجارة رحمه الله . ###$602310464877$# $$$ أبو بكر الزكي المقري هو ابن أحمد بن محمد مضى	処理済みなので作業不要。ブロック先頭の項だけ作業すればよい。
AIND-D10910	DOLLAR3_STUB	処理済みの転送見出し（$$$）が同じブロックに同居	◎	###$198931666297$# $$$	ه كرامات ومكاشفات وكان في الغالب كأنه ثمل . ###$198931666297$# $$$ أبو بكر الحجازي الفقيه . في ابن قاسم بن عبد	処理済みなので作業不要。ブロック先頭の項だけ作業すればよい。
AIND-D10910	DOLLAR3_STUB	処理済みの転送見出し（$$$）が同じブロックに同居	◎	###$699110806907$# $$$	لحجازي الفقيه . في ابن قاسم بن عبد المعطي . ###$699110806907$# $$$ أبو بكر الحلبي نزيل بيت المقدس . في ابن محمد	処理済みなので作業不要。ブロック先頭の項だけ作業すればよい。
AIND-D10911	DOLLAR3_STUB	処理済みの転送見出し（$$$）が同じブロックに同居	◎	###$100512322942$# $$$	بن عبد السلام وما علمت أهو من شرطنا أم لا . ###$100512322942$# $$$ أبو بكر الخوافي . هو محمد بن محمد بن محمد بن	処理済みなので作業不要。ブロック先頭の項だけ作業すればよい。
AIND-D10912	ELLIPSIS	原文の欠落（lacuna）	○	...	ديخي . أحد الفضلاء . مات سنة ثلاث وقد مضى في ...	欠落部は情報なしとして扱い、該当要素を立てずに作業する。
AIND-D10913	DOLLAR3_STUB	処理済みの転送見出し（$$$）が同じブロックに同居	◎	###$330041415038$# $$$	أبو بكر الدفدوسي . شيخ معتقد . ###$330041415038$# $$$ أبو بكر الساسي . في ابن رجب .	処理済みなので作業不要。ブロック先頭の項だけ作業すればよい。
AIND-D10919	DOLLAR3_STUB	処理済みの転送見出し（$$$）が同じブロックに同居	◎	###$180204098955$# $$$	في رجب سنة اثنتين وأربعين . أرخه ابن فهد . ###$180204098955$# $$$ أبو بكر القليوبي ثم القاهري الزيات والد أبي	処理済みなので作業不要。ブロック先頭の項だけ作業すればよい。
AIND-D10919	DOLLAR3_STUB	処理済みの転送見出し（$$$）が同じブロックに同居	◎	###$524145415565$# $$$	في محمد بن علي بن إبرهيم بن موسى بن طاهر . ###$524145415565$# $$$ أبو بكر اللوبياني . في ابن عبد الرحمن بن رحا	処理済みなので作業不要。ブロック先頭の項だけ作業すればよい。
AIND-D10921	DOLLAR3_STUB	処理済みの転送見出し（$$$）が同じブロックに同居	◎	###$599433172385$# $$$	الحجة سنة ست وأربعين بمكة . أرخه ابن فهد . ###$599433172385$# $$$ أبو بكر المنجم الأديب في ابن عبد الله بن قطل	処理済みなので作業不要。ブロック先頭の項だけ作業すればよい。
AIND-D10922	DOLLAR3_STUB	処理済みの転送見出し（$$$）が同じブロックに同居	◎	###$245685573032$# $$$	م البدر البغدادي الحنبلي وكان ممن اختص به . ###$245685573032$# $$$ أبو بكر النويري الخطيب . هو الخطيب أبو الفضل	処理済みなので作業不要。ブロック先頭の項だけ作業すればよい。
AIND-D10924	DOLLAR3_STUB	処理済みの転送見出し（$$$）が同じブロックに同居	◎	###$214442202541$# $$$	أخذ عنه يحيى القباني | حرف التاء المثناة . ###$214442202541$# $$$ أبو التقى البلقيني . صالح بن عمر بن رسلان .	処理済みなので作業不要。ブロック先頭の項だけ作業すればよい。
AIND-D10924	DOLLAR3_STUB	処理済みの転送見出し（$$$）が同じブロックに同居	◎	###$194116605360$# $$$	أبو التقى البلقيني . صالح بن عمر بن رسلان . ###$194116605360$# $$$ أبو التقى البدري الشاعر . في أبي بكر بن عبد	処理済みなので作業不要。ブロック先頭の項だけ作業すればよい。
AIND-D10924	DOLLAR3_STUB	処理済みの転送見出し（$$$）が同じブロックに同居	◎	###$570073044401$# $$$	. في أبي بكر بن عبد الله بن محمد بن أحمد . ###$570073044401$# $$$ أبو التقى الزبيري أحمد بن حسين بن علي . | ح	処理済みなので作業不要。ブロック先頭の項だけ作業すればよい。
AIND-D10924	DOLLAR3_STUB	処理済みの転送見出し（$$$）が同じブロックに同居	◎	###$849464022464$# $$$	لزبيري أحمد بن حسين بن علي . | حرف الجيم . ###$849464022464$# $$$ أبو جعفر بن الضيا . هو محمد بن أحمد بن عمر ب	処理済みなので作業不要。ブロック先頭の項だけ作業すればよい。
AIND-D10924	DOLLAR3_STUB	処理済みの転送見出し（$$$）が同じブロックに同居	◎	###$872754992578$# $$$	أحمد بن عمر بن محمد بن عثمان بن عبيد الله . ###$872754992578$# $$$ أبو الجود الجيعاني . في أبي البركات بن عبد ا	処理済みなので作業不要。ブロック先頭の項だけ作業すればよい。
AIND-D10924	DOLLAR3_STUB	処理済みの転送見出し（$$$）が同じブロックに同居	◎	###$925146043845$# $$$	د الجيعاني . في أبي البركات بن عبد الرزاق . ###$925146043845$# $$$ أبو الجود الغراقي . محمد بن محمد بن محمد بن	処理済みなので作業不要。ブロック先頭の項だけ作業すればよい。
AIND-D10924	DOLLAR3_STUB	処理済みの転送見出し（$$$）が同じブロックに同居	◎	###$376669492678$# $$$	مد بن محمد بن محمد بن محمد بن علي بن يوسف . ###$376669492678$# $$$ أبو الجود الفرضي . داود بن سليمان بن حسن الب	処理済みなので作業不要。ブロック先頭の項だけ作業すればよい。
AIND-D10924	DOLLAR3_STUB	処理済みの転送見出し（$$$）が同じブロックに同居	◎	###$434789963206$# $$$	ن حسن البنبي المالكي | حرف الحاء المهملة . ###$434789963206$# $$$ أبو حاتم السبكي . محمد بن محمد بن أحمد بن عل	処理済みなので作業不要。ブロック先頭の項だけ作業すればよい。
AIND-D10924	DOLLAR3_STUB	処理済みの転送見出し（$$$）が同じブロックに同居	◎	###$601907811787$# $$$	محمد بن محمد بن أحمد بن علي بن عبد الكافي . ###$601907811787$# $$$ أبو حامد بن أبي الخير بن أبي السعود بن ظهيرة	処理済みなので作業不要。ブロック先頭の項だけ作業すればよい。
AIND-D10924	DOLLAR3_STUB	処理済みの転送見出し（$$$）が同じブロックに同居	◎	###$311926216140$# $$$	. هو محمد بن محمد بن محمد ابن حسين بن علي . ###$311926216140$# $$$ أبو حامد بن الضياء محمد بن أحمد بن محمد بن م	処理済みなので作業不要。ブロック先頭の項だけ作業すればよい。
AIND-D10924	DOLLAR3_STUB	処理済みの転送見出し（$$$）が同じブロックに同居	◎	###$781935728075$# $$$	ياء محمد بن أحمد بن محمد بن محمد ابن سعيد . ###$781935728075$# $$$ أبو حامد بن ظهيرة . هو ابن أبي الخير المشار	処理済みなので作業不要。ブロック先頭の項だけ作業すればよい。
AIND-D10928	DOLLAR3_STUB	処理済みの転送見出し（$$$）が同じブロックに同居	◎	###$514741786068$# $$$	ه ترك وصار عبد المعطي يصلي معه ونعم الرجل . ###$514741786068$# $$$ أبو حامد الطبري . محمد بن عبد الواحد بن الزي	処理済みなので作業不要。ブロック先頭の項だけ作業すればよい。
AIND-D10928	DOLLAR3_STUB	処理済みの転送見出し（$$$）が同じブロックに同居	◎	###$519028364757$# $$$	عبد الواحد بن الزين محمد بن أحمد بن محمد . ###$519028364757$# $$$ أبو حامد الفاسي هو محمد بن عبد اللطيف بن محم	処理済みなので作業不要。ブロック先頭の項だけ作業すればよい。
AIND-D10928	DOLLAR3_STUB	処理済みの転送見出し（$$$）が同じブロックに同居	◎	###$225389336021$# $$$	محمد بن عبد اللطيف بن محمد بن عبد الرحمن . ###$225389336021$# $$$ أبو حامد القدسي . محمد بن خليل بن يوسف . ##	処理済みなので作業不要。ブロック先頭の項だけ作業すればよい。
AIND-D10928	DOLLAR3_STUB	処理済みの転送見出し（$$$）が同じブロックに同居	◎	###$720862467545$# $$$	$$ أبو حامد القدسي . محمد بن خليل بن يوسف . ###$720862467545$# $$$ أبو حامد المرشدي . محمد بن محمد بن أبي بكر ب	処理済みなので作業不要。ブロック先頭の項だけ作業すればよい。
AIND-D10928	DOLLAR3_STUB	処理済みの転送見出し（$$$）が同じブロックに同居	◎	###$961812649433$# $$$	. محمد بن محمد بن أبي بكر بن علي بن يوسف . ###$961812649433$# $$$ أبو حامد المطري المدني . محمد بن عبد الرحمن	処理済みなので作業不要。ブロック先頭の項だけ作業すればよい。
AIND-D10932	STAR_IDMISSING	AIND番号を持たない見出しの開始位置	△	★ID_Missing★	الأول سنة إحدى وتسعين ويحرر مع المذكورين . ★ID_Missing★ أبو الحسن ابن عرب . هو علي بن عمر بن علي بن	作業しない。別項として採番が必要なので熊倉へ回す。
AIND-D10936	ELLIPSIS	原文の欠落（lacuna）	○	...	أبو الحسن الجياني إمام جامع الزيتونة ... ###$333816288748$# $$$ أبو الحسن الطوخي .	欠落部は情報なしとして扱い、該当要素を立てずに作業する。
AIND-D10936	DOLLAR3_STUB	処理済みの転送見出し（$$$）が同じブロックに同居	◎	###$333816288748$# $$$	أبو الحسن الجياني إمام جامع الزيتونة ... ###$333816288748$# $$$ أبو الحسن الطوخي . هو علي ابن عبد القادر بن	処理済みなので作業不要。ブロック先頭の項だけ作業すればよい。
AIND-D10936	DOLLAR3_STUB	処理済みの転送見出し（$$$）が同じブロックに同居	◎	###$198126360047$# $$$	القادر بن محمد بن محمد بن علي بن شرف مضى . ###$198126360047$# $$$ أبو الحسن العدوي علي بن محمد بن علي بن محمد	処理済みなので作業不要。ブロック先頭の項だけ作業すればよい。
AIND-D10936	DOLLAR3_STUB	処理済みの転送見出し（$$$）が同じブロックに同居	◎	###$622355043824$# $$$	علي بن محمد بن علي بن محمد بن عبد الرحمن . ###$622355043824$# $$$ أبو الحسن المسلمي علي بن خليل بن مسلم وعلي	処理済みなので作業不要。ブロック先頭の項だけ作業すればよい。
AIND-D10936	DOLLAR3_STUB	処理済みの転送見出し（$$$）が同じブロックに同居	◎	###$307962598895$# $$$	علي بن خليل بن مسلم وعلي بن محمد بن مفضل . ###$307962598895$# $$$ أبو الحياة هو الخضر بن محمد . | حرف الخاء ا	処理済みなので作業不要。ブロック先頭の項だけ作業すればよい。
AIND-D10937	DOLLAR3_STUB	処理済みの転送見出し（$$$）が同じブロックに同居	◎	###$781415634420$# $$$	وطأ وهو ممن يتكسب في التجارة بالشرب وغيره . ###$781415634420$# $$$ أبو الخير بن أبي البركات . هو محمد بن محمد ب	処理済みなので作業不要。ブロック先頭の項だけ作業すればよい。
AIND-D10940	DOLLAR3_STUB	処理済みの転送見出し（$$$）が同じブロックに同居	◎	###$314728011257$# $$$	ي الطاعون سنة ثلاث وثلاثين . أرخه ابن فهد . ###$314728011257$# $$$ أبو الخير بن أبي السعود محمد بن محمد بن محمد	処理済みなので作業不要。ブロック先頭の項だけ作業すればよい。
AIND-D10941	DOLLAR3_STUB	処理済みの転送見出し（$$$）が同じブロックに同居	◎	###$516687943167$# $$$	أبوه . مات بالقاهرة مطعونا سنة سبع وتسعين . ###$516687943167$# $$$ أبو الخير بن عبد القوي . هو محمد .	処理済みなので作業不要。ブロック先頭の項だけ作業すればよい。
AIND-D10942	DOLLAR3_STUB	処理済みの転送見出し（$$$）が同じブロックに同居	◎	###$285078476286$# $$$	ه زبيدية . بيض له ابن فهد ولعله مات صغيرا . ###$285078476286$# $$$ أبو الخير بن علي الفاكهي . في أبي الخير الفا	処理済みなので作業不要。ブロック先頭の項だけ作業すればよい。
AIND-D10945	DOLLAR3_STUB	処理済みの転送見出し（$$$）が同じブロックに同居	◎	###$794006935046$# $$$	محمد أحد من كان في خدمة البرهاني ثم ولده . ###$794006935046$# $$$ أبو الخير بن محمد بن علي بن محمد الفاكهي . ف	処理済みなので作業不要。ブロック先頭の項だけ作業すればよい。
AIND-D10949	PLUSMIN	語末に付く注記マーカー（語を分断しない）	◎	±±±	319 أبو الخير خير الدين بن الأصيفر±±± نزيل سوق الغنم ومباشر وقف جامع أصلم هناك وغي	無視してよい。記号を取り除いた語がそのまま正しい読み。
AIND-D10950	DOLLAR3_STUB	処理済みの転送見出し（$$$）が同じブロックに同居	◎	###$783655392786$# $$$	أنه كان رفيق ابن الفالاتي في المكتب وغيره . ###$783655392786$# $$$ أبو الخير بن البدراني محمد بن محمد بن حسن بن	処理済みなので作業不要。ブロック先頭の項だけ作業すればよい。
AIND-D10951	STAR_IDMISSING	AIND番号を持たない見出しの開始位置	△	★ID_Missing★	ج موسميا ولم يذكر عنه في القضاء إلا الخير . ★ID_Missing★ أبو الخير بن التاجر الخانكي في محمد بن علي ب	作業しない。別項として採番が必要なので熊倉へ回す。
AIND-D10951	DOLLAR3_STUB	処理済みの転送見出し（$$$）が同じブロックに同居	◎	###$825682318868$# $$$	بن التاجر الخانكي في محمد بن علي بن محمد . ###$825682318868$# $$$ أبو الخير بن الخطيب القنبشي محمد بن محمد بن	処理済みなので作業不要。ブロック先頭の項だけ作業すればよい。
AIND-D10952	DOLLAR3_STUB	処理済みの転送見出し（$$$）が同じブロックに同居	◎	###$672149820950$# $$$	ن ودفن بترتبهم محل دفن شيخنا عفا الله عنه . ###$672149820950$# $$$ أبو الخير بن الرومي في محمد بن محمد بن داود	処理済みなので作業不要。ブロック先頭の項だけ作業すればよい。
AIND-D10952	DOLLAR3_STUB	処理済みの転送見出し（$$$）が同じブロックに同居	◎	###$844971922962$# $$$	و الخير بن الرومي في محمد بن محمد بن داود . ###$844971922962$# $$$ أبو الخير بن الزين القسطلاني في محمد بن حسين	処理済みなので作業不要。ブロック先頭の項だけ作業すればよい。
AIND-D10955	DOLLAR3_STUB	処理済みの転送見出し（$$$）が同じブロックに同居	◎	###$220649772577$# $$$	جاج السلطان مات في شوال سنة اثنتين وتسعين . ###$220649772577$# $$$ أبو الخير بن القصبي هو محمد بن محمد بن أحمد	処理済みなので作業不要。ブロック先頭の項だけ作業すればよい。
AIND-D10958	DOLLAR3_STUB	処理済みの転送見出し（$$$）が同じブロックに同居	◎	###$908503045674$# $$$	ينارا وكان ممن يحضر عندي أحيانا رحمه الله . ###$908503045674$# $$$ أبو الخير الجوخي آخر مضى في ابن محمد بن علي	処理済みなので作業不要。ブロック先頭の項だけ作業すればよい。
AIND-D10958	DOLLAR3_STUB	処理済みの転送見出し（$$$）が同じブロックに同居	◎	###$242833446443$# $$$	وخي آخر مضى في ابن محمد بن علي بن أبي بكر . ###$242833446443$# $$$ أبو الخير الخانكي . في محمد بن محمد بن محمد	処理済みなので作業不要。ブロック先頭の項だけ作業すればよい。
AIND-D10958	DOLLAR3_STUB	処理済みの転送見出し（$$$）が同じブロックに同居	◎	###$111413319212$# $$$	. في محمد بن محمد بن محمد بن محمد بن محمد . ###$111413319212$# $$$ أبو الخير الخانكي الآخر . في محمد بن علي بن	処理済みなので作業不要。ブロック先頭の項だけ作業すればよい。
AIND-D10958	DOLLAR3_STUB	処理済みの転送見出し（$$$）が同じブロックに同居	◎	###$258650166829$# $$$	ير الخانكي الآخر . في محمد بن علي بن محمد . ###$258650166829$# $$$ أبو الخير الخضري . في محمد بن محمد بن عبد ال	処理済みなので作業不要。ブロック先頭の項だけ作業すればよい。
AIND-D10958	DOLLAR3_STUB	処理済みの転送見出し（$$$）が同じブロックに同居	◎	###$767373104682$# $$$	لخير الخضري . في محمد بن محمد بن عبد الله . ###$767373104682$# $$$ أبو الخير الزفتاوي . في محمد بن عمر بن عبد ا	処理済みなので作業不要。ブロック先頭の項だけ作業すればよい。
AIND-D10958	DOLLAR3_STUB	処理済みの転送見出し（$$$）が同じブロックに同居	◎	###$665908696625$# $$$	ر الزفتاوي . في محمد بن عمر بن عبد الرحمن . ###$665908696625$# $$$ أبو الخير السخاوي في محمد بن عبد الرحمن بن م	処理済みなので作業不要。ブロック先頭の項だけ作業すればよい。
AIND-D10962	STAR_IDMISSING	AIND番号を持たない見出しの開始位置	△	★ID_Missing★	ام فريضتي %~% وأرفضت عذالي علي أنني سني %~% ★ID_Missing★ أبو الخير العقبي اثنان محمد بن عبد الرحيم بن	作業しない。別項として採番が必要なので熊倉へ回す。
AIND-D10962	STAR_HEADWORD	未採番見出しの境界（1ブロックに複数見出しが同居）	△	★محمد★	حمن بن محمد بن محمد بن محمد بن عبد الرحمن و★محمد★ بن عبد اللطيف بن أبي السرور محمد بن عبد الرح	作業しない。ブロック内の2件目以降は別項として採番が必要。
AIND-D10962	DOLLAR3_STUB	処理済みの転送見出し（$$$）が同じブロックに同居	◎	###$629523109434$# $$$	علي ومحمد بن محمد بن أحمد بن محمد بن يوسف . ###$629523109434$# $$$ أبو الخير الفاسي اثنان محمد بن عبد الرحمن بن	処理済みなので作業不要。ブロック先頭の項だけ作業すればよい。
AIND-D10964	DOLLAR3_STUB	処理済みの転送見出し（$$$）が同じブロックに同居	◎	###$273070183998$# $$$	ابع أربعة وأظنه جاز الأربعين عفا الله عنه . ###$273070183998$# $$$ أبو الخير القلقشندي في محمد بن عبد الرحمن بن	処理済みなので作業不要。ブロック先頭の項だけ作業すればよい。
AIND-D10965	DOLLAR3_STUB	処理済みの転送見出し（$$$）が同じブロックに同居	◎	###$668685325888$# $$$	لية وما أظنه يقصر عن الخمسين عفا الله عنه . ###$668685325888$# $$$ أبو الخير المخبزي في محمد بن أبي بكر .	処理済みなので作業不要。ブロック先頭の項だけ作業すればよい。
AIND-D10966	DOLLAR3_STUB	処理済みの転送見出し（$$$）が同じブロックに同居	◎	###$189687420485$# $$$	ن بتربة ابن عيينة من المعلاة ذكره ابن فهد . ###$189687420485$# $$$ أبو الخير النحاس . اثنان مضيا في ابن النحاس	処理済みなので作業不要。ブロック先頭の項だけ作業すればよい。
AIND-D10967	DOLLAR3_STUB	処理済みの転送見出し（$$$）が同じブロックに同居	◎	###$748591011408$# $$$	| حرف الدال المهملة | حرف الذال المعجمة . ###$748591011408$# $$$ أبو ذر الحلبي أحمد بن إبرهيم بن محمد بن خليل	処理済みなので作業不要。ブロック先頭の項だけ作業すればよい。
AIND-D10967	DOLLAR3_STUB	処理済みの転送見出し（$$$）が同じブロックに同居	◎	###$684829202001$# $$$	ذر الحلبي أحمد بن إبرهيم بن محمد بن خليل . ###$684829202001$# $$$ أبو ذر الزركشي عبد الرحمن بن محمد . .	処理済みなので作業不要。ブロック先頭の項だけ作業すればよい。
AIND-D10969	DOLLAR3_STUB	処理済みの転送見出し（$$$）が同じブロックに同居	◎	###$224344954454$# $$$	هاي ودفن برباطهم فيها ويذكر بكرم عكس أخيه . ###$224344954454$# $$$ أبو الرضا أحمد بن محمد بن بركوت المكيني . في	処理済みなので作業不要。ブロック先頭の項だけ作業すればよい。
AIND-D10969	DOLLAR3_STUB	処理済みの転送見出し（$$$）が同じブロックに同居	◎	###$596883035736$# $$$	مد بن بركوت المكيني . فيما زعمه سبط شيخنا . ###$596883035736$# $$$ أبو الرضا محمد بن يوسف الدميري . | حرف الزا	処理済みなので作業不要。ブロック先頭の項だけ作業すればよい。
AIND-D10971	DOLLAR3_STUB	処理済みの転送見出し（$$$）が同じブロックに同居	◎	###$638553445982$# $$$	غيره ومات تقريبا سنة أربع وستين رحمه الله . ###$638553445982$# $$$ أبو زرعة بن العراقي . أحمد بن عبد الرحيم بن	処理済みなので作業不要。ブロック先頭の項だけ作業すればよい。
AIND-D10973	DOLLAR3_STUB	処理済みの転送見出し（$$$）が同じブロックに同居	◎	###$183995749985$# $$$	ن الكتابة حسبما شاهدته منه في تلك الحالة . ###$183995749985$# $$$ أبو زيد عبد الرحمن بن محمد بن خلدون | حرف ال	処理済みなので作業不要。ブロック先頭の項だけ作業すればよい。
AIND-D10974	DOLLAR3_STUB	処理済みの転送見出し（$$$）が同じブロックに同居	◎	###$880841610849$# $$$	ده في السنة التي مات فيها وهي تسع وثلاثون . ###$880841610849$# $$$ أبو السرور الفاسي أحمد بن محمد بن عبد اللطيف	処理済みなので作業不要。ブロック先頭の項だけ作業すればよい。
AIND-D10975	DOLLAR3_STUB	処理済みの転送見出し（$$$）が同じブロックに同居	◎	###$453714663019$# $$$	في البحر سنة خمس وتسعين ثم عاد في موسمها . ###$453714663019$# $$$ أبو السعادات بن الإمام الطبري . هو محمد بن ا	処理済みなので作業不要。ブロック先頭の項だけ作業すればよい。
AIND-D10975	DOLLAR3_STUB	処理済みの転送見出し（$$$）が同じブロックに同居	◎	###$978573088367$# $$$	الشهاب أحمد بن إبراهيم بن محمد بن إبرهيم . ###$978573088367$# $$$ أبو السعادات بن أبي البركات ابن ظهيرة هو محم	処理済みなので作業不要。ブロック先頭の項だけ作業すればよい。
AIND-D10978	DOLLAR3_STUB	処理済みの転送見出し（$$$）が同じブロックに同居	◎	###$866312541818$# $$$	رة ولم يخرج من المدينة إلا لمكة رحمه الله . ###$866312541818$# $$$ أبو السعادات البلقيني محمد بن محمد بن عبد ال	処理済みなので作業不要。ブロック先頭の項だけ作業すればよい。
AIND-D10978	DOLLAR3_STUB	処理済みの転送見出し（$$$）が同じブロックに同居	◎	###$619712632444$# $$$	لبلقيني محمد بن محمد بن عبد الرحمن بن عمر . ###$619712632444$# $$$ أبو السعادات الطبري هو ابن الإمام مضى قريبا	処理済みなので作業不要。ブロック先頭の項だけ作業すればよい。
AIND-D10978	DOLLAR3_STUB	処理済みの転送見出し（$$$）が同じブロックに同居	◎	###$316489619073$# $$$	و السعادات الطبري هو ابن الإمام مضى قريبا . ###$316489619073$# $$$ أبو السعادات الكازروني محمد بن محمد بن محمد	処理済みなので作業不要。ブロック先頭の項だけ作業すればよい。
AIND-D10982	DOLLAR3_STUB	処理済みの転送見出し（$$$）が同じブロックに同居	◎	###$694882948743$# $$$	لحجر مات سنة سبع وعشرين بمكة أرخه ابن فهد . ###$694882948743$# $$$ أبو سعد بن القطان في محمد بن محمد بن عبيد .	処理済みなので作業不要。ブロック先頭の項だけ作業すればよい。
AIND-D10983	ELLIPSIS	原文の欠落（lacuna）	○	...	أبو سعد النموي ... ###$902727489168$# $$$ أبو سعد الهاشمي الق	欠落部は情報なしとして扱い、該当要素を立てずに作業する。
AIND-D10983	DOLLAR3_STUB	処理済みの転送見出し（$$$）が同じブロックに同居	◎	###$902727489168$# $$$	أبو سعد النموي ... ###$902727489168$# $$$ أبو سعد الهاشمي القرشي في محمد بن علي بن هاش	処理済みなので作業不要。ブロック先頭の項だけ作業すればよい。
AIND-D10983	DOLLAR3_STUB	処理済みの転送見出し（$$$）が同じブロックに同居	◎	###$489236223636$# $$$	شي في محمد بن علي بن هاشم بن علي بن مسعود . ###$489236223636$# $$$ أبو السعود بن الأقصرائي يأتي في ابن يحيى قري	処理済みなので作業不要。ブロック先頭の項だけ作業すればよい。
AIND-D10983	DOLLAR3_STUB	処理済みの転送見出し（$$$）が同じブロックに同居	◎	###$644681324180$# $$$	لسعود بن الأقصرائي يأتي في ابن يحيى قريبا . ###$644681324180$# $$$ أبو السعود بن أبي البركات في محمد بن محمد بن	処理済みなので作業不要。ブロック先頭の項だけ作業すればよい。
AIND-D10983	DOLLAR3_STUB	処理済みの転送見出し（$$$）が同じブロックに同居	◎	###$456428377748$# $$$	مد بن محمد بن محمد بن حسين بن علي بن أحمد . ###$456428377748$# $$$ أبو السعود بن حسين هو محمد بن حسين بن علي بن	処理済みなので作業不要。ブロック先頭の項だけ作業すればよい。
AIND-D10984	STAR_IDMISSING	AIND番号を持たない見出しの開始位置	△	★ID_Missing★	هيرة القرشي المكي الشافعي مضى في المحمدين . ★ID_Missing★ أبو السعود بن ظهيرة هو ابن أبي البركات الماض	作業しない。別項として採番が必要なので熊倉へ回す。
AIND-D10984	DOLLAR3_STUB	処理済みの転送見出し（$$$）が同じブロックに同居	◎	###$578935608986$# $$$	وه . تردد إلى القاهرة واليمن سمع مني بمكة . ###$578935608986$# $$$ أبو السعود بن ظهيرة هو الجمال محمد بن عالم ا	処理済みなので作業不要。ブロック先頭の項だけ作業すればよい。
AIND-D10985	DOLLAR3_STUB	処理済みの転送見出し（$$$）が同じブロックに同居	◎	###$979600692893$# $$$	تكسب بالنساخة والعمر وهو ممن سمع مني بمكة . ###$979600692893$# $$$ أبو السعود بن أبي الفضل بن ظهيرة في محمد بن	処理済みなので作業不要。ブロック先頭の項だけ作業すればよい。
AIND-D10986	DOLLAR3_STUB	処理済みの転送見出し（$$$）が同じブロックに同居	◎	###$439470806699$# $$$	ع مني بمكة وهو الآن سنة تسع وتسعين بالهند . ###$439470806699$# $$$ أبو السعود بن الكمال أبي الفضل محمد بن النجم	処理済みなので作業不要。ブロック先頭の項だけ作業すればよい。
AIND-D10986	DOLLAR3_STUB	処理済みの転送見出し（$$$）が同じブロックに同居	◎	###$150051247790$# $$$	بن أبي بكر المرجاني المكي مضى في المحمدين . ###$150051247790$# $$$ أبو السعود بن أبي الفتح محمد بن محمد بن علي	処理済みなので作業不要。ブロック先頭の項だけ作業すればよい。
AIND-D10989	DOLLAR3_STUB	処理済みの転送見出し（$$$）が同じブロックに同居	◎	###$164278326960$# $$$	يه فرجع فيها لضم التركة ولمها لطف الله به . ###$164278326960$# $$$ أبو السعود الأسيوطي محمد بن محمد بن علي بن أ	処理済みなので作業不要。ブロック先頭の項だけ作業すればよい。
AIND-D10990	DOLLAR3_STUB	処理済みの転送見出し（$$$）が同じブロックに同居	◎	###$789120571060$# $$$	أظنه قارب الستين وكان لا بأس به رحمه الله . ###$789120571060$# $$$ أبو السعود الحسيني إبرهيم بن أحمد بن علي .	処理済みなので作業不要。ブロック先頭の項だけ作業すればよい。
AIND-D10990	DOLLAR3_STUB	処理済みの転送見出し（$$$）が同じブロックに同居	◎	###$583612257974$# $$$	أبو السعود الحسيني إبرهيم بن أحمد بن علي . ###$583612257974$# $$$ أبو السعود الطوخي هو أحمد بن محمد بن أحمد بن	処理済みなので作業不要。ブロック先頭の項だけ作業すればよい。
AIND-D10990	DOLLAR3_STUB	処理済みの転送見出し（$$$）が同じブロックに同居	◎	###$831961192119$# $$$	د بن أحمد بن محمد بن محمد بن محمد بن عثمن . ###$831961192119$# $$$ أبو السعود الغراقي . هو محمد بن محمد بن محمد	処理済みなので作業不要。ブロック先頭の項だけ作業すればよい。
AIND-D10990	DOLLAR3_STUB	処理済みの転送見出し（$$$）が同じブロックに同居	◎	###$129885034168$# $$$	مد بن محمد بن محمد بن علي بن يوسف بن أحمد . ###$129885034168$# $$$ أبو سعيد بن أبي بكر بن عبد الله بن ظهيرة هو	処理済みなので作業不要。ブロック先頭の項だけ作業すればよい。
AIND-D10992	DOLLAR3_STUB	処理済みの転送見出し（$$$）が同じブロックに同居	◎	###$838223287999$# $$$	بن قرايلوك ثم أنه قتله في سنة ثلاث وسبعين . ###$838223287999$# $$$ أبو سعيد المريني صاحب فاس وما والاها في عثما	処理済みなので作業不要。ブロック先頭の項だけ作業すればよい。
AIND-D10992	DOLLAR3_STUB	処理済みの転送見出し（$$$）が同じブロックに同居	◎	###$798532589247$# $$$	فاس وما والاها في عثمان بن أحمد بن إبرهيم . ###$798532589247$# $$$ أبو سهل بن عمار في يحيى بن محمد بن عمار | ح	処理済みなので作業不要。ブロック先頭の項だけ作業すればよい。
AIND-D10992	DOLLAR3_STUB	処理済みの転送見出し（$$$）が同じブロックに同居	◎	###$557628544703$# $$$	يحيى بن محمد بن عمار | حرف الشين المعجمة . ###$557628544703$# $$$ أبو شعر هو عبد الرحمن بن سليمان بن أبي الكرم	処理済みなので作業不要。ブロック先頭の項だけ作業すればよい。
AIND-D10993	DOLLAR3_STUB	処理済みの転送見出し（$$$）が同じブロックに同居	◎	###$991923558091$# $$$	لأمشاطي وابن اسماعيل | حرف الصاد المهملة . ###$991923558091$# $$$ أبو الصفا إبرهيم بن علي بن إبرهيم بن يوسف |	処理済みなので作業不要。ブロック先頭の項だけ作業すればよい。
AIND-D10997	STAR_IDMISSING	AIND番号を持たない見出しの開始位置	△	★ID_Missing★	البدراني محمد بن الحسن بن علي بن عبد العزيز ★ID_Missing★ أبو الطيب بن البرقي هو محمد بن أبي الفضل محم	作業しない。別項として採番が必要なので熊倉へ回す。
AIND-D10997	DOLLAR3_STUB	処理済みの転送見出し（$$$）が同じブロックに同居	◎	###$744669337318$# $$$	ا ذكره شيخنا في انبائه وأرخه ابن فهد أيضا . ###$744669337318$# $$$ أبو الطاهر العلوي محمد بن محمد بن علي بن إدر	処理済みなので作業不要。ブロック先頭の項だけ作業すればよい。
AIND-D10997	DOLLAR3_STUB	処理済みの転送見出し（$$$）が同じブロックに同居	◎	###$502465058539$# $$$	مد بن علي بن إدريس بن أحمد بن محمد بن عمر . ###$502465058539$# $$$ أبو الطاهر القادري محمد بن المحب محمد بن عبد	処理済みなので作業不要。ブロック先頭の項だけ作業すればよい。
AIND-D10997	DOLLAR3_STUB	処理済みの転送見出し（$$$）が同じブロックに同居	◎	###$395841656561$# $$$	قادري محمد بن المحب محمد بن عبد الله بلكا . ###$395841656561$# $$$ أبو الطيب ابن البدراني محمد بن الحسن بن علي	処理済みなので作業不要。ブロック先頭の項だけ作業すればよい。
AIND-D10998	DOLLAR3_STUB	処理済みの転送見出し（$$$）が同じブロックに同居	◎	###$205646747380$# $$$	دفن بتربة البيبرسية عند سلفه عفا الله عنه . ###$205646747380$# $$$ أبو الطيب بن أبي الفضل بن ظهيرة هو يحيى بن م	処理済みなので作業不要。ブロック先頭の項だけ作業すればよい。
AIND-D10998	DOLLAR3_STUB	処理済みの転送見出し（$$$）が同じブロックに同居	◎	###$810167588603$# $$$	يرة هو يحيى بن محمد ابن أحمد بن ظهيرة مضى . ###$810167588603$# $$$ أبو الطيب بن أبي القسم النويري محمد بن محمد	処理済みなので作業不要。ブロック先頭の項だけ作業すればよい。
AIND-D10999	DOLLAR3_STUB	処理済みの転送見出し（$$$）が同じブロックに同居	◎	###$132443559684$# $$$	ن خرج هاربا واستمر هذا مقيما ببلده مصروفا . ###$132443559684$# $$$ أبو الطيب بن يحيى بن عبد الله الحنفي المزين	処理済みなので作業不要。ブロック先頭の項だけ作業すればよい。
AIND-D11000	DOLLAR3_STUB	処理済みの転送見出し（$$$）が同じブロックに同居	◎	###$746405779208$# $$$	ولم يخلف في مجموعه مثله رحمه الله وإيانا . ###$746405779208$# $$$ أبو الطيب السحولي محمد بن عمر بن علي . ###$	処理済みなので作業不要。ブロック先頭の項だけ作業すればよい。
AIND-D11000	DOLLAR3_STUB	処理済みの転送見出し（$$$）が同じブロックに同居	◎	###$795504301835$# $$$	$$$ أبو الطيب السحولي محمد بن عمر بن علي . ###$795504301835$# $$$ أبو الطيب العسقلاني شعبان بن محمد بن محمد بن	処理済みなので作業不要。ブロック先頭の項だけ作業すればよい。
AIND-D11001	DOLLAR3_STUB	処理済みの転送見出し（$$$）が同じブロックに同居	◎	###$372882036493$# $$$	اة وهو والد المحمدين أبي اليمن وأبي النجا . ###$372882036493$# $$$ أبو الطيب النستراوي محمد بن محمد بن محمد بن	処理済みなので作業不要。ブロック先頭の項だけ作業すればよい。
AIND-D11001	DOLLAR3_STUB	処理済みの転送見出し（$$$）が同じブロックに同居	◎	###$137350895377$# $$$	محمد بن محمد بن محمد بن عبد الله بن أحمد . ###$137350895377$# $$$ أبو الطيب النقاوسي المغربي محمد بن أبي عبد ا	処理済みなので作業不要。ブロック先頭の項だけ作業すればよい。
AIND-D11001	DOLLAR3_STUB	処理済みの転送見出し（$$$）が同じブロックに同居	◎	###$931110344473$# $$$	ن أبي علي في الأسماء | حرف العين المهملة . ###$931110344473$# $$$ أبو العباس بن محمود بن أحمد الحصيري في النظا	処理済みなので作業不要。ブロック先頭の項だけ作業すればよい。
AIND-D11001	DOLLAR3_STUB	処理済みの転送見出し（$$$）が同じブロックに同居	◎	###$744551896859$# $$$	الحصيري في النظام بن الحصيري من الألقاب ? . ###$744551896859$# $$$ أبو العباس بن ساج هو أحمد بن يوسف بن أحمد بن	処理済みなので作業不要。ブロック先頭の項だけ作業すればよい。
AIND-D11001	DOLLAR3_STUB	処理済みの転送見出し（$$$）が同じブロックに同居	◎	###$827137742620$# $$$	اس بن ساج هو أحمد بن يوسف بن أحمد بن يوسف . ###$827137742620$# $$$ أبو العباس بن الضيا هو أحمد بن موسى بن إبرهي	処理済みなので作業不要。ブロック先頭の項だけ作業すればよい。
AIND-D11002	DOLLAR3_STUB	処理済みの転送見出し（$$$）が同じブロックに同居	◎	###$916308645664$# $$$	الناشري واسمه عبد السلام ممن سمع مني بمكة . ###$916308645664$# $$$ أبو العباس بن الغمري . هو أحمد بن محمد بن عم	処理済みなので作業不要。ブロック先頭の項だけ作業すればよい。
AIND-D11004	DOLLAR3_STUB	処理済みの転送見出し（$$$）が同じブロックに同居	◎	###$244653774635$# $$$	372 أبو العباس البليني ممن أخذ عن شيخنا . ###$244653774635$# $$$ أبو العباس الحنفي هو أحمد بن محمد بن عبد الغ	処理済みなので作業不要。ブロック先頭の項だけ作業すればよい。
AIND-D11004	DOLLAR3_STUB	処理済みの転送見出し（$$$）が同じブロックに同居	◎	###$719503513389$# $$$	لعباس الحنفي هو أحمد بن محمد بن عبد الغني . ###$719503513389$# $$$ أبو العباس المجدلي الواعظ هو أحمد بن عبد الل	処理済みなので作業不要。ブロック先頭の項だけ作業すればよい。
AIND-D11005	STAR_IDMISSING	AIND番号を持たない見出しの開始位置	△	★ID_Missing★	بد القادر المقري علي بن حسن بن علي بن بدر . ★ID_Missing★ أبو عبد الله بن آجروم محمد بن محمد ابن داود	作業しない。別項として採番が必要なので熊倉へ回す。
AIND-D11005	DOLLAR3_STUB	処理済みの転送見出し（$$$）が同じブロックに同居	◎	###$484765095728$# $$$	ين وكان ذلك ابتداء تكلم المرافع في الدولة . ###$484765095728$# $$$ أبو عبد القادر المقري علي بن حسن بن علي بن ب	処理済みなので作業不要。ブロック先頭の項だけ作業すればよい。
AIND-D11005	DOLLAR3_STUB	処理済みの転送見出し（$$$）が同じブロックに同居	◎	###$531984570167$# $$$	و عبد الله بن آجروم محمد بن محمد ابن داود . ###$531984570167$# $$$ أبو عبد الله بن أبي الخير هو محمد بن محمد بن	処理済みなので作業不要。ブロック先頭の項だけ作業すればよい。
AIND-D11006	PLUSMIN	語末に付く注記マーカー（語を分断しない）	◎	±±±	إحدى وسبعين وكذا سمع على أشياء ويتعانى النظم±±± ويرمى بما كان أبوه يذكر به . ###$3372598126	無視してよい。記号を取り除いた語がそのまま正しい読み。
AIND-D11006	STAR_IDMISSING	AIND番号を持たない見出しの開始位置	△	★ID_Missing★	كريم بن ظهيرة هو محمد بن عبد الكريم بن أحمد ★ID_Missing★أبو عبد الله بن أبي عبد الله محمد بن أبي فارس	作業しない。別項として採番が必要なので熊倉へ回す。
AIND-D11006	DOLLAR3_STUB	処理済みの転送見出し（$$$）が同じブロックに同居	◎	###$337259812665$# $$$	تعانى النظم±±± ويرمى بما كان أبوه يذكر به . ###$337259812665$# $$$ أبو عبد الله بن ظهيرة هو محمد بن محمد بن محم	処理済みなので作業不要。ブロック先頭の項だけ作業すればよい。
AIND-D11006	DOLLAR3_STUB	処理済みの転送見出し（$$$）が同じブロックに同居	◎	###$926450472767$# $$$	لمغربي ويسمى كأبيه محمدا . مضى في الأسماء . ###$926450472767$# $$$ أبو عبد الله بن المحتسب . في محمد بن يوسف بن	処理済みなので作業不要。ブロック先頭の項だけ作業すればよい。
AIND-D11006	DOLLAR3_STUB	処理済みの転送見出し（$$$）が同じブロックに同居	◎	###$861501675330$# $$$	الله بن المحتسب . في محمد بن يوسف بن حسين . ###$861501675330$# $$$ أبو عبد الله الأيسر . هو محمد بن نصر بن محمد	処理済みなので作業不要。ブロック先頭の項だけ作業すればよい。
AIND-D11006	DOLLAR3_STUB	処理済みの転送見出し（$$$）が同じブロックに同居	◎	###$758447626050$# $$$	هو محمد بن نصر بن محمد بن يوسف بن الأحمر . ###$758447626050$# $$$ أبو عبد الله الريمي في محمد بن علي بن محمد .	処理済みなので作業不要。ブロック先頭の項だけ作業すればよい。
AIND-D11006	DOLLAR3_STUB	処理済みの転送見出し（$$$）が同じブロックに同居	◎	###$970964621124$# $$$	بو عبد الله الريمي في محمد بن علي بن محمد . ###$970964621124$# $$$ أبو عبد الله الفاسي أخو أبي الخير هو محمد بن	処理済みなので作業不要。ブロック先頭の項だけ作業すればよい。
AIND-D11006	DOLLAR3_STUB	処理済みの転送見出し（$$$）が同じブロックに同居	◎	###$907953592135$# $$$	د اللطيف بن أبي السرور محمد بن عبد الرحمن . ###$907953592135$# $$$ أبو عبد الله الفيومي . في محمد بن عمر بن عبد	処理済みなので作業不要。ブロック先頭の項だけ作業すればよい。
AIND-D11006	DOLLAR3_STUB	処理済みの転送見出し（$$$）が同じブロックに同居	◎	###$885451151176$# $$$	مي . في محمد بن عمر بن عبد العزيز بن أحمد . ###$885451151176$# $$$ أبو عبد الله الناشري . هو محمد بن عبد الله ب	処理済みなので作業不要。ブロック先頭の項だけ作業すればよい。
AIND-D11006	DOLLAR3_STUB	処理済みの転送見出し（$$$）が同じブロックに同居	◎	###$296377931594$# $$$	محمد بن عبد الله بن عمر بن أبي بكر بن عمر . ###$296377931594$# $$$ أبو عبد الله النويري المالكي . هو محمد بن عل	処理済みなので作業不要。ブロック先頭の項だけ作業すればよい。
AIND-D11006	DOLLAR3_STUB	処理済みの転送見出し（$$$）が同じブロックに同居	◎	###$957161166668$# $$$	أحمد بن عبد العزيز بن القسم بن عبد الرحمن . ###$957161166668$# $$$ أبو عبد الله النويري الصغير هو محمد بن محمد	処理済みなので作業不要。ブロック先頭の項だけ作業すればよい。
AIND-D11006	DOLLAR3_STUB	処理済みの転送見出し（$$$）が同じブロックに同居	◎	###$743624955725$# $$$	محمد بن محمد بن علي بن أحمد بن عبد العزيز . ###$743624955725$# $$$ أبو العدل البلقيني قاسم بن عبد الرحمن بن عمر	処理済みなので作業不要。ブロック先頭の項だけ作業すればよい。
AIND-D11007	STAR_HEADWORD	未採番見出しの境界（1ブロックに複数見出しが同居）	△	★محمد★	العزم المقدسي اثنان محمد بن محمد بن يوسف . و★محمد★ بن حسن بن أحمد . | حرف الغين المعجمة .	作業しない。ブロック内の2件目以降は別項として採番が必要。
AIND-D11007	DOLLAR3_STUB	処理済みの転送見出し（$$$）が同じブロックに同居	◎	###$203050473297$# $$$	أبو العريان . ###$203050473297$# $$$ أبو العزم المقدسي اثنان محمد بن محمد بن يوسف	処理済みなので作業不要。ブロック先頭の項だけ作業すればよい。
AIND-D11009	STAR_IDMISSING	AIND番号を持たない見出しの開始位置	△	★ID_Missing★	في ربيع الأول سنة أربع وتسعين عن بضع وسبعين ★ID_Missing★ أبو الغوائر صاحب جازان وابن صاحبها وهو أحمد	作業しない。別項として採番が必要なので熊倉へ回す。
AIND-D11011	DOLLAR3_STUB	処理済みの転送見出し（$$$）が同じブロックに同居	◎	###$732015122265$# $$$	ت في المحرم ثمان وسبعين بمكة أرخه ابن فهد . ###$732015122265$# $$$ أبو الغيث بن زبرق . في محمد بن عبد القادر بن	処理済みなので作業不要。ブロック先頭の項だけ作業すればよい。
AIND-D11011	DOLLAR3_STUB	処理済みの転送見出し（$$$）が同じブロックに同居	◎	###$518558603103$# $$$	برق . في محمد بن عبد القادر بن عبد الرحمن . ###$518558603103$# $$$ أبو الغيث بن الصفي . في محمد بن يوسف بن أحمد	処理済みなので作業不要。ブロック先頭の項だけ作業すればよい。
AIND-D11020	DOLLAR3_STUB	処理済みの転送見出し（$$$）が同じブロックに同居	◎	###$400233092980$# $$$	نية سنة خمس وتسعين ودفن على أبيه بالمعلاة . ###$400233092980$# $$$ أبو الفتح بن أحمد بن محمد بن محمد بن محمد بن	処理済みなので作業不要。ブロック先頭の項だけ作業すればよい。
AIND-D11021	DOLLAR3_STUB	処理済みの転送見出し（$$$）が同じブロックに同居	◎	###$458244511610$# $$$	انة منه ركعتين وعد ذلك في صلاحه رحمه الله . ###$458244511610$# $$$ أبو الفتح بن إسمعيل آخر هو محمد بن علي بن أح	処理済みなので作業不要。ブロック先頭の項だけ作業すればよい。
AIND-D11021	DOLLAR3_STUB	処理済みの転送見出し（$$$）が同じブロックに同居	◎	###$892174620539$# $$$	لفتح بن إسمعيل آخر هو محمد بن علي بن أحمد . ###$892174620539$# $$$ أبو الفتح بن برية مباشر منفلوط وأخو أبي البق	処理済みなので作業不要。ブロック先頭の項だけ作業すればよい。
AIND-D11021	DOLLAR3_STUB	処理済みの転送見出し（$$$）が同じブロックに同居	◎	###$923019532155$# $$$	ا شمس الدين محمد أخى يحيى ابني كريم الدين . ###$923019532155$# $$$ أبو الفتح بن أبي بكر بن الحسين المراغي في مح	処理済みなので作業不要。ブロック先頭の項だけ作業すればよい。
AIND-D11021	DOLLAR3_STUB	処理済みの転送見出し（$$$）が同じブロックに同居	◎	###$986143807359$# $$$	لفتح بن أبي بكر بن الحسين المراغي في محمد . ###$986143807359$# $$$ أبو الفتح بن أبي بكر بن رسلان البلقيني في مح	処理済みなので作業不要。ブロック先頭の項だけ作業すればよい。
AIND-D11021	DOLLAR3_STUB	処理済みの転送見出し（$$$）が同じブロックに同居	◎	###$800847845248$# $$$	لفتح بن أبي بكر بن رسلان البلقيني في محمد . ###$800847845248$# $$$ أبو الفتح بن تقي هو محمد بن محمد تقي بن عبد	処理済みなので作業不要。ブロック先頭の項だけ作業すればよい。
AIND-D11022	ELLIPSIS	原文の欠落（lacuna）	○	...	387 أبو الفتح بن حرمي هو محمد بن ... ابن أخت البهاء بن حرمى وابن عمه سمع معه على	欠落部は情報なしとして扱い、該当要素を立てずに作業する。
AIND-D11024	DOLLAR3_STUB	処理済みの転送見出し（$$$）が同じブロックに同居	◎	###$163426883471$# $$$	حمد بن أبي بكر هكذا كتبه البقاعي لم يزد ? . ###$163426883471$# $$$ أبو الفتح بن حمام في محمد بن محمد بن عبد الل	処理済みなので作業不要。ブロック先頭の項だけ作業すればよい。
AIND-D11025	STAR_HEADWORD	未採番見出しの境界（1ブロックに複数見出しが同居）	△	★محمد★	تح بن صالح محمد بن صالح بن عمر بن رسلان . و★محمد★ بن عبد الرحمن ابن صالح . ###$207987169178$#	作業しない。ブロック内の2件目以降は別項として採番が必要。
AIND-D11025	DOLLAR3_STUB	処理済みの転送見出し（$$$）が同じブロックに同居	◎	###$278455670675$# $$$	جاني المكي الماضي أبوه . ممن سمع مني بمكة . ###$278455670675$# $$$ أبو الفتح بن سعيد بن أبي الفتح محمد بن عبد ا	処理済みなので作業不要。ブロック先頭の項だけ作業すればよい。
AIND-D11025	DOLLAR3_STUB	処理済みの転送見出し（$$$）が同じブロックに同居	◎	###$480797284247$# $$$	اب الأنصاري الزرندي المدني واسمه محمد مضى . ###$480797284247$# $$$ أبو الفتح بن صالح محمد بن صالح بن عمر بن رسل	処理済みなので作業不要。ブロック先頭の項だけ作業すればよい。
AIND-D11025	DOLLAR3_STUB	処理済みの転送見出し（$$$）が同じブロックに同居	◎	###$207987169178$# $$$	رسلان . و★محمد★ بن عبد الرحمن ابن صالح . ###$207987169178$# $$$ أبو الفتح بن ظهيرة محمد بن عثمان بن أبي بكر	処理済みなので作業不要。ブロック先頭の項だけ作業すればよい。
AIND-D11026	DOLLAR3_STUB	処理済みの転送見出し（$$$）が同じブロックに同居	◎	###$861065467804$# $$$	رفقاسي شدة فركب هو وابوه البحر من الينبوع . ###$861065467804$# $$$ أبو الفتح بن عبد القادر . في الفاسي قريبا .	処理済みなので作業不要。ブロック先頭の項だけ作業すればよい。
AIND-D11027	DOLLAR3_STUB	処理済みの転送見出し（$$$）が同じブロックに同居	◎	###$543321773982$# $$$	قعدة سنة ثمان وثلاثين وذكره البقاعي مجردا . ###$543321773982$# $$$ أبو الفتح بن علي بن عمر بن إبرهيم بن أبي بكر	処理済みなので作業不要。ブロック先頭の項だけ作業すればよい。
AIND-D11028	DOLLAR3_STUB	処理済みの転送見出し（$$$）が同じブロックに同居	◎	###$371963484062$# $$$	ه فيه مؤلف والصرف والمعاني والبيان وغيرها . ###$371963484062$# $$$ أبو الفتح بن الغمري هو محمد بن أحمد بن محمد	処理済みなので作業不要。ブロック先頭の項だけ作業すればよい。
AIND-D11029	DOLLAR3_STUB	処理済みの転送見出し（$$$）が同じブロックに同居	◎	###$353315608476$# $$$	لد سنة خمس وثمانمائة ومات سنة ثلاث وسبعين . ###$353315608476$# $$$ أبو الفتح بن المحب بن ظهيرة محمد بن أحمد بن	処理済みなので作業不要。ブロック先頭の項だけ作業すればよい。
AIND-D11034	DOLLAR3_STUB	処理済みの転送見出し（$$$）が同じブロックに同居	◎	###$302589695920$# $$$	ى زينب ابنة اليافعي المسلسل بقراءة الفتحى . ###$302589695920$# $$$ أبو الفتح بن محمد بن مظفر الدين مظفر بن عبد	処理済みなので作業不要。ブロック先頭の項だけ作業すればよい。
AIND-D11036	DOLLAR3_STUB	処理済みの転送見出し（$$$）が同じブロックに同居	◎	###$389491480506$# $$$	لأولى سنة خمسين عفا الله عنه ورحمه وإيانا . ###$389491480506$# $$$ أبو الفتح بن وفا في محمد بن أحمد بن محمد بن	処理済みなので作業不要。ブロック先頭の項だけ作業すればよい。
AIND-D11037	DOLLAR3_STUB	処理済みの転送見出し（$$$）が同じブロックに同居	◎	###$659403331519$# $$$	في أثناء المحرم سنة تسع وسبعين رحمه الله . ###$659403331519$# $$$ أبو الفتح بن البلقيني في محمد بن محمد بن محم	処理済みなので作業不要。ブロック先頭の項だけ作業すればよい。
AIND-D11037	DOLLAR3_STUB	処理済みの転送見出し（$$$）が同じブロックに同居	◎	###$992980522947$# $$$	ي في محمد بن محمد بن محمد بن عمر بن رسلان . ###$992980522947$# $$$ أبو الفتح بن القاياتي محمد بن محمد بن علي بن	処理済みなので作業不要。ブロック先頭の項だけ作業すればよい。
AIND-D11037	DOLLAR3_STUB	処理済みの転送見出し（$$$）が同じブロックに同居	◎	###$781461772228$# $$$	بن القاياتي محمد بن محمد بن علي بن يعقوب . ###$781461772228$# $$$ أبو الفتح بن المرجاني محمد بن محمد بن أبي بك	処理済みなので作業不要。ブロック先頭の項だけ作業すればよい。
AIND-D11037	DOLLAR3_STUB	処理済みの転送見出し（$$$）が同じブロックに同居	◎	###$929751390149$# $$$	ي محمد بن محمد بن أبي بكر بن علي بن يوسف . ###$929751390149$# $$$ أبو الفتح الجوهري محمد بن محمد بن عبد الله .	処理済みなので作業不要。ブロック先頭の項だけ作業すればよい。
AIND-D11037	DOLLAR3_STUB	処理済みの転送見出し（$$$）が同じブロックに同居	◎	###$722397583307$# $$$	بو الفتح الجوهري محمد بن محمد بن عبد الله . ###$722397583307$# $$$ أبو الفتح الحجازي المكتب محمد بن محمد بن محم	処理済みなので作業不要。ブロック先頭の項だけ作業すればよい。
AIND-D11037	DOLLAR3_STUB	処理済みの転送見出し（$$$）が同じブロックに同居	◎	###$363868477388$# $$$	حجازي المكتب محمد بن محمد بن محمد بن أحمد . ###$363868477388$# $$$ أبو الفتح الرسام محمد بن محمد بن أحمد بن عبد	処理済みなので作業不要。ブロック先頭の項だけ作業すればよい。
AIND-D11037	DOLLAR3_STUB	処理済みの転送見出し（$$$）が同じブロックに同居	◎	###$109882398669$# $$$	ح الرسام محمد بن محمد بن أحمد بن عبد الله . ###$109882398669$# $$$ أبو الفتح الزرندي جماعة قاضي المدينة محمد بن	処理済みなので作業不要。ブロック先頭の項だけ作業すればよい。
AIND-D11037	DOLLAR3_STUB	処理済みの転送見出し（$$$）が同じブロックに同居	◎	###$827288737742$# $$$	بد الوهاب وحفيد هذا ابن سعيد بن أبي الفتح . ###$827288737742$# $$$ أبو الفتح السوهائي محمد بن محمد بن محمد بن ا	処理済みなので作業不要。ブロック先頭の項だけ作業すればよい。
AIND-D11037	DOLLAR3_STUB	処理済みの転送見出し（$$$）が同じブロックに同居	◎	###$478767241165$# $$$	السوهائي محمد بن محمد بن محمد بن اسماعيل . ###$478767241165$# $$$ أبو الفتح الطيي محمد بن محمد بن علي بن إبرهي	処理済みなので作業不要。ブロック先頭の項だけ作業すればよい。
AIND-D11038	DOLLAR3_STUB	処理済みの転送見出し（$$$）が同じブロックに同居	◎	###$608316708817$# $$$	سنة اثنتين وأربعين ودفن بالمعلاة عند سلفه . ###$608316708817$# $$$ أبو الفتح الفوي محمد بن أحمد بن أبي بكر . #	処理済みなので作業不要。ブロック先頭の項だけ作業すればよい。
AIND-D11038	DOLLAR3_STUB	処理済みの転送見出し（$$$）が同じブロックに同居	◎	###$732669433806$# $$$	$ أبو الفتح الفوي محمد بن أحمد بن أبي بكر . ###$732669433806$# $$$ أبو الفتح الفيومي أحمد بن عبد النور بن أحمد	処理済みなので作業不要。ブロック先頭の項だけ作業すればよい。
AIND-D11038	DOLLAR3_STUB	処理済みの転送見出し（$$$）が同じブロックに同居	◎	###$871974852560$# $$$	و الفتح الفيومي أحمد بن عبد النور بن أحمد . ###$871974852560$# $$$ أبو الفتح القمني الواعظ محمد بن عبد الرحمن ب	処理済みなので作業不要。ブロック先頭の項だけ作業すればよい。
AIND-D11038	DOLLAR3_STUB	処理済みの転送見出し（$$$）が同じブロックに同居	◎	###$852999821277$# $$$	الواعظ محمد بن عبد الرحمن بن محمد بن يحيى . ###$852999821277$# $$$ أبو الفتح المراغي محمد بن أبي بكر بن الحسين	処理済みなので作業不要。ブロック先頭の項だけ作業すればよい。
AIND-D11038	DOLLAR3_STUB	処理済みの転送見出し（$$$）が同じブロックに同居	◎	###$259719714782$# $$$	ح المراغي محمد بن أبي بكر بن الحسين بن عمر . ###$259719714782$# $$$ أبو الفتح المنصوري محمد بن البدر حسن بن عبد	処理済みなので作業不要。ブロック先頭の項だけ作業すればよい。
AIND-D11039	DOLLAR3_STUB	処理済みの転送見出し（$$$）が同じブロックに同居	◎	###$544429070302$# $$$	أباه كان أيضا قاضيا بالقلعة عفا الله عنه . ###$544429070302$# $$$ أبو الفتح المنوفي آخر نائب جدة هو البدر محمد	処理済みなので作業不要。ブロック先頭の項だけ作業すればよい。
AIND-D11040	DOLLAR3_STUB	処理済みの転送見出し（$$$）が同じブロックに同居	◎	###$767448602593$# $$$	طريقة عرفت به بحيث يقال القراءة النعمانية . ###$767448602593$# $$$ أبو الفتح الواعظ الحسيني محمد بن إبرهيم بن م	処理済みなので作業不要。ブロック先頭の項だけ作業すればよい。
AIND-D11042	DOLLAR3_STUB	処理済みの転送見出し（$$$）が同じブロックに同居	◎	###$479857760229$# $$$	منها بين الطور والينبع آخر سنة احدى وستين . ###$479857760229$# $$$ أبو الفرج بن قاسم في محمد بن عبد العزيز بن أ	処理済みなので作業不要。ブロック先頭の項だけ作業すればよい。
AIND-D11044	DOLLAR3_STUB	処理済みの転送見出し（$$$）が同じブロックに同居	◎	###$732317112300$# $$$	اء رحمه الله وأظنه أبا الفتح الماضي قريبا . ###$732317112300$# $$$ أبو الفرج الكازروني هو محمد بن محمد بن أحمد	処理済みなので作業不要。ブロック先頭の項だけ作業すればよい。
AIND-D11044	DOLLAR3_STUB	処理済みの転送見出し（$$$）が同じブロックに同居	◎	###$380440172528$# $$$	هو محمد بن محمد بن أحمد بن محمد بن محمود . ###$380440172528$# $$$ أبو الفرج المراغي محمد بن أبي بكر بن الحسين	処理済みなので作業不要。ブロック先頭の項だけ作業すればよい。
AIND-D11047	STAR_IDMISSING	AIND番号を持たない見出しの開始位置	△	★ID_Missing★	حمد بن محمد بن وفا غرق وهو عبد الرحمن مضى . ★ID_Missing★ أبو الفضل ابن أخي الريس في أحمد بن أبي بكر ب	作業しない。別項として採番が必要なので熊倉へ回す。
AIND-D11047	DOLLAR3_STUB	処理済みの転送見出し（$$$）が同じブロックに同居	◎	###$896209541114$# $$$	د بن الضياء المكي الحنفي ممن سمع مني بمكة . ###$896209541114$# $$$ أبو الفضائل المرشدي في محمد بن محمد بن إبرهي	処理済みなので作業不要。ブロック先頭の項だけ作業すればよい。
AIND-D11047	DOLLAR3_STUB	処理済みの転送見出し（$$$）が同じブロックに同居	◎	###$325444458490$# $$$	الفضائل المرشدي في محمد بن محمد بن إبرهيم . ###$325444458490$# $$$ أبو الفضل بن أحمد بن محمد بن أحمد بن عبد الع	処理済みなので作業不要。ブロック先頭の項だけ作業すればよい。
AIND-D11047	DOLLAR3_STUB	処理済みの転送見出し（$$$）が同じブロックに同居	◎	###$518734764029$# $$$	ريبا ويسمى كل منها محمدا مضيا في المحمدين . ###$518734764029$# $$$ أبو الفضل بن أحمد بن محمد بن محمد بن وفا غرق	処理済みなので作業不要。ブロック先頭の項だけ作業すればよい。
AIND-D11047	DOLLAR3_STUB	処理済みの転送見出し（$$$）が同じブロックに同居	◎	###$733659289599$# $$$	أخي الريس في أحمد بن أبي بكر بن عبد الله . ###$733659289599$# $$$ أبو الفضل بن أسد في ابن محمد بن أحمد بن أسد	処理済みなので作業不要。ブロック先頭の項だけ作業すればよい。
AIND-D11047	DOLLAR3_STUB	処理済みの転送見出し（$$$）が同じブロックに同居	◎	###$610996869120$# $$$	و الفضل بن أسد في ابن محمد بن أحمد بن أسد . ###$610996869120$# $$$ أبو الفضل بن الإمام المغربي المالكي في محمد	処理済みなので作業不要。ブロック先頭の項だけ作業すればよい。
AIND-D11047	DOLLAR3_STUB	処理済みの転送見出し（$$$）が同じブロックに同居	◎	###$375633500160$# $$$	يزي والده يحيى بن عبد الرحمن وهناك ترجمته . ###$375633500160$# $$$ أبو الفضل بن الإمام الدمشقي الشافعي هو المحب	処理済みなので作業不要。ブロック先頭の項だけ作業すればよい。
AIND-D11047	DOLLAR3_STUB	処理済みの転送見出し（$$$）が同じブロックに同居	◎	###$171001796610$# $$$	فعي هو المحب محمد بن أحمد بن محمد بن أيوب . ###$171001796610$# $$$ أبو الفضل بن الأوجاقي في عبد الرحيم بن محمد	処理済みなので作業不要。ブロック先頭の項だけ作業すればよい。
AIND-D11048	DOLLAR3_STUB	処理済みの転送見出し（$$$）が同じブロックに同居	◎	###$408512649220$# $$$	ولكنه لم يمت حتى خذل وأهين وقاسى شدة وقلة . ###$408512649220$# $$$ أبو الفضل بن البرقي في محمد بن محمد بن علي ب	処理済みなので作業不要。ブロック先頭の項だけ作業すればよい。
AIND-D11048	DOLLAR3_STUB	処理済みの転送見出し（$$$）が同じブロックに同居	◎	###$758187579398$# $$$	حمد بن علي بن محمد بن محمد بن حسين بن علي . ###$758187579398$# $$$ أبو الفضل بن البقري في مجد الدين من الألقاب	処理済みなので作業不要。ブロック先頭の項だけ作業すればよい。
AIND-D11048	DOLLAR3_STUB	処理済みの転送見出し（$$$）が同じブロックに同居	◎	###$105381910535$# $$$	و الفضل بن البقري في مجد الدين من الألقاب . ###$105381910535$# $$$ أبو الفضل بن جلود في علم الدين . ###$408223	処理済みなので作業不要。ブロック先頭の項だけ作業すればよい。
AIND-D11048	DOLLAR3_STUB	処理済みの転送見出し（$$$）が同じブロックに同居	◎	###$408223242248$# $$$	0535$# $$$ أبو الفضل بن جلود في علم الدين . ###$408223242248$# $$$ أبو الفضل بن الجمال المرجاني المكي أخو أبي ا	処理済みなので作業不要。ブロック先頭の項だけ作業すればよい。
AIND-D11048	DOLLAR3_STUB	処理済みの転送見出し（$$$）が同じブロックに同居	◎	###$655045449737$# $$$	الماضي هو محمد بن محمد بن أبي بكر بن علي . ###$655045449737$# $$$ أبو الفضل بن حجر أحمد بن علي بن محمد بن محمد	処理済みなので作業不要。ブロック先頭の項だけ作業すればよい。
AIND-D11048	DOLLAR3_STUB	処理済みの転送見出し（$$$）が同じブロックに同居	◎	###$354393544713$# $$$	لي بن محمد بن محمد بن علي بن أحمد أستاذنا . ###$354393544713$# $$$ أبو الفضل بن الحنفي في عبد الرحمن بن محمد بن	処理済みなので作業不要。ブロック先頭の項だけ作業すればよい。
AIND-D11048	DOLLAR3_STUB	処理済みの転送見出し（$$$）が同じブロックに同居	◎	###$584467896328$# $$$	د الرحمن بن محمد بن حسن وسماه بعضهم محمدا . ###$584467896328$# $$$ أبو الفضل بن الردادي في محمد بن علي بن محمد	処理済みなので作業不要。ブロック先頭の項だけ作業すればよい。
AIND-D11048	DOLLAR3_STUB	処理済みの転送見出し（$$$）が同じブロックに同居	◎	###$951150729230$# $$$	في محمد بن علي بن محمد بن عمر بن عبد الله . ###$951150729230$# $$$ أبو الفضل بن الزين هو محمد بن محمد بن أحمد ب	処理済みなので作業不要。ブロック先頭の項だけ作業すればよい。
AIND-D11048	DOLLAR3_STUB	処理済みの転送見出し（$$$）が同じブロックに同居	◎	###$918611318800$# $$$	بن محمد بن أحمد بن أبي الخير بن حسين مضى . ###$918611318800$# $$$ أبو الفضل بن ظهيرة جماعة الكمال محمد بن أحمد	処理済みなので作業不要。ブロック先頭の項だけ作業すればよい。
AIND-D11048	DOLLAR3_STUB	処理済みの転送見出し（$$$）が同じブロックに同居	◎	###$870305519633$# $$$	د سبط ابن اليافعي والعباس بن محمد بن محمد . ###$870305519633$# $$$ أبو الفضل بن عبد الرحمن النويري محمد بن عبد	処理済みなので作業不要。ブロック先頭の項だけ作業すればよい。
AIND-D11052	DOLLAR3_STUB	処理済みの転送見出し（$$$）が同じブロックに同居	◎	###$520399902758$# $$$	محمد بن عبد الرحمن السنباطي الكتبي في علي . ###$520399902758$# $$$ أبو الفضل بن عرب موقع الأتابك أزبك في محمد ب	処理済みなので作業不要。ブロック先頭の項だけ作業すればよい。
AIND-D11054	DOLLAR3_STUB	処理済みの転送見出し（$$$）が同じブロックに同居	◎	###$514527877163$# $$$	ان على ابنته فرح وماتت تحته وتركت له ابنة . ###$514527877163$# $$$ أبو الفضل بن أبي اللطف علي بن محمد بن علي بن	処理済みなので作業不要。ブロック先頭の項だけ作業すればよい。
AIND-D11055	DOLLAR3_STUB	処理済みの転送見出し（$$$）が同じブロックに同居	◎	###$969240762418$# $$$	الأجل بزبيد في سنة أربع عشرة ذكره الفاسي . ###$969240762418$# $$$ أبو الفضل بن المراغي هو الكمال محمد بن محمد	処理済みなので作業不要。ブロック先頭の項だけ作業すればよい。
AIND-D11055	DOLLAR3_STUB	処理済みの転送見出し（$$$）が同じブロックに同居	◎	###$195035158578$# $$$	بن محمد بن محمد بن أبي بكر بن الحسين مضى . ###$195035158578$# $$$ أبو الفضل بن المصري في محمد بن أبي بكر بن عل	処理済みなので作業不要。ブロック先頭の項だけ作業すればよい。
AIND-D11055	DOLLAR3_STUB	処理済みの転送見出し（$$$）が同じブロックに同居	◎	###$370759718962$# $$$	الفضل بن المصري في محمد بن أبي بكر بن علي . ###$370759718962$# $$$ أبو الفضل بن أبي المكارم في أبي الفضل بن ظهي	処理済みなので作業不要。ブロック先頭の項だけ作業すればよい。
AIND-D11056	STAR_IDMISSING	AIND番号を持たない見出しの開始位置	△	★ID_Missing★	د وجده أيضا يكنى أبا الفضل كما تقدم قريبا . ★ID_Missing★ أبو الفضل الأقفهسي التاجر مضى قريبا في ابن ع	作業しない。別項として採番が必要なので熊倉へ回す。
AIND-D11056	DOLLAR3_STUB	処理済みの転送見出し（$$$）が同じブロックに同居	◎	###$362983479359$# $$$	دفن عند سيدي مرزوق وخلف عبد القادر ومحمدا . ###$362983479359$# $$$ أبو الفضل بن وفا هو محمد بن محمد بن عبد الرح	処理済みなので作業不要。ブロック先頭の項だけ作業すればよい。
AIND-D11056	DOLLAR3_STUB	処理済みの転送見出し（$$$）が同じブロックに同居	◎	###$333006788672$# $$$	فضل الأقفهسي التاجر مضى قريبا في ابن عيسى . ###$333006788672$# $$$ أبو الفضل الحنفي في ابن الحنفي قريبا وأنه عب	処理済みなので作業不要。ブロック先頭の項だけ作業すればよい。
AIND-D11056	DOLLAR3_STUB	処理済みの転送見出し（$$$）が同じブロックに同居	◎	###$656492484672$# $$$	حنفي قريبا وأنه عبد الرحمن بن محمد بن حسن . ###$656492484672$# $$$ أبو الفضل السنباطي المكتب مضى قريبا في ابن ع	処理済みなので作業不要。ブロック先頭の項だけ作業すればよい。
AIND-D11056	DOLLAR3_STUB	処理済みの転送見出し（$$$）が同じブロックに同居	◎	###$503341668415$# $$$	سنباطي المكتب مضى قريبا في ابن عبد الوهاب . ###$503341668415$# $$$ أبو الفضل العراقي هو عبد الرحيم بن الحسين بن	処理済みなので作業不要。ブロック先頭の項だけ作業すればよい。
AIND-D11056	DOLLAR3_STUB	処理済みの転送見出し（$$$）が同じブロックに同居	◎	###$756774099013$# $$$	اقي هو عبد الرحيم بن الحسين بن عبد الرحمن . ###$756774099013$# $$$ أبو الفضل القزويني في عماد الدين . ###$8771	処理済みなので作業不要。ブロック先頭の項だけ作業すればよい。
AIND-D11056	DOLLAR3_STUB	処理済みの転送見出し（$$$）が同じブロックに同居	◎	###$877117069383$# $$$	13$# $$$ أبو الفضل القزويني في عماد الدين . ###$877117069383$# $$$ أبو الفضل المحلي في محمد بن محمد بن عبد الل	処理済みなので作業不要。ブロック先頭の項だけ作業すればよい。
AIND-D11056	DOLLAR3_STUB	処理済みの転送見出し（$$$）が同じブロックに同居	◎	###$523994421319$# $$$	لي في محمد بن محمد بن عبد اللطيف بن أحمد . ###$523994421319$# $$$ أبو الفضل المرجاني في محمد ابن محمد بن أبي	処理済みなので作業不要。ブロック先頭の項だけ作業すればよい。
AIND-D11056	DOLLAR3_STUB	処理済みの転送見出し（$$$）が同じブロックに同居	◎	###$332306339914$# $$$	ابن محمد بن أبي بكر وقد أشير إليه قريبا . ###$332306339914$# $$$ أبو الفضل المشدالي المغربي هو محمد بن محمد ب	処理済みなので作業不要。ブロック先頭の項だけ作業すればよい。
AIND-D11056	DOLLAR3_STUB	処理済みの転送見出し（$$$）が同じブロックに同居	◎	###$647550228555$# $$$	غربي هو محمد بن محمد بن أبي القسم بن محمد . ###$647550228555$# $$$ أبو الفضل المنوفي إمام الزاهد هو محمد بن عبد	処理済みなので作業不要。ブロック先頭の項だけ作業すればよい。
AIND-D11056	DOLLAR3_STUB	処理済みの転送見出し（$$$）が同じブロックに同居	◎	###$366863210575$# $$$	إمام الزاهد هو محمد بن عبد الرزاق بن أحمد . ###$366863210575$# $$$ أبو الفضل النويري اثنان محمد بن عبد الرحمن ب	処理済みなので作業不要。ブロック先頭の項だけ作業すればよい。
AIND-D11057	DOLLAR3_STUB	処理済みの転送見出し（$$$）が同じブロックに同居	◎	###$239201179727$# $$$	النواب المجددين وجلس بحانوت قناطر السباع . ###$239201179727$# $$$ أبو الفوز بن البريدي محمد بن علي بن عادل .	処理済みなので作業不要。ブロック先頭の項だけ作業すればよい。
AIND-D11057	DOLLAR3_STUB	処理済みの転送見出し（$$$）が同じブロックに同居	◎	###$647613143119$# $$$	أبو الفوز بن البريدي محمد بن علي بن عادل . ###$647613143119$# $$$ أبو الفوز ربيب الأمشاطي محمد بن عبد الرحمن .	処理済みなので作業不要。ブロック先頭の項だけ作業すればよい。
AIND-D11057	DOLLAR3_STUB	処理済みの転送見出し（$$$）が同じブロックに同居	◎	###$656005945423$# $$$	بو الفوز ربيب الأمشاطي محمد بن عبد الرحمن . ###$656005945423$# $$$ أبو الفيض محمد بن علي بن عبد الله . | حرف ا	処理済みなので作業不要。ブロック先頭の項だけ作業すればよい。
AIND-D11065	DOLLAR3_STUB	処理済みの転送見出し（$$$）が同じブロックに同居	◎	###$499378051170$# $$$	الباعوني وكان البرزلي موصوفا بشيخ الإسلام . ###$499378051170$# $$$ أبو القسم بن أحمد بن محمد النويري مضى في عبد	処理済みなので作業不要。ブロック先頭の項だけ作業すればよい。
AIND-D11072	DOLLAR3_STUB	処理済みの転送見出し（$$$）が同じブロックに同居	◎	###$885522454659$# $$$	لي بعض أصحابنا بأبسط من هذا عفا الله عنه . ###$885522454659$# $$$ أبو القسم بن سعيد بن محمد بن محمد العقباني م	処理済みなので作業不要。ブロック先頭の項だけ作業すればよい。
AIND-D11086	DOLLAR3_STUB	処理済みの転送見出し（$$$）が同じブロックに同居	◎	###$860201441436$# $$$	نصفي فضلاء مكة بالفضل فيه وافرا رحمه الله . ###$860201441436$# $$$ أبو القسم بن أبي الفضل محمد بن أحمد النويري	処理済みなので作業不要。ブロック先頭の項だけ作業すればよい。
AIND-D11091	STAR_IDMISSING	AIND番号を持たない見出しの開始位置	△	★ID_Missing★	عة بتونس يأتي فيمن لم يذكر اسم أبيه قريبا . ★ID_Missing★ أبو القسم بن محمد بن محمد بن عبد الرحمن بن ص	作業しない。別項として採番が必要なので熊倉へ回す。
AIND-D11094	DOLLAR3_STUB	処理済みの転送見出し（$$$）が同じブロックに同居	◎	###$343895201969$# $$$	أشياء قبل وقوعها فتصح مات في سنة سبع عشرة . ###$343895201969$# $$$ أبو القسم بن محب الدين مضى في عبد العزيز بن	処理済みなので作業不要。ブロック先頭の項だけ作業すればよい。
AIND-D11097	STAR_IDMISSING	AIND番号を持たない見出しの開始位置	△	★ID_Missing★	شيخ تربة خشقدم يأتي في الحداد من الألقاب . ★ID_Missing★ أبو القسم البرزالي في ابن أحمد بن محمد البلو	作業しない。別項として採番が必要なので熊倉へ回す。
AIND-D11097	DOLLAR3_STUB	処理済みの転送見出し（$$$）が同じブロックに同居	◎	###$906628192442$# $$$	بد الله المراكشي المغربي ممن سمع مني بمكة . ###$906628192442$# $$$ أبو القسم الإمام شرف الدين بن زبيدة اليماني	処理済みなので作業不要。ブロック先頭の項だけ作業すればよい。
AIND-D11097	DOLLAR3_STUB	処理済みの転送見出し（$$$）が同じブロックに同居	◎	###$614767548601$# $$$	يماني مضى قريبا في ابن علي بن محمد بن علي . ###$614767548601$# $$$ أبو القسم الشريف المغربي شيخ تربة خشقدم يأتي	処理済みなので作業不要。ブロック先頭の項だけ作業すればよい。
AIND-D11098	DOLLAR3_STUB	処理済みの転送見出し（$$$）が同じブロックに同居	◎	###$442058692798$# $$$	لاثين ولم يعرف قاتله أفاده لي بعض أصحابنا . ###$442058692798$# $$$ أبو القسم التينملي هو القسم بن علي بن محمد ب	処理済みなので作業不要。ブロック先頭の項だけ作業すればよい。
AIND-D11099	DOLLAR3_STUB	処理済みの転送見出し（$$$）が同じブロックに同居	◎	###$640075978946$# $$$	ت في شعبان سنة سبع . ذكره شيخنا في انبائه . ###$640075978946$# $$$ أبو القسم الخطيب محمد بن محمد بن أحمد بن محم	処理済みなので作業不要。ブロック先頭の項だけ作業すればよい。
AIND-D11099	DOLLAR3_STUB	処理済みの転送見出し（$$$）が同じブロックに同居	◎	###$978606643395$# $$$	خطيب محمد بن محمد بن أحمد بن محمد بن أحمد . ###$978606643395$# $$$ أبو القسم العبدوسي في ابن موسى بن محمد بن مع	処理済みなので作業不要。ブロック先頭の項だけ作業すればよい。
AIND-D11099	DOLLAR3_STUB	処理済みの転送見出し（$$$）が同じブロックに同居	◎	###$437356878020$# $$$	لعبدوسي في ابن موسى بن محمد بن معطي قريبا . ###$437356878020$# $$$ أبو القسم العقباني في قاسم بن سعيد .	処理済みなので作業不要。ブロック先頭の項だけ作業すればよい。
AIND-D11100	DOLLAR3_STUB	処理済みの転送見出し（$$$）が同じブロックに同居	◎	###$679502436550$# $$$	ة مع قيام بالحق وصدع فيه مات بعد الأربعين . ###$679502436550$# $$$ أبو القسم النويري محمد بن محمد بن علي بن محم	処理済みなので作業不要。ブロック先頭の項だけ作業すればよい。
AIND-D11104	DOLLAR3_STUB	処理済みの転送見出し（$$$）が同じブロックに同居	◎	###$481891997916$# $$$	احب للطيلسان مظهر للاغتباط بي نفع الله به . ###$481891997916$# $$$ أبو كم في يحيى بن عبد الله . | حرف اللام .	処理済みなので作業不要。ブロック先頭の項だけ作業すればよい。
AIND-D11104	DOLLAR3_STUB	処理済みの転送見出し（$$$）が同じブロックに同居	◎	###$680928499940$# $$$	أبو كم في يحيى بن عبد الله . | حرف اللام . ###$680928499940$# $$$ أبو اللطف في محمد بن علي بن منصور . ###$901	処理済みなので作業不要。ブロック先頭の項だけ作業すればよい。
AIND-D11104	DOLLAR3_STUB	処理済みの転送見出し（$$$）が同じブロックに同居	◎	###$901272066277$# $$$	0$# $$$ أبو اللطف في محمد بن علي بن منصور . ###$901272066277$# $$$ أبو الليث بن الضيا في محمد بن محمد بن أحمد ب	処理済みなので作業不要。ブロック先頭の項だけ作業すればよい。
AIND-D11104	DOLLAR3_STUB	処理済みの転送見出し（$$$）が同じブロックに同居	◎	###$130656786662$# $$$	مد بن محمد بن محمد بن سعيد . | حرف الميم . ###$130656786662$# $$$ أبو المحاسن بن الشرف أبي القسم محمد بن أبي ا	処理済みなので作業不要。ブロック先頭の項だけ作業すればよい。
AIND-D11104	DOLLAR3_STUB	処理済みの転送見出し（$$$）が同じブロックに同居	◎	###$692903237864$# $$$	د بن محمد بن محمد بن محمد بن أحمد بن محمد . ###$692903237864$# $$$ أبو مدين الرملي هو علي بن إبرهيم بن أحمد مضى	処理済みなので作業不要。ブロック先頭の項だけ作業すればよい。
AIND-D11104	DOLLAR3_STUB	処理済みの転送見出し（$$$）が同じブロックに同居	◎	###$676960688361$# $$$	مدين الرملي هو علي بن إبرهيم بن أحمد مضى . ###$676960688361$# $$$ أبو مدين الغراقي في محمد بن محمد بن محمد بن	処理済みなので作業不要。ブロック先頭の項だけ作業すればよい。
AIND-D11108	ELLIPSIS	原文の欠落（lacuna）	○	...	بو المكارم بن أحمد بن محمد بن وفا أحد الأخوة ... ###$497004075248$# $$$ أبو المكارم بن أبي	欠落部は情報なしとして扱い、該当要素を立てずに作業する。
AIND-D11108	DOLLAR3_STUB	処理済みの転送見出し（$$$）が同じブロックに同居	◎	###$497004075248$# $$$	كارم بن أحمد بن محمد بن وفا أحد الأخوة ... ###$497004075248$# $$$ أبو المكارم بن أبي البركات محمد بن محمد بن م	処理済みなので作業不要。ブロック先頭の項だけ作業すればよい。
AIND-D11109	DOLLAR3_STUB	処理済みの転送見出し（$$$）が同じブロックに同居	◎	###$995912341753$# $$$	ا في سنة ثلاث وثلاثين ودفن هناك رحمه الله . ###$995912341753$# $$$ أبو المكارم ابن الرافعي محمد بن عبد الكريم ب	処理済みなので作業不要。ブロック先頭の項だけ作業すればよい。
AIND-D11109	DOLLAR3_STUB	処理済みの転送見出し（$$$）が同じブロックに同居	◎	###$303269173498$# $$$	ريم بن أبي السعادات محمد بن محمد بن ظهيرة . ###$303269173498$# $$$ أبو المكارم الشيبي أحمد بن علي بن أبي راجح م	処理済みなので作業不要。ブロック先頭の項だけ作業すればよい。
AIND-D11110	DOLLAR3_STUB	処理済みの転送見出し（$$$）が同じブロックに同居	◎	###$211183229185$# $$$	بعد التاج بن القلاقسي في سنة أربع وأربعين . ###$211183229185$# $$$ أبو المواهب بن زغدان في محمد بن أحمد بن محمد	処理済みなので作業不要。ブロック先頭の項だけ作業すればよい。
AIND-D11110	DOLLAR3_STUB	処理済みの転送見出し（$$$）が同じブロックに同居	◎	###$360118769921$# $$$	مد بن أحمد بن محمد بن داود . | حرف النون . ###$360118769921$# $$$ أبو نافع في أحمد بن سعيد . ###$870284548356	処理済みなので作業不要。ブロック先頭の項だけ作業すればよい。
AIND-D11110	DOLLAR3_STUB	処理済みの転送見出し（$$$）が同じブロックに同居	◎	###$870284548356$# $$$	0118769921$# $$$ أبو نافع في أحمد بن سعيد . ###$870284548356$# $$$ أبو النجاح محمد بن أحمد بن يحيى الصالحي .	処理済みなので作業不要。ブロック先頭の項だけ作業すればよい。
AIND-D11113	DOLLAR3_STUB	処理済みの転送見出し（$$$）が同じブロックに同居	◎	###$881776941321$# $$$	يمن الآتي والماضي أبوهما ممن سمع مني بمكة . ###$881776941321$# $$$ أبو النجا بن الضيا الحنفي هو محمد بن محمد بن	処理済みなので作業不要。ブロック先頭の項だけ作業すればよい。
AIND-D11114	DOLLAR3_STUB	処理済みの転送見出し（$$$）が同じブロックに同居	◎	###$905319569681$# $$$	اه فإنه كان ممن رسم عليه مع جماعة الشافعي . ###$905319569681$# $$$ أبو النجا بن محمد بن إبراهيم المكي المرشدي أ	処理済みなので作業不要。ブロック先頭の項だけ作業すればよい。
AIND-D11115	DOLLAR3_STUB	処理済みの転送見出し（$$$）が同じブロックに同居	◎	###$353462409496$# $$$	اعتقاد فيهم وكان يمشي فيما أحضه على فعله . ###$353462409496$# $$$ أبو النجا الزيتوني محمد بن محمد بن عبد الله	処理済みなので作業不要。ブロック先頭の項だけ作業すればよい。
AIND-D11118	STAR_IDMISSING	AIND番号を持たない見出しの開始位置	△	★ID_Missing★	# $$$ أبو هريرة القبابي عبد الرحمن بن عمر . ★ID_Missing★ أبو هريرة القباني عبد الرحمن بن يحيى بن محمد	作業しない。別項として採番が必要なので熊倉へ回す。
AIND-D11118	DOLLAR3_STUB	処理済みの転送見出し（$$$）が同じブロックに同居	◎	###$846976801059$# $$$	سنة اثنتين وتسعين ودفن من الغد سامحه الله . ###$846976801059$# $$$ أبو النجا في عبد الباري . ###$156070074660$	処理済みなので作業不要。ブロック先頭の項だけ作業すればよい。
AIND-D11118	DOLLAR3_STUB	処理済みの転送見出し（$$$）が同じブロックに同居	◎	###$156070074660$# $$$	46976801059$# $$$ أبو النجا في عبد الباري . ###$156070074660$# $$$ أبو نجور الأدكاوي في أحمد بن موسى . ###$622	処理済みなので作業不要。ブロック先頭の項だけ作業すればよい。
AIND-D11118	DOLLAR3_STUB	処理済みの転送見出し（$$$）が同じブロックに同居	◎	###$622719949093$# $$$	0$# $$$ أبو نجور الأدكاوي في أحمد بن موسى . ###$622719949093$# $$$ أبو نصر الشرواني في محمد بن محمود بن علي .	処理済みなので作業不要。ブロック先頭の項だけ作業すればよい。
AIND-D11118	DOLLAR3_STUB	処理済みの転送見出し（$$$）が同じブロックに同居	◎	###$835341801769$# $$$	أبو نصر الشرواني في محمد بن محمود بن علي . ###$835341801769$# $$$ أبو النعيم رضوان بن محمد ابن يوسف . ###$875	処理済みなので作業不要。ブロック先頭の項だけ作業すればよい。
AIND-D11118	DOLLAR3_STUB	処理済みの転送見出し（$$$）が同じブロックに同居	◎	###$875196078378$# $$$	9$# $$$ أبو النعيم رضوان بن محمد ابن يوسف . ###$875196078378$# $$$ أبو النور بن المصري محمد بن الخضر بن محمد بن	処理済みなので作業不要。ブロック先頭の項だけ作業すればよい。
AIND-D11118	DOLLAR3_STUB	処理済みの転送見出し（$$$）が同じブロックに同居	◎	###$846272157994$# $$$	مد بن الخضر بن محمد بن الخضر | حرف الهاء . ###$846272157994$# $$$ أبو الهائم محمد بن إبرهيم بن أحمد . ###$502	処理済みなので作業不要。ブロック先頭の項だけ作業すればよい。
AIND-D11118	DOLLAR3_STUB	処理済みの転送見出し（$$$）が同じブロックに同居	◎	###$502779631917$# $$$	4$# $$$ أبو الهائم محمد بن إبرهيم بن أحمد . ###$502779631917$# $$$ أبو هريرة بن النقاش عبد الرحمن ابن محمد بن ع	処理済みなので作業不要。ブロック先頭の項だけ作業すればよい。
AIND-D11118	DOLLAR3_STUB	処理済みの転送見出し（$$$）が同じブロックに同居	◎	###$679435327791$# $$$	عبد الرحمن ابن محمد بن علي بن عبد الواحد . ###$679435327791$# $$$ أبو هريرة القبابي عبد الرحمن بن عمر . ★ID_M	処理済みなので作業不要。ブロック先頭の項だけ作業すればよい。
AIND-D11119	DOLLAR3_STUB	処理済みの転送見出し（$$$）が同じブロックに同居	◎	###$115343382837$# $$$	يون ذكره ابن خطيب الناصرية . | حرف الواو . ###$115343382837$# $$$ أبو الوفا محمد بن الشيخ أبي بكر بن محمد بن ع	処理済みなので作業不要。ブロック先頭の項だけ作業すればよい。
AIND-D11121	DOLLAR3_STUB	処理済みの転送見出し（$$$）が同じブロックに同居	◎	###$513311529268$# $$$	ن وتسعين بعياله وكان منجمعا وعاد مع الركب . ###$513311529268$# $$$ أبو الوليد بن الشحنة محمد بن محمد بن محمد |	処理済みなので作業不要。ブロック先頭の項だけ作業すればよい。
AIND-D11121	DOLLAR3_STUB	処理済みの転送見出し（$$$）が同じブロックに同居	◎	###$734208743739$# $$$	نة محمد بن محمد بن محمد | حرف اللام وألف . ###$734208743739$# $$$ أبو لاطية لقب لعلي بن محمد بن خالد بن أحمد ا	処理済みなので作業不要。ブロック先頭の項だけ作業すればよい。
AIND-D11122	DOLLAR3_STUB	処理済みの転送見出し（$$$）が同じブロックに同居	◎	###$423280793919$# $$$	رى ذي الحجة سنة ثمان وأربعين أرخه ابن عزم . ###$423280793919$# $$$ أبو يزيد محمد بن محمد بن أبي بكر الدلجي والد	処理済みなので作業不要。ブロック先頭の項だけ作業すればよい。
AIND-D11132	DOLLAR3_STUB	処理済みの転送見出し（$$$）が同じブロックに同居	◎	###$476879804748$# $$$	لذا سمع على أمه وغيرها ممن كان يحدث معها . ###$476879804748$# $$$ أبو اليسر بن الصائغ هو أحمد بن عبد الله بن م	処理済みなので作業不要。ブロック先頭の項だけ作業すればよい。
AIND-D11132	DOLLAR3_STUB	処理済みの転送見出し（$$$）が同じブロックに同居	◎	###$592663566670$# $$$	بن عبد الله بن محمد بن محمد بن عبد القادر . ###$592663566670$# $$$ أبو اليسر بن عبد القوي هو محمد بن محمد بن عب	処理済みなので作業不要。ブロック先頭の項だけ作業すればよい。
AIND-D11132	DOLLAR3_STUB	処理済みの転送見出し（$$$）が同じブロックに同居	◎	###$379110578511$# $$$	بن عبد القوي هو محمد بن محمد بن عبد القوي . ###$379110578511$# $$$ أبو اليمن بن البرقي محمد بن محمد بن علي بن م	処理済みなので作業不要。ブロック先頭の項だけ作業すればよい。
AIND-D11134	DOLLAR3_STUB	処理済みの転送見出し（$$$）が同じブロックに同居	◎	###$209207712081$# $$$	هيرة ثم ابن أخيه الجمالى وتمول ودخل الهند . ###$209207712081$# $$$ أبو اليمن بن ظهيرة في محمد بن المحب أحمد بن	処理済みなので作業不要。ブロック先頭の項だけ作業すればよい。
AIND-D11134	DOLLAR3_STUB	処理済みの転送見出し（$$$）が同じブロックに同居	◎	###$318590966099$# $$$	أبي السعادات محمد بن محمد بن محمد بن حسين . ###$318590966099$# $$$ أبو اليمن بن علي بن محمد بن عبد المؤمن البتن	処理済みなので作業不要。ブロック先頭の項だけ作業すればよい。
AIND-D11135	DOLLAR3_STUB	処理済みの転送見出し（$$$）が同じブロックに同居	◎	###$910507923798$# $$$	قه بمقتضى الاشهاد وخطه . ممن سمع مني بمكة . ###$910507923798$# $$$ أبو اليمن بن محمد الطويل بن عبد الكريم بن مح	処理済みなので作業不要。ブロック先頭の項だけ作業すればよい。
AIND-D11135	DOLLAR3_STUB	処理済みの転送見出し（$$$）が同じブロックに同居	◎	###$514511100247$# $$$	يرة القرشي المخزومي المكي مضى في المحمدين . ###$514511100247$# $$$ أبو اليمن بن البتنوني محمد بن علي بن محمد .	処理済みなので作業不要。ブロック先頭の項だけ作業すればよい。
AIND-D11135	DOLLAR3_STUB	処理済みの転送見出し（$$$）が同じブロックに同居	◎	###$204241656155$# $$$	أبو اليمن بن البتنوني محمد بن علي بن محمد . ###$204241656155$# $$$ أبو اليمن النويري محمد بن محمد بن علي بن أحم	処理済みなので作業不要。ブロック先頭の項だけ作業すればよい。
AIND-D11135	DOLLAR3_STUB	処理済みの転送見出し（$$$）が同じブロックに同居	◎	###$721520974175$# $$$	ن خاصة كما في العضد والرضى والوجيه ونحوها . ###$721520974175$# $$$ أثير الدين محمد بن محمد بن محمد بن محمد بن م	処理済みなので作業不要。ブロック先頭の項だけ作業すればよい。
AIND-D11136	STAR_IDMISSING	AIND番号を持たない見出しの開始位置	△	★ID_Missing★	ن بن علي بن أبي بكر . || حرف الراء المهملة ★ID_Missing★ رضي الدين بن الأوجاقي محمد بن محمد بن محمد .	作業しない。別項として採番が必要なので熊倉へ回す。
AIND-D11136	STAR_IDMISSING	AIND番号を持たない見出しの開始位置	△	★ID_Missing★	بن علي ونزيل مكة محمد بن مهذب || حرف الزاي ★ID_Missing★ زكي الدين بن صالح محمد بن محمد بن عبد الرحمن	作業しない。別項として採番が必要なので熊倉へ回す。
AIND-D11136	STAR_HEADWORD	未採番見出しの境界（1ブロックに複数見出しが同居）	△	★سابق الدين★	ي ممن سمع من شيخنا . || حرف السين المهملة ★سابق الدين★ .	作業しない。ブロック内の2件目以降は別項として採番が必要。
AIND-D11136	ELLIPSIS	原文の欠落（lacuna）	○	...	د بن موسى بن أبي بكر . وإمام الشيخونية واسمه ... مات في سنة تسعين وثمانمائة . ومحمد بن عمر بن	欠落部は情報なしとして扱い、該当要素を立てずに作業する。
AIND-D11136	DOLLAR3_STUB	処理済みの転送見出し（$$$）が同じブロックに同居	◎	###$566214285665$# $$$	سنة ثلاث وخمسين وقضيته مشروحة في الحوادث . ###$566214285665$# $$$ 498 أصيل الدين الخضري محمد بن إبراهيم بن علي	処理済みなので作業不要。ブロック先頭の項だけ作業すればよい。
AIND-D11136	DOLLAR3_STUB	処理済みの転送見出し（$$$）が同じブロックに同居	◎	###$884167694691$# $$$	يوطي والكرماني نزيل مكة عبد الله بن أوليا . ###$884167694691$# $$$ افتخار الدين ياقوت بن عبد الله الفهدي . ###	処理済みなので作業不要。ブロック先頭の項だけ作業すればよい。
AIND-D11136	DOLLAR3_STUB	処理済みの転送見出し（$$$）が同じブロックに同居	◎	###$833030740329$# $$$	$$$ افتخار الدين ياقوت بن عبد الله الفهدي . ###$833030740329$# $$$ أفضل الدين محمد بن الزين قاسم بن قطلوبغا ومح	処理済みなので作業不要。ブロック先頭の項だけ作業すればよい。
AIND-D11136	DOLLAR3_STUB	処理済みの転送見出し（$$$）が同じブロックに同居	◎	###$355827997034$# $$$	بن قطلوبغا ومحمود بن عمر بن منصور القاضي . ###$355827997034$# $$$ أكمل الدين محمد بن أحمد بن عبد القادر ومحمد	処理済みなので作業不要。ブロック先頭の項だけ作業すればよい。
AIND-D11136	DOLLAR3_STUB	処理済みの転送見出し（$$$）が同じブロックに同居	◎	###$754765027693$# $$$	بن الشرف عبد الله ابن الشمس محمد بن مفلح . ###$754765027693$# $$$ إمام الدين المنزلي علي بن عبد الكريم بن أحمد	処理済みなので作業不要。ブロック先頭の項だけ作業すればよい。
AIND-D11136	DOLLAR3_STUB	処理済みの転送見出し（$$$）が同じブロックに同居	◎	###$946792847734$# $$$	بي بكر بن علي بن أبي بكر بن محمد بن عثمان . ###$946792847734$# $$$ 499 أمين الدين بن القاضي الشمس محمد بن محمد	処理済みなので作業不要。ブロック先頭の項だけ作業すればよい。
AIND-D11136	DOLLAR3_STUB	処理済みの転送見出し（$$$）が同じブロックに同居	◎	###$565207652732$# $$$	الحنبلي ويحيى بن محمد بن إبرهيم الأقصرائي . ###$565207652732$# $$$ أوحد الدين محمد بن أحمد بن أبي بكر بن رسلان	処理済みなので作業不要。ブロック先頭の項だけ作業すればよい。
AIND-D11136	DOLLAR3_STUB	処理済みの転送見出し（$$$）が同じブロックに同居	◎	###$100713650559$# $$$	مد بن حسن بن البرجي || حرف الباء الموحدة . ###$100713650559$# $$$ 500 بدر الدين بن الأخنائي محمد بن البهاء محم	処理済みなので作業不要。ブロック先頭の項だけ作業すればよい。
AIND-D11136	DOLLAR3_STUB	処理済みの転送見出し（$$$）が同じブロックに同居	◎	###$984336062848$# $$$	مة يوسف بن تغري بردى مات في سنة ست وخمسين . ###$984336062848$# $$$ برهان الدين خلق ممن يسمى إبراهيم منهم ابن مح	処理済みなので作業不要。ブロック先頭の項だけ作業すればよい。
AIND-D11136	DOLLAR3_STUB	処理済みの転送見出し（$$$）が同じブロックに同居	◎	###$649995508098$# $$$	ا . ومن غيرهم أحمد بن عبد الله صاحب سيواس . ###$649995508098$# $$$ بهاء الدين جماعة فمن المحمدين ابن أحمد المحل	処理済みなので作業不要。ブロック先頭の項だけ作業すればよい。
AIND-D11136	DOLLAR3_STUB	処理済みの転送見出し（$$$）が同じブロックに同居	◎	###$241596127621$# $$$	ن بن سليمان بن حرمي || حرف التاء المثناة . ###$241596127621$# $$$ 501 تاج الدين جماعة فمن المحمدين ابن إبرهيم	処理済みなので作業不要。ブロック先頭の項だけ作業すればよい。
AIND-D11136	DOLLAR3_STUB	処理済みの転送見出し（$$$）が同じブロックに同居	◎	###$801003035015$# $$$	لمقسي وعبد اللطيف بن عبد الغني بن الجيعان . ###$801003035015$# $$$ وتاج الدين بن حتى التاجر ضربه السلطان في سنة	処理済みなので作業不要。ブロック先頭の項だけ作業すればよい。
AIND-D11136	DOLLAR3_STUB	処理済みの転送見出し（$$$）が同じブロックに同居	◎	###$282381539717$# $$$	مع خصمه الفخر التوريزي ثم استرضى السلطان . ###$282381539717$# $$$ وتاج الدين بن سعد الدين بن البقري الوزير ابن	処理済みなので作業不要。ブロック先頭の項だけ作業すればよい。
AIND-D11136	DOLLAR3_STUB	処理済みの転送見出し（$$$）が同じブロックに同居	◎	###$686691473806$# $$$	ه وأبوه نصر الله بن عبد الله من ذاك القرن . ###$686691473806$# $$$ وتاج الدين بن قريميط ويسمى بركات أحد كتاب ال	処理済みなので作業不要。ブロック先頭の項だけ作業すればよい。
AIND-D11136	DOLLAR3_STUB	処理済みの転送見出し（$$$）が同じブロックに同居	◎	###$777594624399$# $$$	ن بن قريميط ويسمى بركات أحد كتاب المماليك . ###$777594624399$# $$$ وتاج الدين إمام الشيخونية وابن أئمتها محمد ب	処理済みなので作業不要。ブロック先頭の項だけ作業すればよい。
AIND-D11136	DOLLAR3_STUB	処理済みの転送見出し（$$$）が同じブロックに同居	◎	###$898260556176$# $$$	ب سنة تسع وتسعين ونحن بمكة أنه توفي فيحرر . ###$898260556176$# $$$ وتاج الدين الهندي والظن أنه من كنباية أو أعم	処理済みなので作業不要。ブロック先頭の項だけ作業すればよい。
AIND-D11136	DOLLAR3_STUB	処理済みの転送見出し（$$$）が同じブロックに同居	◎	###$208972831121$# $$$	مكة وقال كان يسترشدني في كثير من المسائل . ###$208972831121$# $$$ 502 تقي الدين بن الجيعان هو عبد الوهاب بن عب	処理済みなので作業不要。ブロック先頭の項だけ作業すればよい。
AIND-D11136	DOLLAR3_STUB	処理済みの転送見出し（$$$）が同じブロックに同居	◎	###$311800387991$# $$$	تسلطن قرره ناظر الزردخاناه || حرف الجيم . ###$311800387991$# $$$ 503 جلال الدين بن الأبشيهي في الأبشيهي وابن	処理済みなので作業不要。ブロック先頭の項だけ作業すればよい。
AIND-D11136	DOLLAR3_STUB	処理済みの転送見出し（$$$）が同じブロックに同居	◎	###$649940982172$# $$$	الضرب وإيداع المقشرة ومات سنة أربع وتسعين . ###$649940982172$# $$$ 504 جمال الدين بن خطيب المنصورية يوسف بن الح	処理済みなので作業不要。ブロック先頭の項だけ作業すればよい。
AIND-D11136	DOLLAR3_STUB	処理済みの転送見出し（$$$）が同じブロックに同居	◎	###$520504760735$# $$$	نة رحمه الله وإيانا || حرف الحاء المهملة . ###$520504760735$# $$$ حافظ الدين الجلالي أحمد بن محمد بن علي . وال	処理済みなので作業不要。ブロック先頭の項だけ作業すればよい。
AIND-D11136	DOLLAR3_STUB	処理済みの転送見出し（$$$）が同じブロックに同居	◎	###$734644951456$# $$$	نهلي محمد بن عبد الرحمن بن سليمان بن داود . ###$734644951456$# $$$ حسام الدين بن حريز محمد بن أبي بكر بن محمد .	処理済みなので作業不要。ブロック先頭の項だけ作業すればよい。
AIND-D11136	DOLLAR3_STUB	処理済みの転送見出し（$$$）が同じブロックに同居	◎	###$624854849954$# $$$	ن غرلو في حسن والصفدي في حسام بن عبد الله . ###$624854849954$# $$$ حميد الدين النعماني محمد بن أحمد بن محمد بن	処理済みなので作業不要。ブロック先頭の項だけ作業すればよい。
AIND-D11136	DOLLAR3_STUB	処理済みの転送見出し（$$$）が同じブロックに同居	◎	###$542411610536$# $$$	ر بن محمد بن ثابت . || حرف الخاء المعجمة . ###$542411610536$# $$$ خير الدين جماعة منهم ابن البساطي محمد بن عبد	処理済みなので作業不要。ブロック先頭の項だけ作業すればよい。
AIND-D11136	DOLLAR3_STUB	処理済みの転送見出し（$$$）が同じブロックに同居	◎	###$771311557036$# $$$	بدر وله ابنان إبرهيم مات ورضي الدين محمد . ###$771311557036$# $$$ ركن الدين الخوافي نسبة لخاف بلد بخراسان ممن	処理済みなので作業不要。ブロック先頭の項だけ作業すればよい。
AIND-D11136	DOLLAR3_STUB	処理済みの転送見出し（$$$）が同じブロックに同居	◎	###$826214996398$# $$$	كر التاذباذي وعنه الصفي عبد الرحمن الايجي . ###$826214996398$# $$$ ركن الدين الدخان عبد الرحمن بن علي بن محمد ب	処理済みなので作業不要。ブロック先頭の項だけ作業すればよい。
AIND-D11136	DOLLAR3_STUB	処理済みの転送見出し（$$$）が同じブロックに同居	◎	###$535138687411$# $$$	لرحمن بن صالح . والمناوي أبو بكر بن صدقة . ###$535138687411$# $$$ 505 زين الدين بن أبي الفضل بن القاضي عبد الل	処理済みなので作業不要。ブロック先頭の項だけ作業すればよい。
AIND-D11136	DOLLAR3_STUB	処理済みの転送見出し（$$$）が同じブロックに同居	◎	###$572417661365$# $$$	بي بكر التاجر من أنبائه أنه ناب في الحكم . ###$572417661365$# $$$ والزين الطبري محمد بن أحمد ابن محمد بن المحب	処理済みなので作業不要。ブロック先頭の項だけ作業すればよい。
AIND-D11137	DOLLAR3_STUB	処理済みの転送見出し（$$$）が同じブロックに同居	◎	###$870041278903$# $$$	سديد الدين . ###$870041278903$# $$$ السراج بن الملقن عمر بن علي بن أحمد بن محمد	処理済みなので作業不要。ブロック先頭の項だけ作業すればよい。
AIND-D11137	DOLLAR3_STUB	処理済みの転送見出し（$$$）が同じブロックに同居	◎	###$607574317499$# $$$	عمر بن أحمد بن علي أخو البدر بن جنة لأمه . ###$607574317499$# $$$ 506 سعد الدين بن الديري سعد بن محمد بن عبد ا	処理済みなので作業不要。ブロック先頭の項だけ作業すればよい。
AIND-D11139	STAR_IDMISSING	AIND番号を持たない見出しの開始位置	△	★ID_Missing★	بلسي الناسخ أحمد بن مسعود بن محمد بن محمد . ★ID_Missing★ وشهاب الدين الشولي الضرير مات بمكة في ربيع ا	作業しない。別項として採番が必要なので熊倉へ回す。
AIND-D11139	DOLLAR3_STUB	処理済みの転送見出し（$$$）が同じブロックに同居	◎	###$280909339077$# $$$	المغيربي محمد ابن علي بن أحمد بن عبد الواحد ###$280909339077$# $$$ 509 شهاب الدين بن الضعيف أحمد بن يونس . والأ	処理済みなので作業不要。ブロック先頭の項だけ作業すればよい。
AIND-D11139	DOLLAR3_STUB	処理済みの転送見出し（$$$）が同じブロックに同居	◎	###$574602893768$# $$$	ثاني سنة أربع وأربعين || حرف الصاد المهملة ###$574602893768$# $$$ 510 الصدر بن الادمي علي بن محمد بن محمد بن أ	処理済みなので作業不要。ブロック先頭の項だけ作業すればよい。
AIND-D11139	DOLLAR3_STUB	処理済みの転送見出し（$$$）が同じブロックに同居	◎	###$709323938253$# $$$	والمناوي محمد بن إبرهيم بن اسحق بن إبرهيم . ###$709323938253$# $$$ صفي الدين الكازروني المدني محمد بن محمد بن م	処理済みなので作業不要。ブロック先頭の項だけ作業すればよい。
AIND-D11139	DOLLAR3_STUB	処理済みの転送見出し（$$$）が同じブロックに同居	◎	###$144288274896$# $$$	دين الكازروني المدني محمد بن محمد بن مسدد . ###$144288274896$# $$$ والصفي الايجي عبد الرحمن بن محمد بن عبد الله	処理済みなので作業不要。ブロック先頭の項だけ作業すればよい。
AIND-D11139	DOLLAR3_STUB	処理済みの転送見出し（$$$）が同じブロックに同居	◎	###$991093086679$# $$$	لله بن العلاء محمد بن العفيف محمد بن محمد . ###$991093086679$# $$$ 511 صلاح الدين بن الجيعان محمد بن يحيى بن شا	処理済みなので作業不要。ブロック先頭の項だけ作業すればよい。
AIND-D11140	DOLLAR3_STUB	処理済みの転送見出し（$$$）が同じブロックに同居	◎	###$182863288793$# $$$	يلة عيد الفطر سنة سبع وعشرين أرخه ابن فهد . ###$182863288793$# $$$ صير الدين ملك الحبشة في علي بن محمد بن أحمد	処理済みなので作業不要。ブロック先頭の項だけ作業すればよい。
AIND-D11140	DOLLAR3_STUB	処理済みの転送見出し（$$$）が同じブロックに同居	◎	###$431283526112$# $$$	محمد بن أحمد بن علي || حرف الضاد المعجمة . ###$431283526112$# $$$ الضياء بن سالم المكي محمد بن محمد بن سالم .	処理済みなので作業不要。ブロック先頭の項だけ作業すればよい。
AIND-D11140	DOLLAR3_STUB	処理済みの転送見出し（$$$）が同じブロックに同居	◎	###$869215001062$# $$$	الضياء بن سالم المكي محمد بن محمد بن سالم . ###$869215001062$# $$$ 513 ضيا الدين الأخنائي مات في سنة احدى ذكره	処理済みなので作業不要。ブロック先頭の項だけ作業すればよい。
AIND-D11140	DOLLAR3_STUB	処理済みの転送見出し（$$$）が同じブロックに同居	◎	###$493090789864$# $$$	الق بن عمر بن رسلان || حرف الظاء المعجمة . ###$493090789864$# $$$ ظهير الدين محمد بن عبد الوهاب بن محمد الطراب	処理済みなので作業不要。ブロック先頭の項だけ作業すればよい。
AIND-D11140	DOLLAR3_STUB	処理済みの転送見出し（$$$）が同じブロックに同居	◎	###$192703125994$# $$$	ب بن محمد الطرابلسي || حرف العين المهملة . ###$192703125994$# $$$ عز الدين بن جماعة محمد بن أبي بكر بن العز عب	処理済みなので作業不要。ブロック先頭の項だけ作業すればよい。
AIND-D11140	DOLLAR3_STUB	処理済みの転送見出し（$$$）が同じブロックに同居	◎	###$335598868973$# $$$	حلي أحد النواب محمد بن عبد الله بن سليمان . ###$335598868973$# $$$ عزيز الدين وقد يقال فيه عزيز يأتي في الفصل ب	処理済みなので作業不要。ブロック先頭の項だけ作業すればよい。
AIND-D11140	DOLLAR3_STUB	処理済みの転送見出し（$$$）が同じブロックに同居	◎	###$539995691502$# $$$	لدين وقد يقال فيه عزيز يأتي في الفصل بعده . ###$539995691502$# $$$ عضد الدين عبد الرحمن بن النظام يحيى بن سيف ا	処理済みなので作業不要。ブロック先頭の項だけ作業すればよい。
AIND-D11140	DOLLAR3_STUB	処理済みの転送見出し（$$$）が同じブロックに同居	◎	###$743977277933$# $$$	حيى بن سيف الصيرامي والنظامي في أبي الخير . ###$743977277933$# $$$ عفيف الدين محمد بن نور الدين محمد بن عبد الل	処理済みなので作業不要。ブロック先頭の項だけ作業すればよい。
AIND-D11140	DOLLAR3_STUB	処理済みの転送見出し（$$$）が同じブロックに同居	◎	###$449746852336$# $$$	بن عبيد الله بن العلاء محمد بن عفيف الدين . ###$449746852336$# $$$ عفيف قاضي سكندرية هو محمد بن محمد بن محمد بن	処理済みなので作業不要。ブロック先頭の項だけ作業すればよい。
AIND-D11140	DOLLAR3_STUB	処理済みの転送見出し（$$$）が同じブロックに同居	◎	###$433045133809$# $$$	د بن محمد بن حسن القسطنيني سبط ابن التنسي . ###$433045133809$# $$$ 514 علاء الدين بن اللفت في ابن اللفت . والأ	処理済みなので作業不要。ブロック先頭の項だけ作業すればよい。
AIND-D11141	STAR_HEADWORD	未採番見出しの境界（1ブロックに複数見出しが同居）	△	★ابن الجيعان★	مستهل سنة اثنتين وسبعين وهو في الكهولة . و★ابن الجيعان★ شاكر بن عبد الغني ابن شاكر . و★البلقيني★ ص	作業しない。ブロック内の2件目以降は別項として採番が必要。
AIND-D11141	STAR_HEADWORD	未採番見出しの境界（1ブロックに複数見出しが同居）	△	★البلقيني★	ابن الجيعان★ شاكر بن عبد الغني ابن شاكر . و★البلقيني★ صالح بن عمر بن رسلان . و★الحوفى★ نزيل سعيد	作業しない。ブロック内の2件目以降は別項として採番が必要。
AIND-D11141	STAR_HEADWORD	未採番見出しの境界（1ブロックに複数見出しが同居）	△	★الحوفى★	كر . و★البلقيني★ صالح بن عمر بن رسلان . و★الحوفى★ نزيل سعيد السعداء سليمان بن عمر بن محمد .	作業しない。ブロック内の2件目以降は別項として採番が必要。
AIND-D11141	STAR_HEADWORD	未採番見出しの境界（1ブロックに複数見出しが同居）	△	★النويري★	نزيل سعيد السعداء سليمان بن عمر بن محمد . و★النويري★ محمد بن عبد الرحمن بن عبد العزيز بن محمد .	作業しない。ブロック内の2件目以降は別項として採番が必要。
AIND-D11142	STAR_HEADWORD	未採番見出しの境界（1ブロックに複数見出しが同居）	△	★العباسي★	الأربعين أو قاربها ذكره شيخنا في انبائه . و★العباسي★ يأتي في الأنساب . و★الكركي★ أحمد ابن عيسى	作業しない。ブロック内の2件目以降は別項として採番が必要。
AIND-D11142	STAR_HEADWORD	未採番見出しの境界（1ブロックに複数見出しが同居）	△	★الكركي★	في انبائه . و★العباسي★ يأتي في الأنساب . و★الكركي★ أحمد ابن عيسى بن موسى بن عيسى . || حرف الغي	作業しない。ブロック内の2件目以降は別項として採番が必要。
AIND-D11143	DOLLAR3_STUB	処理済みの転送見出し（$$$）が同じブロックに同居	◎	###$394482702846$# $$$	حب الشرواني في محمد بن محمد || حرف الفاء . ###$394482702846$# $$$ فتح الدين البلقيني اثنان محمد بن صالح بن عمر	処理済みなので作業不要。ブロック先頭の項だけ作業すればよい。
AIND-D11146	DOLLAR3_STUB	処理済みの転送見出し（$$$）が同じブロックに同居	◎	###$842329512457$# $$$	أولدها إبرهيم الماضي وكان حين موته مميزا . ###$842329512457$# $$$ 521 فخر الدين بن شمس الدين بن رقيط أحد الكتب	処理済みなので作業不要。ブロック先頭の項だけ作業すればよい。
AIND-D11146	DOLLAR3_STUB	処理済みの転送見出し（$$$）が同じブロックに同居	◎	###$920226126351$# $$$	حسن بن عبد الرحمن بن عثمان || حرف القاف . ###$920226126351$# $$$ 522 قطب الدين الايجي نعمة الله بن أحمد بن ال	処理済みなので作業不要。ブロック先頭の項だけ作業すればよい。
AIND-D11146	DOLLAR3_STUB	処理済みの転送見出し（$$$）が同じブロックに同居	◎	###$746896513553$# $$$	ين الأيجي محمد بن محمد بن محمد بن أبي نصر . ###$746896513553$# $$$ قوام الدين الحنفي محمد بن محمد بن محمد بن قو	処理済みなので作業不要。ブロック先頭の項だけ作業すればよい。
AIND-D11147	DOLLAR3_STUB	処理済みの転送見出し（$$$）が同じブロックに同居	◎	###$598472677922$# $$$	نين وحمل إلى المعلاة فدفن بها | حرف الكاف . ###$598472677922$# $$$ كريم الدين بن ظهيرة المكي الحنبلي عبد الكريم	処理済みなので作業不要。ブロック先頭の項だけ作業すればよい。
AIND-D11147	DOLLAR3_STUB	処理済みの転送見出し（$$$）が同じブロックに同居	◎	###$474916870691$# $$$	أبي بكر . وصيرفي جدة عبد الكريم بن إبرهيم . ###$474916870691$# $$$ 524 الكمال بن البارزي محمد بن محمد بن محمد ب	処理済みなので作業不要。ブロック先頭の項だけ作業すればよい。
AIND-D11147	DOLLAR3_STUB	処理済みの転送見出し（$$$）が同じブロックに同居	◎	###$139695512099$# $$$	المجذوب محمد بن صدقة بن عمر || حرف اللام . ###$139695512099$# $$$ لسان الدين أحمد بن محمد بن محمد بن محمد بن	処理済みなので作業不要。ブロック先頭の項だけ作業すればよい。
AIND-D11148	STAR_HEADWORD	未採番見出しの境界（1ブロックに複数見出しが同居）	△	★ابن عبد الله ★	اك في غيط البيمارستان سامحه الله وإيانا . و★ابن عبد الله ★بن أبي الفتح الزرندي المدني ممن سمع مني بها و	作業しない。ブロック内の2件目以降は別項として採番が必要。
AIND-D11148	ELLIPSIS	原文の欠落（lacuna）	○	...	ف بابن كاتب المخابز مات في جمادى الثانية سنة ... وكان سمينا بطيء الحركة يركب حماره وهو أخو س	欠落部は情報なしとして扱い、該当要素を立てずに作業する。
AIND-D11148	DOLLAR3_STUB	処理済みの転送見出し（$$$）が同じブロックに同居	◎	###$992703699498$# $$$	لبلفياني المعين لعبد الباسط كاتب الذخيرة . ###$992703699498$# $$$ مجير الدين عبد الكافي بن أحمد بن الجوبان .	処理済みなので作業不要。ブロック先頭の項だけ作業すればよい。
AIND-D11148	DOLLAR3_STUB	処理済みの転送見出し（$$$）が同じブロックに同居	◎	###$733881588268$# $$$	مجير الدين عبد الكافي بن أحمد بن الجوبان . ###$733881588268$# $$$ 526 محب الدين بن الأمين الحلبي الكاتب هو محم	処理済みなので作業不要。ブロック先頭の項だけ作業すればよい。
AIND-D11149	STAR_HEADWORD	未採番見出しの境界（1ブロックに複数見出しが同居）	△	★ابن النحاس★	جمعة خامس عشرى ربيع الأول سنة احدى وتسعين و★ابن النحاس★ صاحب مصنف الجهاد هو أحمد بن إبراهيم بن محمد	作業しない。ブロック内の2件目以降は別項として採番が必要。
AIND-D11149	STAR_HEADWORD	未採番見出しの境界（1ブロックに複数見出しが同居）	△	★التبريزي★	مه شيخنا في حوادث سنة أربع عشرة من أنبائه و★التبريزي★ شيخ العلاء بن العفيف فقرأ عليه أو سمع صحيح ا	作業しない。ブロック内の2件目以降は別項として採番が必要。
AIND-D11150	STAR_HEADWORD	未採番見出しの境界（1ブロックに複数見出しが同居）	△	★محمود★	مد بن عبد الله بن محمد الشيرازي نزيل مكة . و★محمود★ بن أحمد بن اسمعيل الأمشاطي .	作業しない。ブロック内の2件目以降は別項として採番が必要。
AIND-D11150	ELLIPSIS	原文の欠落（lacuna）	○	...	مخلص الدين ... ###$146431564341$# $$$ مظفر الدين محمد بن ع	欠落部は情報なしとして扱い、該当要素を立てずに作業する。
AIND-D11150	DOLLAR3_STUB	処理済みの転送見出し（$$$）が同じブロックに同居	◎	###$146431564341$# $$$	مخلص الدين ... ###$146431564341$# $$$ مظفر الدين محمد بن عبد الله بن محمد الشيرازي	処理済みなので作業不要。ブロック先頭の項だけ作業すればよい。
AIND-D11151	STAR_HEADWORD	未採番見出しの境界（1ブロックに複数見出しが同居）	△	★ابن العجمي★	ن بن محمد ابن صالح المدني ممن سمع مني بها و★ابن العجمي★ عبد اللطيف بن أبي بكر بن سليمان . و★الأيجي	作業しない。ブロック内の2件目以降は別項として採番が必要。
AIND-D11151	STAR_HEADWORD	未採番見出しの境界（1ブロックに複数見出しが同居）	△	★الأيجي★	العجمي★ عبد اللطيف بن أبي بكر بن سليمان . و★الأيجي★ محمد بن الصفي عبد الرحمن بن محمد . و★الدمي	作業しない。ブロック内の2件目以降は別項として採番が必要。
AIND-D11151	STAR_HEADWORD	未採番見出しの境界（1ブロックに複数見出しが同居）	△	★الدمياطي★	لأيجي★ محمد بن الصفي عبد الرحمن بن محمد . و★الدمياطي★ الأبرص محمد بن محمد بن محمد . ###$733831256	作業しない。ブロック内の2件目以降は別項として採番が必要。
AIND-D11151	DOLLAR3_STUB	処理済みの転送見出し（$$$）が同じブロックに同居	◎	###$733831256633$# $$$	و★الدمياطي★ الأبرص محمد بن محمد بن محمد . ###$733831256633$# $$$ 529 موفق الدين بن المحب أحمد بن نصر الله الح	処理済みなので作業不要。ブロック先頭の項だけ作業すればよい。
AIND-D11152	ELLIPSIS	原文の欠落（lacuna）	○	...	مؤيد الدين ... || حرف النون . ###$750524586565$# $$$ 530	欠落部は情報なしとして扱い、該当要素を立てずに作業する。
AIND-D11152	DOLLAR3_STUB	処理済みの転送見出し（$$$）が同じブロックに同居	◎	###$750524586565$# $$$	مؤيد الدين ... || حرف النون . ###$750524586565$# $$$ 530 ناضر الدين بن تيمية محمد بن محمد بن محمد	処理済みなので作業不要。ブロック先頭の項だけ作業すればよい。
AIND-D11153	DOLLAR3_STUB	処理済みの転送見出し（$$$）が同じブロックに同居	◎	###$279588133447$# $$$	دني ابن أخي قاضيها الحنفي ممن سمع مني بها . ###$279588133447$# $$$ 532 نجم الدين بن محمد بن محمد بن عبادة أخو أ	処理済みなので作業不要。ブロック先頭の項だけ作業すればよい。
AIND-D11154	STAR_HEADWORD	未採番見出しの境界（1ブロックに複数見出しが同居）	△	★محمد★	غني بن عبد الواحد بن إبرهيم المرشدي المكي و★محمد★ بن محمد المدعو سعيد بن مسعود بن محمد الكازرو	作業しない。ブロック内の2件目以降は別項として採番が必要。
AIND-D11154	STAR_HEADWORD	未採番見出しの境界（1ブロックに複数見出しが同居）	△	★شيخ الجمالية★	بن مسعود السيواسي والد الكمال ابن الهمام و★شيخ الجمالية★ واسمه محمد بن أحمد الخوارزمي || حرف الواو .	作業しない。ブロック内の2件目以降は別項として採番が必要。
AIND-D11154	STAR_HEADWORD	未採番見出しの境界（1ブロックに複数見出しが同居）	△	★عبد الرحمن★	$$ وجيه الدين عبد الرحمن بن أبي بكر بن فهد و★عبد الرحمن★ بن حسن بن سويد . ###$699593153100$# $$$ ولي	作業しない。ブロック内の2件目以降は別項として採番が必要。
AIND-D11154	STAR_HEADWORD	未採番見出しの境界（1ブロックに複数見出しが同居）	△	★ميخائيل★	$699593153100$# $$$ ولي الدين أبو الفرج . و★ميخائيل★ بن اسرائيل مقبوحان . ###$144212777553$# $$$	作業しない。ブロック内の2件目以降は別項として採番が必要。
AIND-D11154	ELLIPSIS	原文の欠落（lacuna）	○	...	نجيب الدين ... ###$111048415817$# $$$ نسيم الدين عبد الغني	欠落部は情報なしとして扱い、該当要素を立てずに作業する。
AIND-D11154	DOLLAR3_STUB	処理済みの転送見出し（$$$）が同じブロックに同居	◎	###$111048415817$# $$$	نجيب الدين ... ###$111048415817$# $$$ نسيم الدين عبد الغني بن عبد الواحد بن إبرهيم	処理済みなので作業不要。ブロック先頭の項だけ作業すればよい。
AIND-D11154	DOLLAR3_STUB	処理済みの転送見出し（$$$）が同じブロックに同居	◎	###$294972840522$# $$$	مد المدعو سعيد بن مسعود بن محمد الكازروني . ###$294972840522$# $$$ نفيس الدين سليمان بن إبرهيم بن عمر العلوي ال	処理済みなので作業不要。ブロック先頭の項だけ作業すればよい。
AIND-D11154	DOLLAR3_STUB	処理済みの転送見出し（$$$）が同じブロックに同居	◎	###$401965341258$# $$$	ين سليمان بن إبرهيم بن عمر العلوي اليماني . ###$401965341258$# $$$ 533 نور الدين بن الجلال هو علي بن يوسف بن مك	処理済みなので作業不要。ブロック先頭の項だけ作業すればよい。
AIND-D11154	DOLLAR3_STUB	処理済みの転送見出し（$$$）が同じブロックに同居	◎	###$455157504586$# $$$	ة ثلاث على يد العسكر المصري || حرف الهاء . ###$455157504586$# $$$ همام الدين عبد الواحد بن عبد الحميد بن مسعود	処理済みなので作業不要。ブロック先頭の項だけ作業すればよい。
AIND-D11154	DOLLAR3_STUB	処理済みの転送見出し（$$$）が同じブロックに同居	◎	###$942963448396$# $$$	اسمه محمد بن أحمد الخوارزمي || حرف الواو . ###$942963448396$# $$$ وجيه الدين عبد الرحمن بن أبي بكر بن فهد و★ع	処理済みなので作業不要。ブロック先頭の項だけ作業すればよい。
AIND-D11154	DOLLAR3_STUB	処理済みの転送見出し（$$$）が同じブロックに同居	◎	###$699593153100$# $$$	بكر بن فهد و★عبد الرحمن★ بن حسن بن سويد . ###$699593153100$# $$$ ولي الدين أبو الفرج . و★ميخائيل★ بن اسرائي	処理済みなので作業不要。ブロック先頭の項だけ作業すればよい。
AIND-D11154	DOLLAR3_STUB	処理済みの転送見出し（$$$）が同じブロックに同居	◎	###$144212777553$# $$$	و الفرج . و★ميخائيل★ بن اسرائيل مقبوحان . ###$144212777553$# $$$ 534 ولي الدين جماعة يسمون أحمد منهم ابن الزي	処理済みなので作業不要。ブロック先頭の項だけ作業すればよい。
AIND-D11194	ELLIPSIS	原文の欠落（lacuna）	○	...	الحبار حسين ...	欠落部は情報なしとして扱い、該当要素を立てずに作業する。
AIND-D11201	STAR_IDMISSING	AIND番号を持たない見出しの開始位置	△	★ID_Missing★	ملك الحبشة الكافر هلك في سنة ثمان وثلاثين . ★ID_Missing★ الحكمة رجل ادكاوي .	作業しない。別項として採番が必要なので熊倉へ回す。
AIND-D11231	STAR_IDMISSING	AIND番号を持たない見出しの開始位置	△	★ID_Missing★	مدينة النبوية حتى مات واسمه محمد ابن يوسف . ★ID_Missing★ ذو النون محمد بن عبد الله بن صالح الغزى ، و	作業しない。別項として採番が必要なので熊倉へ回す。
AIND-D11244	STAR_IDMISSING	AIND番号を持たない見出しの開始位置	△	★ID_Missing★	زقي محمد بن محمود بن إسحق . ★ID_Missing★ الزهر محمد بن سعد بن عبد الله القلعي نزيل مك	作業しない。別項として採番が必要なので熊倉へ回す。
AIND-D11288	ELLIPSIS	原文の欠落（lacuna）	○	...	الصائغ ...	欠落部は情報なしとして扱い、該当要素を立てずに作業する。
AIND-D11289	ELLIPSIS	原文の欠落（lacuna）	○	...	الصباغ ...	欠落部は情報なしとして扱い、該当要素を立てずに作業する。
AIND-D11307	ELLIPSIS	原文の欠落（lacuna）	○	...	عزيز ...	欠落部は情報なしとして扱い、該当要素を立てずに作業する。
AIND-D11312	ELLIPSIS	原文の欠落（lacuna）	○	...	العوام ...	欠落部は情報なしとして扱い、該当要素を立てずに作業する。
AIND-D11315	ELLIPSIS	原文の欠落（lacuna）	○	...	الغطاس ...	欠落部は情報なしとして扱い、該当要素を立てずに作業する。
AIND-D11317	STAR_IDMISSING	AIND番号を持たない見出しの開始位置	△	★ID_Missing★	عبد الله وأبوه وجده وكان يعرف بسلطان غلة . ★ID_Missing★ الغندور عيسى || الفاء	作業しない。別項として採番が必要なので熊倉へ回す。
AIND-D11329	ELLIPSIS	原文の欠落（lacuna）	○	...	قدار ...	欠落部は情報なしとして扱い、該当要素を立てずに作業する。
AIND-D11336	ELLIPSIS	原文の欠落（lacuna）	○	...	القماح نزيل تونس ومحدثها هو محمد بن ...	欠落部は情報なしとして扱い、該当要素を立てずに作業する。
AIND-D11363	STAR_IDMISSING	AIND番号を持たない見出しの開始位置	△	★ID_Missing★	المستحل في الرئيس . ★ID_Missing★ المستعين بالله العباس بن محمد بن أبي بكر بن	作業しない。別項として採番が必要なので熊倉へ回す。
AIND-D11364	STAR_IDMISSING	AIND番号を持たない見出しの開始位置	△	★ID_Missing★	سليمان بن محمد بن أبي بكر بن سليمان بن أحمد ★ID_Missing★ المستنجد بالله يوسف بن أبي بكر بن سليمان بن	作業しない。別項として採番が必要なので熊倉へ回す。
AIND-D11373	STAR_IDMISSING	AIND番号を持たない見出しの開始位置	△	★ID_Missing★	د بالله داود بن محمد بن أبي بكر بن سليمان . ★ID_Missing★ المعيد الشمس محمد بن محمود بن محمود .	作業しない。別項として採番が必要なので熊倉へ回す。
AIND-D11436	DOLLAR3_STUB	処理済みの転送見出し（$$$）が同じブロックに同居	◎	###$717607689446$# $$$	علي والشرف محمد بنو محمد بن عثمان بن أيوب . ###$717607689446$# $$$ الاطرابلسي في الطرابلسي .	処理済みなので作業不要。ブロック先頭の項だけ作業すればよい。
AIND-D11510	ELLIPSIS	原文の欠落（lacuna）	○	...	فلعلي الجلال عبد الرحمن والكمال محمد وناجية و... وللشهاب البدر محمد وعزيزة فللبدر عبد الباسط	欠落部は情報なしとして扱い、該当要素を立てずに作業する。
AIND-D11512	STAR_IDMISSING	AIND番号を持たない見出しの開始位置	△	★ID_Missing★	ري هو منها أبو العباس أحد من أخذ عن شيخنا . ★ID_Missing★ البنبي نسبة لبنب البدر محمد بن حسن .	作業しない。別項として採番が必要なので熊倉へ回す。
AIND-D11520	DOLLAR3_STUB	処理済みの転送見出し（$$$）が同じブロックに同居	◎	###$230917430698$# $$$	د الشافعي ويعرف بابن المالكي قاضيها وابنه . ###$230917430698$# $$$ البوصيري في الأبوصيري .	処理済みなので作業不要。ブロック先頭の項だけ作業すればよい。
AIND-D11535	ELLIPSIS	原文の欠落（lacuna）	○	...	التركماني ...	欠落部は情報なしとして扱い、該当要素を立てずに作業する。
AIND-D11539	DOLLAR3_STUB	処理済みの転送見出し（$$$）が同じブロックに同居	◎	###$781369499079$# $$$	علي بن علي بن أحمد بن سعيد بن هرون وأبوه . ###$781369499079$# $$$ التعزي في العلوي .	処理済みなので作業不要。ブロック先頭の項だけ作業すればよい。
AIND-D11543	ELLIPSIS	原文の欠落（lacuna）	○	...	التلاوي ...	欠落部は情報なしとして扱い、該当要素を立てずに作業する。
AIND-D11548	DOLLAR3_STUB	処理済みの転送見出し（$$$）が同じブロックに同居	◎	###$884335467994$# $$$	التميمي محمد بن عمر بن عزم وغيره . ###$884335467994$# $$$ التنسي في ابن التنسي .	処理済みなので作業不要。ブロック先頭の項だけ作業すればよい。
AIND-D11556	STAR_IDMISSING	AIND番号を持たない見出しの開始位置	△	★ID_Missing★	الجاناتي موسى بن محمد بن علي بن موسى . ★ID_Missing★ الجبرتي نسبة إلى جبرة بفتح ثم سكون وراء مفتو	作業しない。別項として採番が必要なので熊倉へ回す。
AIND-D11556	STAR_IDMISSING	AIND番号を持たない見出しの開始位置	△	★ID_Missing★	بن أحمد وعلي بن يوسف بن صير الدين بن موسى . ★ID_Missing★ الجحافي بضم أوله ثم مهملة مفتوحة ثم بعدها فا	作業しない。別項として採番が必要なので熊倉へ回す。
AIND-D11574	ELLIPSIS	原文の欠落（lacuna）	○	...	الجميعي نسبة ... أحمد .	欠落部は情報なしとして扱い、該当要素を立てずに作業する。
AIND-D11576	STAR_IDMISSING	AIND番号を持たない見出しの開始位置	△	★ID_Missing★	الرحمن بن سليم وابن ابنته منصور بن أبي بكر ★ID_Missing★ الجوجري نسبة لجوجر من الغربية أحمد بن حسين ب	作業しない。別項として採番が必要なので熊倉へ回す。
AIND-D11619	ELLIPSIS	原文の欠落（lacuna）	○	...	الخراز ...	欠落部は情報なしとして扱い、該当要素を立てずに作業する。
AIND-D11623	ELLIPSIS	原文の欠落（lacuna）	○	...	الخشبي ...	欠落部は情報なしとして扱い、該当要素を立てずに作業する。
AIND-D11648	STAR_IDMISSING	AIND番号を持たない見出しの開始位置	△	★ID_Missing★	بن حسن بن إبرهيم المنتمي لبيت ابن الجيعان . ★ID_Missing★ الدماميني في ابن الدماميني .	作業しない。別項として採番が必要なので熊倉へ回す。
AIND-D11655	STAR_IDMISSING	AIND番号を持たない見出しの開始位置	△	★ID_Missing★	رفه عن تدريس الحنفية بسودون من زاده واسمه . ★ID_Missing★ الدميري بفتح أوله قرية من الكمال محمد بن موس	作業しない。別項として採番が必要なので熊倉へ回す。
AIND-D11655	STAR_IDMISSING	AIND番号を持たない見出しの開始位置	△	★ID_Missing★	محمد بن يوسف الملقب كتكوت وأخوه علي وابنه . ★ID_Missing★ الدميسني بضم أوله ثم ميم ومهملة وآخره نون مص	作業しない。別項として採番が必要なので熊倉へ回す。
AIND-D11670	ELLIPSIS	原文の欠落（lacuna）	○	...	الراشدي ...	欠落部は情報なしとして扱い、該当要素を立てずに作業する。
AIND-D11673	ELLIPSIS	原文の欠落（lacuna）	○	...	الربعي ...	欠落部は情報なしとして扱い、該当要素を立てずに作業する。
AIND-D11681	ELLIPSIS	原文の欠落（lacuna）	○	...	الركراكي ...	欠落部は情報なしとして扱い、該当要素を立てずに作業する。
AIND-D11683	DOLLAR3_STUB	処理済みの転送見出し（$$$）が同じブロックに同居	◎	###$223455764256$# $$$	أحمد بن أحمد بن محمد بن عبد الله بن زهير . ###$223455764256$# $$$ الرهوني بالضم في ابن الرهوني .	処理済みなので作業不要。ブロック先頭の項だけ作業すればよい。
AIND-D11697	ELLIPSIS	原文の欠落（lacuna）	○	...	د وأخوه وبنو أولهما الولوي محمد والصدر أحمد و... وابن أولهم وعمر بن حسين بن علي وبنوه أحمد وع	欠落部は情報なしとして扱い、該当要素を立てずに作業する。
AIND-D11705	ELLIPSIS	原文の欠落（lacuna）	○	...	الزيات ...	欠落部は情報なしとして扱い、該当要素を立てずに作業する。
AIND-D11706	STAR_IDMISSING	AIND番号を持たない見出しの開始位置	△	★ID_Missing★	الغربية علي بن أحمد وبنوه أحمد ومحمد وعزيزة ★ID_Missing★ الزيتوني بفتح ثم مثناة تحتانية بعدها فوقانية	作業しない。別項として採番が必要なので熊倉へ回す。
AIND-D11735	ELLIPSIS	原文の欠落（lacuna）	○	...	السميط ...	欠落部は情報なしとして扱い、該当要素を立てずに作業する。
AIND-D11737	ELLIPSIS	原文の欠落（lacuna）	○	...	ي بن فضل وابنه محمد سبط يحيى الدماطي وابناه و... ويوسف بن علي بن عبيد .	欠落部は情報なしとして扱い、該当要素を立てずに作業する。
AIND-D11750	DOLLAR3_STUB	処理済みの転送見出し（$$$）が同じブロックに同居	◎	###$564662394814$# $$$	ن يوسف ممن سمع علي بمكة في سنة سبع وتسعين . ###$564662394814$# $$$ السيوطي في الأسيوطي .	処理済みなので作業不要。ブロック先頭の項だけ作業すればよい。
AIND-D11758	STAR_IDMISSING	AIND番号を持たない見出しの開始位置	△	★ID_Missing★	وثانيه وآخره مهملة أحمد بن محمد بن الأجدم . ★ID_Missing★ الشبراوي بفتح ثم سكون نسبة لشبرى أماكن .	作業しない。別項として採番が必要なので熊倉へ回す。
AIND-D11771	DOLLAR3_STUB	処理済みの転送見出し（$$$）が同じブロックに同居	◎	###$664038039520$# $$$	محمد بن محمد بن عمر . وكلاهما ممن نزل حلب . ###$664038039520$# $$$ الشقطي في ابن الشقطي .	処理済みなので作業不要。ブロック先頭の項だけ作業すればよい。
AIND-D11772	ELLIPSIS	原文の欠落（lacuna）	○	...	الشكلي ...	欠落部は情報なしとして扱い、該当要素を立てずに作業する。
AIND-D11773	STAR_IDMISSING	AIND番号を持たない見出しの開始位置	△	★ID_Missing★	ضمتين علي بن عبد الرحمن بن محمد بن اسمعيل . ★ID_Missing★ الشمني الكمال محمد بن محمد بن حسن وابنه التق	作業しない。別項として採番が必要なので熊倉へ回す。
AIND-D11788	STAR_IDMISSING	AIND番号を持たない見出しの開始位置	△	★ID_Missing★	الصائغ للصنائع . ★ID_Missing★ الصبيبي محمد بن عبد الرحمن وابنه أحمد ، على	作業しない。別項として採番が必要なので熊倉へ回す。
AIND-D11788	STAR_IDMISSING	AIND番号を持たない見出しの開始位置	△	★ID_Missing★	الرحمن وابنه أحمد ، على ما سبق في ترجمتهم . ★ID_Missing★ الصرخدي محمد بن محمد بن يوسف ومحمد بن محمد ب	作業しない。別項として採番が必要なので熊倉へ回す。
AIND-D11791	DOLLAR3_STUB	処理済みの転送見出し（$$$）が同じブロックに同居	◎	###$601916203022$# $$$	لأمه محمد بن حسين بن عمر بن أحمد بن محمد . ###$601916203022$# $$$ الصندفائي في السندفائي .	処理済みなので作業不要。ブロック先頭の項だけ作業すればよい。
AIND-D11795	DOLLAR3_STUB	処理済みの転送見出し（$$$）が同じブロックに同居	◎	###$562175172626$# $$$	النور والصوفي الشافعي أحمد بن علي بن محمد . ###$562175172626$# $$$ الصيرامي في السيرامي .	処理済みなので作業不要。ブロック先頭の項だけ作業すればよい。
AIND-D11815	STAR_IDMISSING	AIND番号を持たない見出しの開始位置	△	★ID_Missing★	د الضرير وبنو بهاء الدين محمد وأحمد ويحيى . ★ID_Missing★ الطنساوي إبرهيم بن محمد بن عبد الرزاق وأبوه	作業しない。別項として採番が必要なので熊倉へ回す。
AIND-D11830	ELLIPSIS	原文の欠落（lacuna）	○	...	وبنو ثانيهما الجلال عبد الرحمن والكمال محمد و... وابن أخيهما أحمد بن علي بن حسين وابنه وخازن	欠落部は情報なしとして扱い、該当要素を立てずに作業する。
AIND-D11839	DOLLAR3_STUB	処理済みの転送見出し（$$$）が同じブロックに同居	◎	###$640164061326$# $$$	لعداس للحرفة أبو بكر بن عبد الله بن وأحمد . ###$640164061326$# $$$ العدناني في البرشكي .	処理済みなので作業不要。ブロック先頭の項だけ作業すればよい。
AIND-D11844	STAR_IDMISSING	AIND番号を持たない見出しの開始位置	△	★ID_Missing★	يقال لمن عدا عبد الرحيم وإبرهيم ابن العراقي ★ID_Missing★ العربي محمد بن علي بن عبيد التونسي المؤدب .	作業しない。別項として採番が必要なので熊倉へ回す。
AIND-D11845	STAR_IDMISSING	AIND番号を持たない見出しの開始位置	△	★ID_Missing★	العرشاني بفتحات . ★ID_Missing★ العرضي بضم أوله وسكون ثانيه ثم معجمة إحدى قر	作業しない。別項として採番が必要なので熊倉へ回す。
AIND-D11853	ELLIPSIS	原文の欠落（lacuna）	○	...	العطار ...	欠落部は情報なしとして扱い、該当要素を立てずに作業する。
AIND-D11854	ELLIPSIS	原文の欠落（lacuna）	○	...	العطائي ...	欠落部は情報なしとして扱い、該当要素を立てずに作業する。
AIND-D11856	ELLIPSIS	原文の欠落（lacuna）	○	...	العطوي ...	欠落部は情報なしとして扱い、該当要素を立てずに作業する。
AIND-D11859	STAR_IDMISSING	AIND番号を持たない見出しの開始位置	△	★ID_Missing★	وابن ثانيهما محمد وخلق منهم عبد الكريم . بن ★ID_Missing★ العقيبي بالتصغير أحمد بن إبرهيم بن أحمد اليم	作業しない。別項として採番が必要なので熊倉へ回す。
AIND-D11879	STAR_IDMISSING	AIND番号を持たない見出しの開始位置	△	★ID_Missing★	ن بنو محمد بن محمد وابن الأول أبو الجود بمكة ★ID_Missing★ الغزاوي بالتخفيف قبيلة خطاب بن عمر بن مهنا .	作業しない。別項として採番が必要なので熊倉へ回す。
AIND-D11881	ELLIPSIS	原文の欠落（lacuna）	○	...	الغزنوي ...	欠落部は情報なしとして扱い、該当要素を立てずに作業する。
AIND-D11896	STAR_IDMISSING	AIND番号を持たない見出しの開始位置	△	★ID_Missing★	له ومهملات نسبة لفرسيس محمد بن حسن بن علي . ★ID_Missing★ الفرضي نسبة إلى الفرائض جماعة منهم الشمس الب	作業しない。別項として採番が必要なので熊倉へ回す。
AIND-D11914	ELLIPSIS	原文の欠落（lacuna）	○	...	ي بفتح ثم تشديد للصنعة يحيى بن محمد بن سعيد و...	欠落部は情報なしとして扱い、該当要素を立てずに作業する。
AIND-D11925	ELLIPSIS	原文の欠落（lacuna）	○	...	القرني ...	欠落部は情報なしとして扱い、該当要素を立てずに作業する。
AIND-D11929	ELLIPSIS	原文の欠落（lacuna）	○	...	محمد بن محمد النقيب وابناه جلال الدين محمد و...	欠落部は情報なしとして扱い、該当要素を立てずに作業する。
AIND-D11932	ELLIPSIS	原文の欠落（lacuna）	○	...	القشيري ...	欠落部は情報なしとして扱い、該当要素を立てずに作業する。
AIND-D11933	ELLIPSIS	原文の欠落（lacuna）	○	...	القصاب ...	欠落部は情報なしとして扱い、該当要素を立てずに作業する。
AIND-D11940	ELLIPSIS	原文の欠落（lacuna）	○	...	القلاقسي ...	欠落部は情報なしとして扱い、該当要素を立てずに作業する。
AIND-D11945	ELLIPSIS	原文の欠落（lacuna）	○	...	أبو الحرم مقدسيون والقطب أحمد ابن اسماعيل بن ... وبنوه العلاء علي والتقي عبد الرحمن واسماعيل	欠落部は情報なしとして扱い、該当要素を立てずに作業する。
AIND-D11948	STAR_IDMISSING	AIND番号を持たない見出しの開始位置	△	★ID_Missing★	اب أحمد بن عبد الله بن محمد بن عمر بن علي . ★ID_Missing★ القليوبي بفتح أوله محمد بن عبد الله بن أبي ب	作業しない。別項として採番が必要なので熊倉へ回す。
AIND-D11953	STAR_IDMISSING	AIND番号を持たない見出しの開始位置	△	★ID_Missing★	لى سنة خمس وتسعين وربما يقال لهم القيسوني . ★ID_Missing★ القوصي نسبة لقوص المدينة الشهيرة من الصعيد ا	作業しない。別項として採番が必要なので熊倉へ回す。
AIND-D12006	STAR_IDMISSING	AIND番号を持たない見出しの開始位置	△	★ID_Missing★	المخزومي نسبة لبني مخزوم من قريش جماعة . ★ID_Missing★ المخلصي محمد بن أحمد ابن عبد الله بن رمضان .	作業しない。別項として採番が必要なので熊倉へ回す。
AIND-D12048	STAR_IDMISSING	AIND番号を持たない見出しの開始位置	△	★ID_Missing★	المكي نسبة لمكة المشرفة جماعة . ★ID_Missing★ الملتوتي لعمل الملتوت ويقال له اللتات محمد ب	作業しない。別項として採番が必要なので熊倉へ回す。
AIND-D12066	STAR_ORPHAN	対になっていない孤立した★（変換ノイズ）	◎	★	حيم بن أبي بكر وحفيده الآخر الزكي أبو بكر بن ★بن ... أبي بكر .	無視してよい。
AIND-D12066	ELLIPSIS	原文の欠落（lacuna）	○	...	بن أبي بكر وحفيده الآخر الزكي أبو بكر بن ★بن ... أبي بكر .	欠落部は情報なしとして扱い、該当要素を立てずに作業する。
AIND-D12077	STAR_IDMISSING	AIND番号を持たない見出しの開始位置	△	★ID_Missing★	بة لعلم النحو جماعة كثيرون منهم إبرهيم بن . ★ID_Missing★ النستراوي بفتح أوله وثالثه بينهما مهملة نسبة	作業しない。別項として採番が必要なので熊倉へ回す。
AIND-D12111	ELLIPSIS	原文の欠落（lacuna）	○	...	علي وأحمد وبنو الأول البدر محمد والتقي محمد و... والزين عبد الغني بن يوسف بن أحمد بن مرتضى ال	欠落部は情報なしとして扱い、該当要素を立てずに作業する。
AIND-D12111	ELLIPSIS	原文の欠落（lacuna）	○	...	لغني بن يوسف بن أحمد بن مرتضى المقري وحسن بن ... من أصحاب الغمري .	欠落部は情報なしとして扱い、該当要素を立てずに作業する。
AIND-D12134	STAR_IDMISSING	AIND番号を持たない見出しの開始位置	△	★ID_Missing★	م الجمعة ثامن ذي القعدة سنة اثنتين وتسعين . ★ID_Missing★ ابن الأخصاصي أثير الدين محمد وشهاب الدين أحم	作業しない。別項として採番が必要なので熊倉へ回す。
AIND-D12159	STAR_IDMISSING	AIND番号を持たない見出しの開始位置	△	★ID_Missing★	ابن امام الصرغتمشية محمد بن محمد بن ★ID_Missing★ ابن إمام الكاملية محمد ابن محمد بن عبد الرحم	作業しない。別項として採番が必要なので熊倉へ回す。
AIND-D12160	STAR_IDMISSING	AIND番号を持たない見出しの開始位置	△	★ID_Missing★	هيم بن عبد الرحمن المغربي ويكنى أبا الفضل . ★ID_Missing★ ابن الأمانة أحمد بن عبد العزيز بن عثمان وابن	作業しない。別項として採番が必要なので熊倉へ回す。
AIND-D12168	STAR_IDMISSING	AIND番号を持たない見出しの開始位置	△	★ID_Missing★	وابنه علي ومضى بعضهم في ابن الأشرف قريبا . ★ID_Missing★ ابن أيوب تركماني اسمه علي بن يوسف بن أيوب وخ	作業しない。別項として採番が必要なので熊倉へ回す。
AIND-D12186	STAR_IDMISSING	AIND番号を持たない見出しの開始位置	△	★ID_Missing★	بن أولهما عبد العزيز أحد بوقف البيمارستان . ★ID_Missing★ ابن برية بضم ثم فتح كعصية الشرف يحيى بن كريم	作業しない。別項として採番が必要なので熊倉へ回す。
AIND-D12210	STAR_IDMISSING	AIND番号を持たない見出しの開始位置	△	★ID_Missing★	تقي المنسوبون إليه جد لهم يلقب تقي الدين . ★ID_Missing★ ابن تمرية التاج محمد بن أبي بكر بن محمد بن م	作業しない。別項として採番が必要なので熊倉へ回す。
AIND-D12228	STAR_IDMISSING	AIND番号を持たない見出しの開始位置	△	★ID_Missing★	بضم تصغير جلدة أحمد بن حسن وخاله أحمد بن . ★ID_Missing★ ابن جماعة أبو بكر بن عبد العزيز بن محمد بن إ	作業しない。別項として採番が必要なので熊倉へ回す。
AIND-D12251	STAR_IDMISSING	AIND番号を持たない見出しの開始位置	△	★ID_Missing★	بن أحمد وابنه البدر محمد وابنه علي وبنوه . ★ID_Missing★ ابن حجة بكسر أوله أبو بكر بن علي بن عبد الله	作業しない。別項として採番が必要なので熊倉へ回す。
AIND-D12271	STAR_IDMISSING	AIND番号を持たない見出しの開始位置	△	★ID_Missing★	ابن حليمة المكي عبيد بن يوسف وابنه محمد. ★ID_Missing★ ابن الحمار بكسر ثم تخفيف الشهاب أحمد بن محمد	作業しない。別項として採番が必要なので熊倉へ回す。
AIND-D12285	STAR_IDMISSING	AIND番号を持たない見出しの開始位置	△	★ID_Missing★	برهيم بن عبد المهيمن وابنه محمد وعمه أحمد . ★ID_Missing★ ابن خاص بك الشهاب أحمد والبدر محمد وابن أوله	作業しない。別項として採番が必要なので熊倉へ回す。
AIND-D12297	STAR_IDMISSING	AIND番号を持たない見出しの開始位置	△	★ID_Missing★	ح ومهملة ممدود علي بن محمد بن أحمد بن علي . ★ID_Missing★ ابن خطيب داريا محمد بن أحمد بن سليمان .	作業しない。別項として採番が必要なので熊倉へ回す。
AIND-D12316	STAR_IDMISSING	AIND番号を持たない見出しの開始位置	△	★ID_Missing★	رة وكأنه مخفف من خيرة من نواب الشافعية اسمه ★ID_Missing★ ابن خير الكمال عبد الله بن محمد بن محمد بن س	作業しない。別項として採番が必要なので熊倉へ回す。
AIND-D12359	ELLIPSIS	原文の欠落（lacuna）	○	...	شا الحنفي نزيل الحسينية ومن تكثر الشكوى منه و... وهو أبو .... وصدر الدين محمد بن محمد ابن محم	欠落部は情報なしとして扱い、該当要素を立てずに作業する。
AIND-D12359	ELLIPSIS	原文の欠落（lacuna）	○	...	يل الحسينية ومن تكثر الشكوى منه و... وهو أبو .... وصدر الدين محمد بن محمد ابن محمد نزيل السيو	欠落部は情報なしとして扱い、該当要素を立てずに作業する。
AIND-D12383	STAR_IDMISSING	AIND番号を持たない見出しの開始位置	△	★ID_Missing★	بق بفتح ثم تحتانية ساكنة بعدها موحدة ثم قاف ★ID_Missing★ ابن الزيتوني في الزيتوني .	作業しない。別項として採番が必要なので熊倉へ回す。
AIND-D12384	STAR_IDMISSING	AIND番号を持たない見出しの開始位置	△	★ID_Missing★	ابن زيت حار في زيت حار . ★ID_Missing★ ابن زيد أحمد بن محمد بن أحمد بن أبي بكر بن ز	作業しない。別項として採番が必要なので熊倉へ回す。
AIND-D12386	ELLIPSIS	原文の欠落（lacuna）	○	...	ابن زين الشاعر هو ...	欠落部は情報なしとして扱い、該当要素を立てずに作業する。
AIND-D12392	STAR_IDMISSING	AIND番号を持たない見出しの開始位置	△	★ID_Missing★	ابن السبع قاسم بن ★ID_Missing★ أبن السدار علي وعبد الرحمن ابنا أحمد بن إبره	作業しない。別項として採番が必要なので熊倉へ回す。
AIND-D12398	STAR_IDMISSING	AIND番号を持たない見出しの開始位置	△	★ID_Missing★	حنة وإخوته وهي الصغرى توفيت والأولى باقية . ★ID_Missing★ ابن السقا الشمس محمد بن أحد فضلاء الحنفية .	作業しない。別項として採番が必要なので熊倉へ回す。
AIND-D12410	ELLIPSIS	原文の欠落（lacuna）	○	...	ابن سند ...	欠落部は情報なしとして扱い、該当要素を立てずに作業する。
AIND-D12415	STAR_IDMISSING	AIND番号を持たない見出しの開始位置	△	★ID_Missing★	حبنا الشمس محمد بن سلامة الادكاوي الشافعي . ★ID_Missing★ ابن سلام بالتشديد محمد بن أحمد بن سلام .	作業しない。別項として採番が必要なので熊倉へ回す。
AIND-D12442	STAR_IDMISSING	AIND番号を持たない見出しの開始位置	△	★ID_Missing★	ابن شهيبة بضم مصغر عمر بن . ★ID_Missing★ ابن الشهيد بفتح ثم كسر إبرهيم بن محمد بن إبر	作業しない。別項として採番が必要なので熊倉へ回す。
AIND-D12468	STAR_IDMISSING	AIND番号を持たない見出しの開始位置	△	★ID_Missing★	لأموي ويقال له ابن المحمرة أيضا وأخوه علي . ★ID_Missing★ ابن الصلاح محمد بن علي بن صلاح إمام الزيدية	作業しない。別項として採番が必要なので熊倉へ回す。
AIND-D12470	STAR_IDMISSING	AIND番号を持たない見出しの開始位置	△	★ID_Missing★	بن صنيعة بفتح ثم كسر الشرف يحيى بن الوزير . ★ID_Missing★ ابن الصواف إبرهيم بن علي الحنبلي وابنه محمد	作業しない。別項として採番が必要なので熊倉へ回す。
AIND-D12485	STAR_IDMISSING	AIND番号を持たない見出しの開始位置	△	★ID_Missing★	ابن طلحة . ★ID_Missing★ ابن الطناني علي بن أحمد الغزولي .	作業しない。別項として採番が必要なので熊倉へ回す。
AIND-D12494	STAR_IDMISSING	AIND番号を持たない見出しの開始位置	△	★ID_Missing★	ضي ولفائز من ابنة عمه البرهاني فاطمة يحيى . ★ID_Missing★ ابن ظهير إبراهيم بن محمد بن إبرهيم وابنه الب	作業しない。別項として採番が必要なので熊倉へ回す。
AIND-D12520	STAR_IDMISSING	AIND番号を持たない見出しの開始位置	△	★ID_Missing★	ابن العبسي في العبسي ★ID_Missing★ ابن عبود حسن بن علي بن محمد .	作業しない。別項として採番が必要なので熊倉へ回す。
AIND-D12531	STAR_IDMISSING	AIND番号を持たない見出しの開始位置	△	★ID_Missing★	م جماعة كثيرون ذكر بعضهم في ابن أبي جرادة . ★ID_Missing★ ابن أبي عذيبة بضم ثم معجمة مصغر من عذبة أحمد	作業しない。別項として採番が必要なので熊倉へ回す。
AIND-D12550	STAR_IDMISSING	AIND番号を持たない見出しの開始位置	△	★ID_Missing★	أخيه عبد اللطيف بن عبد الوهاب قوالح وابنه . ★ID_Missing★ ابن العقاب بضم وقاف مفتوحة خفيفة وآخره موحد	作業しない。別項として採番が必要なので熊倉へ回す。
AIND-D12558	STAR_IDMISSING	AIND番号を持たない見出しの開始位置	△	★ID_Missing★	بعده بقليل صغيرا في شعبان سنة خمس وثمانين . ★ID_Missing★ ابن العماد الشهاب أحمد بن عماد بن يوسف الفقي	作業しない。別項として採番が必要なので熊倉へ回す。
AIND-D12574	ELLIPSIS	原文の欠落（lacuna）	○	...	ابن غالب ...	欠落部は情報なしとして扱い、該当要素を立てずに作業する。
AIND-D12594	STAR_IDMISSING	AIND番号を持たない見出しの開始位置	△	★ID_Missing★	باب السلام وكتب أشياء منها عدة من تصانيفي . ★ID_Missing★ ابن الفرات باسم النهر محمد بن عبد الرحيم بن	作業しない。別項として採番が必要なので熊倉へ回す。
AIND-D12597	ELLIPSIS	原文の欠落（lacuna）	○	...	ابن فرحون المدنيون ...	欠落部は情報なしとして扱い、該当要素を立てずに作業する。
AIND-D12607	ELLIPSIS	原文の欠落（lacuna）	○	...	ابن الفقاعي شمس الدين محمد بن بن ... الجوهري صهر ولد الأخ .	欠落部は情報なしとして扱い、該当要素を立てずに作業する。
AIND-D12616	STAR_IDMISSING	AIND番号を持たない見出しの開始位置	△	★ID_Missing★	قاهرة ويعرف بابن الغرابيلي وهو الشمس محمد . ★ID_Missing★ ابن قاضي أذرعات في الأذرعي .	作業しない。別項として採番が必要なので熊倉へ回す。
AIND-D12683	ELLIPSIS	原文の欠落（lacuna）	○	...	ابن الكتناني ...	欠落部は情報なしとして扱い、該当要素を立てずに作業する。
AIND-D12684	ELLIPSIS	原文の欠落（lacuna）	○	...	ابن كثير ...	欠落部は情報なしとして扱い、該当要素を立てずに作業する。
AIND-D12686	ELLIPSIS	原文の欠落（lacuna）	○	...	ابن كراها بضم أوله مخففا هو ...	欠落部は情報なしとして扱い、該当要素を立てずに作業する。
AIND-D12695	ELLIPSIS	原文の欠落（lacuna）	○	...	ابن الكيال ... || حرف اللام .	欠落部は情報なしとして扱い、該当要素を立てずに作業する。
AIND-D12700	ELLIPSIS	原文の欠落（lacuna）	○	...	ابن لولو علي ... || حرف الميم .	欠落部は情報なしとして扱い、該当要素を立てずに作業する。
AIND-D12701	ELLIPSIS	原文の欠落（lacuna）	○	...	ابن مباركشاه هو أحمد ...	欠落部は情報なしとして扱い、該当要素を立てずに作業する。
AIND-D12721	STAR_IDMISSING	AIND番号を持たない見出しの開始位置	△	★ID_Missing★	لرحمن وابنة تحت العلاء علي بن عيسى القاري . ★ID_Missing★ ابن المراغي في المراغي .	作業しない。別項として採番が必要なので熊倉へ回す。
AIND-D12741	STAR_IDMISSING	AIND番号を持たない見出しの開始位置	△	★ID_Missing★	لح أحمد بن محمد بن يحيى بن مصلح وأخوه علي . ★ID_Missing★ ابن المصلية علي بن عبد الوهاب بن أبي بكر بن	作業しない。別項として採番が必要なので熊倉へ回す。
AIND-D12750	STAR_IDMISSING	AIND番号を持たない見出しの開始位置	△	★ID_Missing★	بن علي بن عبد المؤمن ولثانيهما الشمس محمد . ★ID_Missing★ ابن المغربي يحيى بن علي بن أحمد وأكثر ما يقا	作業しない。別項として採番が必要なので熊倉へ回す。
AIND-D12750	STAR_IDMISSING	AIND番号を持たない見出しの開始位置	△	★ID_Missing★	حيى بن علي بن أحمد وأكثر ما يقال بالتصغير . ★ID_Missing★ ابن المغربية عمر بن محمد الغمري .	作業しない。別項として採番が必要なので熊倉へ回す。
AIND-D12754	STAR_IDMISSING	AIND番号を持たない見出しの開始位置	△	★ID_Missing★	بن المفضل محمد بن عمر بن عبد العزيز وابنه . ★ID_Missing★ ابن مفلح الشرف عبد الله والتقي إبرهيم ابنا ا	作業しない。別項として採番が必要なので熊倉へ回す。
AIND-D12776	STAR_IDMISSING	AIND番号を持たない見出しの開始位置	△	★ID_Missing★	ابن الموله محمد بن أحمد بن عثمان بن خالد . ★ID_Missing★ ابن الميلق إبرهيم بن أحمد بن أحمد . || حرف	作業しない。別項として採番が必要なので熊倉へ回す。
AIND-D12786	STAR_IDMISSING	AIND番号を持たない見出しの開始位置	△	★ID_Missing★	ابن النسخة أحمد بن محمد بن أحمد . ★ID_Missing★ ابن نسيبة مصغر برهان الدين مات في سنة اثنتين	作業しない。別項として採番が必要なので熊倉へ回す。
AIND-D12786	STAR_IDMISSING	AIND番号を持たない見出しの開始位置	△	★ID_Missing★	مد المقدسي المذكور في حوادث سنة ست وتسعين . ★ID_Missing★ ابن النشاشيبي محمد بن أحمد بن رجب .	作業しない。別項として採番が必要なので熊倉へ回す。
AIND-D12787	ELLIPSIS	原文の欠落（lacuna）	○	...	ابن النصار الفقيه محمد ...	欠落部は情報なしとして扱い、該当要素を立てずに作業する。
AIND-D12789	STAR_IDMISSING	AIND番号を持たない見出しの開始位置	△	★ID_Missing★	ع تجانس %~% إذا طال أصل الورد فهو نصيبي %~% ★ID_Missing★ ابن النظام بكسر وتخفيف محمد بن محمد بن أبي ب	作業しない。別項として採番が必要なので熊倉へ回す。
AIND-D12801	STAR_IDMISSING	AIND番号を持たない見出しの開始位置	△	★ID_Missing★	هما أعني مجد الدين عبد القادر والبدر محمد . ★ID_Missing★ ابن هلال التاجر الدمشقي محمد بن محمد بن محمد	作業しない。別項として採番が必要なので熊倉へ回す。
AIND-D12846	DOLLAR3_STUB	処理済みの転送見出し（$$$）が同じブロックに同居	◎	###$711492397348$# $$$	ا فاطمة وأم هاني ، ويحرر إن كانت من شرطنا . ###$711492397348$# $$$ آسية ابنة عبد الرحمن بن محمد بن أبي بكر الهر	処理済みなので作業不要。ブロック先頭の項だけ作業すればよい。
AIND-D12852	ELLIPSIS	原文の欠落（lacuna）	○	...	$ 9 آمنة ابنة إبراهيم بن ... الزيادية ثم القاهرية زوج الشيخ نور الدين الز	欠落部は情報なしとして扱い、該当要素を立てずに作業する。
AIND-D12866	ELLIPSIS	原文の欠落（lacuna）	○	...	$ 23 آمنة ابنة ... زوج الشمس بن الأهناسي وأم بنيه العلاء الوزير	欠落部は情報なしとして扱い、該当要素を立てずに作業する。
AIND-D12874	ELLIPSIS	原文の欠落（lacuna）	○	...	منها الفضلاء أخذ عنها التقي بن فهد وماتت في ...	欠落部は情報なしとして扱い、該当要素を立てずに作業する。
AIND-D12877	ELLIPSIS	原文の欠落（lacuna）	○	...	$ 34 أصيلة المولدة أم عمر ابنة ... شيخة المغاني بمكة ، ماتت بها في جمادى الثاني	欠落部は情報なしとして扱い、該当要素を立てずに作業する。
AIND-D12879	ELLIPSIS	原文の欠落（lacuna）	○	...	$ 36 أطلس ابنة الخواجا نور الدين علي بن ... البلبيسي سبطة النور الرشيدي تزوجها النور علي	欠落部は情報なしとして扱い、該当要素を立てずに作業する。
AIND-D12889	ELLIPSIS	原文の欠落（lacuna）	○	...	لاثين فلم تتزوج بعده واقامت بتربة الزمام حتى ...	欠落部は情報なしとして扱い、該当要素を立てずに作業する。
AIND-D12891	DOLLAR3_STUB	処理済みの転送見出し（$$$）が同じブロックに同居	◎	###$937091426708$# $$$	بن ناصر الدين بن أصيل فلم تحمد أمرها معه . ###$937091426708$# $$$ أمة العزيز ابنة محمد بن اسماعيل ابن الشيخ يو	処理済みなので作業不要。ブロック先頭の項だけ作業すればよい。
AIND-D12891	DOLLAR3_STUB	処理済みの転送見出し（$$$）が同じブロックに同居	◎	###$513978427797$# $$$	ي ، وأظنها أمة الخالق الماضية قريبا فيحرر . ###$513978427797$# $$$ أمة العزيز ابنة محمد بن محمد بن محمد بن أحمد	処理済みなので作業不要。ブロック先頭の項だけ作業すればよい。
AIND-D12895	ELLIPSIS	原文の欠落（lacuna）	○	...	يتها ببعلبك قريب الستين فأجازت لنا وماتت بعد ...	欠落部は情報なしとして扱い、該当要素を立てずに作業する。
AIND-D12904	DOLLAR3_STUB	処理済みの転送見出し（$$$）が同じブロックに同居	◎	###$868048988616$# $$$	مسين بمكة وهي جدة صاحبنا النجم بن فهد لأمه . ###$868048988616$# $$$ بدور أم فضيل الطبرية ، هي نعمة الله ابنة الم	処理済みなので作業不要。ブロック先頭の項だけ作業すればよい。
AIND-D12909	DOLLAR3_STUB	処理済みの転送見出し（$$$）が同じブロックに同居	◎	###$441706375639$# $$$	المحرم سنة اثنتين ؛ ذكرها شيخنا في إنبائه . ###$441706375639$# $$$ بركة ابنة عبد الرحمن بن علي بن أحمد بن عبد ا	処理済みなので作業不要。ブロック先頭の項だけ作業すればよい。
AIND-D12924	ELLIPSIS	原文の欠落（lacuna）	○	...	ي بني أخوة المعتضد من استدعاء ابن فهد . ماتت ... || حرف التاء المثناة	欠落部は情報なしとして扱い、該当要素を立てずに作業する。
AIND-D12925	ELLIPSIS	原文の欠落（lacuna）	○	...	ما بآخرها و حدثت سمع منها الفضلاء . وماتت في ...	欠落部は情報なしとして扱い、該当要素を立てずに作業する。
AIND-D12927	ELLIPSIS	原文の欠落（lacuna）	○	...	زوجة أيتمش الخضري استولدها فرجا الآتية وماتت ...	欠落部は情報なしとして扱い、該当要素を立てずに作業する。
AIND-D12930	DOLLAR3_STUB	処理済みの転送見出し（$$$）が同じブロックに同居	◎	###$854971148814$# $$$	لية . ماتت بالمدينة النبوية سنة ست وعشرين . ###$854971148814$# $$$ تفاحة الحبشية أخرى أم قاضي الحرمين المحيوي ا	処理済みなので作業不要。ブロック先頭の項だけ作業すればよい。
AIND-D12930	DOLLAR3_STUB	処理済みの転送見出し（$$$）が同じブロックに同居	◎	###$925796166161$# $$$	الحرمين المحيوي الحنبلي تأتي في المبهمات . ###$925796166161$# $$$ تقية ويقال لها ست الأهل أم ريم ابنة التقي مح	処理済みなので作業不要。ブロック先頭の項だけ作業すればよい。
AIND-D12931	DOLLAR3_STUB	処理済みの転送見出し（$$$）が同じブロックに同居	◎	###$461784508950$# $$$	الحرب بعد سبع سنين ذكرها شيخنا في إنبائه . ###$461784508950$# $$$ توفيق ابنة أحمد بن جار الله بن زائد ذكرت في	処理済みなので作業不要。ブロック先頭の項だけ作業すればよい。
AIND-D12931	DOLLAR3_STUB	処理済みの転送見出し（$$$）が同じブロックに同居	◎	###$103456729622$# $$$	بنة أحمد بن جار الله بن زائد ذكرت في عينا . ###$103456729622$# $$$ توفيق في خديجة ابنة محمد بن أحمد بن محمد بن	処理済みなので作業不要。ブロック先頭の項だけ作業すればよい。
AIND-D12931	DOLLAR3_STUB	処理済みの転送見出し（$$$）が同じブロックに同居	◎	###$266153781792$# $$$	محمد بن أحمد بن محمد بن أحمد بن عبد الله . ###$266153781792$# $$$ توفيق أخرى في زينب ابنة علي بن أحمد بن عبد ا	処理済みなので作業不要。ブロック先頭の項だけ作業すればよい。
AIND-D12931	DOLLAR3_STUB	処理済みの転送見出し（$$$）が同じブロックに同居	◎	###$844158233121$# $$$	رى في زينب ابنة علي بن أحمد بن عبد العزيز . ###$844158233121$# $$$ تيتي بفوقانيتين المدعوة ستيتة ابنة داود الكي	処理済みなので作業不要。ブロック先頭の項だけ作業すればよい。
AIND-D12935	ELLIPSIS	原文の欠落（lacuna）	○	...	د المناوي وحواء ابنة السراج عمر الحمصي . ماتت... ###$614100658733$# $$$ جهة طي هي زينب ابنة	欠落部は情報なしとして扱い、該当要素を立てずに作業する。
AIND-D12935	DOLLAR3_STUB	処理済みの転送見出し（$$$）が同じブロックに同居	◎	###$614100658733$# $$$	اوي وحواء ابنة السراج عمر الحمصي . ماتت... ###$614100658733$# $$$ جهة طي هي زينب ابنة يحيى بن أحمد بن اسماعيل	処理済みなので作業不要。ブロック先頭の項だけ作業すればよい。
AIND-D12946	DOLLAR3_STUB	処理済みの転送見出し（$$$）が同じブロックに同居	◎	###$211980151387$# $$$	دفنت عند سلفها بالمعلاه رحمها الله وإيانا . ###$211980151387$# $$$ حبيبة ابنة أبي اليمن محمد بن أحمد بن الرضى إ	処理済みなので作業不要。ブロック先頭の項だけ作業すればよい。
AIND-D12947	ELLIPSIS	原文の欠落（lacuna）	○	...	لمراغي وعبد القادر الارموي وجماعة . وماتت في ...	欠落部は情報なしとして扱い、該当要素を立てずに作業する。
AIND-D12957	ELLIPSIS	原文の欠落（lacuna）	○	...	ن عمر الدمشقي بن الزمن . سمعت مني بمكة وماتت ...	欠落部は情報なしとして扱い、該当要素を立てずに作業する。
AIND-D12961	DOLLAR3_STUB	処理済みの転送見出し（$$$）が同じブロックに同居	◎	###$562779155053$# $$$	ا شيخنا في معجمه وقال أجازت لي في سنة سبع . ###$562779155053$# $$$ حليمة ابنة أحمد بن محمد بن إسماعيل بن إبراهي	処理済みなので作業不要。ブロック先頭の項だけ作業すればよい。
AIND-D12964	ELLIPSIS	原文の欠落（lacuna）	○	...	الحنبلي وأجاز لها جماعة ، وكانت خيرة ماتت في ...	欠落部は情報なしとして扱い、該当要素を立てずに作業する。
AIND-D12971	ELLIPSIS	原文の欠落（lacuna）	○	...	شنسي وغيره ، أجازت لنا على يد أخيها وماتت في ...	欠落部は情報なしとして扱い、該当要素を立てずに作業する。
AIND-D12973	DOLLAR3_STUB	処理済みの転送見出し（$$$）が同じブロックに同居	◎	###$112361237131$# $$$	ربعين فلم تكمل ثمان سنين عوضها الله الجنة . ###$112361237131$# $$$ حورية هي التي قبلها || حرف الخاء المعجمة	処理済みなので作業不要。ブロック先頭の項だけ作業すればよい。
AIND-D12982	ELLIPSIS	原文の欠落（lacuna）	○	...	رهم من أصولها وأقاربها . كانت خيرة . ماتت في ...	欠落部は情報なしとして扱い、該当要素を立てずに作業する。
AIND-D12989	ELLIPSIS	原文の欠落（lacuna）	○	...	زوجها عمر بن النشتبري فولدت له علماء . وماتت ...	欠落部は情報なしとして扱い、該当要素を立てずに作業する。
AIND-D12994	ELLIPSIS	原文の欠落（lacuna）	○	...	من حتيت الاشرفي واستولدها فاطمة ، وماتت في ...	欠落部は情報なしとして扱い、該当要素を立てずに作業する。
AIND-D13013	ELLIPSIS	原文の欠落（lacuna）	○	...	بيت المقدس وكان أبوها صالحا معتقدا . ماتت في ...	欠落部は情報なしとして扱い、該当要素を立てずに作業する。
AIND-D13044	DOLLAR3_STUB	処理済みの転送見出し（$$$）が同じブロックに同居	◎	###$528088066858$# $$$	سنة اثنتين وتسعين وكانت فيما قيل لها مال . ###$528088066858$# $$$ رابعة ابنة عبد القادر بن أبي الفتح محمد بن أ	処理済みなので作業不要。ブロック先頭の項だけ作業すればよい。
AIND-D13045	DOLLAR3_STUB	処理済みの転送見出し（$$$）が同じブロックに同居	◎	###$776554441517$# $$$	ر أجازت لنا ، وماتت في شوال سنة تسع وستين . ###$776554441517$# $$$ رحمة ابنة عطية بن محمد بن فهد ؛ في ست الجميع	処理済みなので作業不要。ブロック先頭の項だけ作業すればよい。
AIND-D13046	DOLLAR3_STUB	処理済みの転送見出し（$$$）が同じブロックに同居	◎	###$712809409329$# $$$	لحسن ، ماتت في سنة احدى وسبعين رحمها الله . ###$712809409329$# $$$ رقية ابنة العفيف عبد السلام بن محمد بن مزروع	処理済みなので作業不要。ブロック先頭の項だけ作業すればよい。
AIND-D13052	DOLLAR3_STUB	処理済みの転送見出し（$$$）が同じブロックに同居	◎	###$698850765626$# $$$	رمضان سنة إحدى وأربعين رحمها الله وإيانا . ###$698850765626$# $$$ رقية ابنة التقي محمد بن محمد بن أبي الخير مح	処理済みなので作業不要。ブロック先頭の項だけ作業すればよい。
AIND-D13056	DOLLAR3_STUB	処理済みの転送見出し（$$$）が同じブロックに同居	◎	###$613471513410$# $$$	ركات وتركت ابنين من ذوي عجلان ليسا شقيقين . ###$613471513410$# $$$ رئيسة في أم كلثوم ابنة المحب محمد بن محمد بن	処理済みなので作業不要。ブロック先頭の項だけ作業すればよい。
AIND-D13086	STAR_HEADWORD	未採番見出しの境界（1ブロックに複数見出しが同居）	△	★زينب★	طلحة ... الهتار ماتت سنة احدى وثلاثين . 243 ★زينب★ ابنة الجلال عبد الرحمن بن السراج عمر بن رسلا	作業しない。ブロック内の2件目以降は別項として採番が必要。
AIND-D13086	ELLIPSIS	原文の欠落（lacuna）	○	...	$ 242 زينب ابنة طلحة ... الهتار ماتت سنة احدى وثلاثين . 243 ★زينب★ ا	欠落部は情報なしとして扱い、該当要素を立てずに作業する。
AIND-D13098	ELLIPSIS	原文の欠落（lacuna）	○	...	المرجاني وطلقها بعد أشهر فلم تتزوج حتى ماتت ...	欠落部は情報なしとして扱い、該当要素を立てずに作業する。
AIND-D13106	DOLLAR3_STUB	処理済みの転送見出し（$$$）が同じブロックに同居	◎	###$723358084020$# $$$	احدى . ذكرها شيخنا في أنبائه وبيض لسماعها . ###$723358084020$# $$$ زينب ابنة عمر بن محمد بن محمد بن فهد . هي حف	処理済みなので作業不要。ブロック先頭の項だけ作業すればよい。
AIND-D13107	DOLLAR3_STUB	処理済みの転送見出し（$$$）が同じブロックに同居	◎	###$911388732347$# $$$	ثانية سنة خمس وتسعين بمكة وخلفت له ابنتين . ###$911388732347$# $$$ زينب ابنة أبي الفتح بن أحمد الحسنى الفاسى ال	処理済みなので作業不要。ブロック先頭の項だけ作業すればよい。
AIND-D13133	DOLLAR3_STUB	処理済みの転送見出し（$$$）が同じブロックに同居	◎	###$179801451495$# $$$	اثنتين وستين رحم الله شبابها وعوضها الجنة . ###$179801451495$# $$$ زينب ابنة محمد بن محمد بن أبي الخير محمد بن	処理済みなので作業不要。ブロック先頭の項だけ作業すればよい。
AIND-D13136	DOLLAR3_STUB	処理済みの転送見出し（$$$）が同じブロックに同居	◎	###$377051180019$# $$$	مرت تحته حتى ماتت في طاعون سنة سبع وتسعين . ###$377051180019$# $$$ زينب ابنة محمد بن محمد بن يوسف الزعيفرني . ف	処理済みなので作業不要。ブロック先頭の項だけ作業すればよい。
AIND-D13137	ELLIPSIS	原文の欠落（lacuna）	○	...	لى وفاطمة . أجاز لها من في اخوتها . وماتت في ...	欠落部は情報なしとして扱い、該当要素を立てずに作業する。
AIND-D13139	DOLLAR3_STUB	処理済みの転送見出し（$$$）が同じブロックに同居	◎	###$810352143357$# $$$	لاني المكي . ماتت في سنة أربع وسبعين بمكة . ###$810352143357$# $$$ زينب ابنة هاشم بن علي بن غزوان تأتي في ست قر	処理済みなので作業不要。ブロック先頭の項だけ作業すればよい。
AIND-D13143	ELLIPSIS	原文の欠落（lacuna）	○	...	أيوب السختياني وحدثت سمع منها الفضلاء . ماتت ...	欠落部は情報なしとして扱い、該当要素を立てずに作業する。
AIND-D13145	DOLLAR3_STUB	処理済みの転送見出し（$$$）が同じブロックに同居	◎	###$358977924111$# $$$	ا الله وعوضها الجنة . || حرف السين المهملة ###$358977924111$# $$$ سادة ابنة عبد الرزاق بن الهيصم . تأتي في أم	処理済みなので作業不要。ブロック先頭の項だけ作業すればよい。
AIND-D13159	DOLLAR3_STUB	処理済みの転送見出し（$$$）が同じブロックに同居	◎	###$801741237285$# $$$	بالمعلاة وقد قاربت السبعين ، ذكرها الفاسي . ###$801741237285$# $$$ ست الأهل ابنة الرضى محمد بن المحب محمد بن ال	処理済みなので作業不要。ブロック先頭の項だけ作業すればよい。
AIND-D13159	DOLLAR3_STUB	処理済みの転送見出し（$$$）が同じブロックに同居	◎	###$540805196840$# $$$	بن محمد بن إبراهيم الطبرى اسمها حسنة مضت . ###$540805196840$# $$$ ست الأهل ابنة التقى محمد بن محمد بن أبي الخي	処理済みなので作業不要。ブロック先頭の項だけ作業すればよい。
AIND-D13159	DOLLAR3_STUB	処理済みの転送見出し（$$$）が同じブロックに同居	◎	###$147111046191$# $$$	بن فهد وتسمى أيضا تقية في أم ريم من الكنى . ###$147111046191$# $$$ ست بنى هاشم ابنة التقي محمد بن محمد بن محمد	処理済みなので作業不要。ブロック先頭の項だけ作業すればよい。
AIND-D13160	DOLLAR3_STUB	処理済みの転送見出し（$$$）が同じブロックに同居	◎	###$646635875381$# $$$	مكي . ماتت في شعبان سنة احدى وثمانين بمكة . ###$646635875381$# $$$ ست التجار هي تجار .	処理済みなので作業不要。ブロック先頭の項だけ作業すればよい。
AIND-D13167	DOLLAR3_STUB	処理済みの転送見出し（$$$）が同じブロックに同居	◎	###$679972203584$# $$$	نة ثمان وثلاثين وثمانمائة وأجاز لها جماعة . ###$679972203584$# $$$ ست الخطباء ابنة التقي محمد بن محمد بن أبي ال	処理済みなので作業不要。ブロック先頭の項だけ作業すればよい。
AIND-D13172	ELLIPSIS	原文の欠落（lacuna）	○	...	ا المحب محمد بن الشحنة وكانت أصيلة . ماتت في ... ###$870171307079$# $$$ ست العرب ابنة محمد ب	欠落部は情報なしとして扱い、該当要素を立てずに作業する。
AIND-D13172	DOLLAR3_STUB	処理済みの転送見出し（$$$）が同じブロックに同居	◎	###$870171307079$# $$$	حب محمد بن الشحنة وكانت أصيلة . ماتت في ... ###$870171307079$# $$$ ست العرب ابنة محمد بن محمد بن أبي الخير محمد	処理済みなので作業不要。ブロック先頭の項だけ作業すればよい。
AIND-D13174	DOLLAR3_STUB	処理済みの転送見出し（$$$）が同じブロックに同居	◎	###$963066752073$# $$$	ت العيدين الزرزر . ماتت في سنة ثمان وخمسين . ###$963066752073$# $$$ ست العيش جماعة ممن يسمون عائشة منهن ابنة الع	処理済みなので作業不要。ブロック先頭の項だけ作業すればよい。
AIND-D13175	IDEOSPACE	全角スペース（変換ノイズ）	◎	　	المذكور في نسبها . ماتت في ربيع الأول سنة عن ستين سنة فأزيد .	半角スペースとして扱う。
AIND-D13177	DOLLAR3_STUB	処理済みの転送見出し（$$$）が同じブロックに同居	◎	###$469070015566$# $$$	ت له . وماتت في رمضان سنة أربع وستين بمكة . ###$469070015566$# $$$ ست قريش ابنة محمد بن محمد بن عبد الله بن فهد	処理済みなので作業不要。ブロック先頭の項だけ作業すればよい。
AIND-D13179	DOLLAR3_STUB	処理済みの転送見出し（$$$）が同じブロックに同居	◎	###$522811632722$# $$$	. وماتت في ذي القعدة سنة أربع وخمسين بمكة . ###$522811632722$# $$$ ست قريش ابنة التقي محمد بن محمد بن محمد بن ف	処理済みなので作業不要。ブロック先頭の項だけ作業すればよい。
AIND-D13181	DOLLAR3_STUB	処理済みの転送見出し（$$$）が同じブロックに同居	◎	###$155487071312$# $$$	ع وعشرين بمكة ودفنت بالمعلاة ذكرها الفاسي . ###$155487071312$# $$$ ست القضاة ابنة أحمد بن أبي بكر بن عبد الله	処理済みなので作業不要。ブロック先頭の項だけ作業すればよい。
AIND-D13184	DOLLAR3_STUB	処理済みの転送見出し（$$$）が同じブロックに同居	◎	###$165041695838$# $$$	اجازت لي . وماتت في جماى الآخرة سنة احدى . ###$165041695838$# $$$ ست القضاة ابنة أبي البقاء محمد بن عبد الله ب	処理済みなので作業不要。ブロック先頭の項だけ作業すればよい。
AIND-D13184	DOLLAR3_STUB	処理済みの転送見出し（$$$）が同じブロックに同居	◎	###$680240639072$# $$$	محمد بن القطب القسطلاني . ستأتي في سعادة . ###$680240639072$# $$$ ست القضاة ابنة محمد بن محمد بن أبي الخير محم	処理済みなので作業不要。ブロック先頭の項だけ作業すればよい。
AIND-D13184	DOLLAR3_STUB	処理済みの転送見出し（$$$）が同じブロックに同居	◎	###$664960789601$# $$$	عبد الله بن فهد أم الحسين ، تأتى في الكنى . ###$664960789601$# $$$ ست الكرم ابنة عبد الرحمن بن أبي بكر بن عبد ا	処理済みなので作業不要。ブロック先頭の項だけ作業すればよい。
AIND-D13186	DOLLAR3_STUB	処理済みの転送見出し（$$$）が同じブロックに同居	◎	###$397053815909$# $$$	مكة وقد بلغت السبعين ، والمقريزى في عقوده . ###$397053815909$# $$$ ست الكل ابنة عطية بن محمد بن أبي الخير محمد	処理済みなので作業不要。ブロック先頭の項だけ作業すればよい。
AIND-D13193	DOLLAR3_STUB	処理済みの転送見出し（$$$）が同じブロックに同居	◎	###$694593547382$# $$$	ماتت في ذي الحجة سنة اثنتين وثمانين بمكة . ###$694593547382$# $$$ الست نعمة في نعمة . ###$727275564151$# $$$	処理済みなので作業不要。ブロック先頭の項だけ作業すればよい。
AIND-D13193	DOLLAR3_STUB	処理済みの転送見出し（$$$）が同じブロックに同居	◎	###$727275564151$# $$$	###$694593547382$# $$$ الست نعمة في نعمة . ###$727275564151$# $$$ ست الوزراء في وزراء .	処理済みなので作業不要。ブロック先頭の項だけ作業すればよい。
AIND-D13196	DOLLAR3_STUB	処理済みの転送見出し（$$$）が同じブロックに同居	◎	###$700771757174$# $$$	ت قريب الظاهر برقوق . ذكرها البقاعي مجردا . ###$700771757174$# $$$ ستيتة ابنة جان بردى . في عائشة .	処理済みなので作業不要。ブロック先頭の項だけ作業すればよい。
AIND-D13197	DOLLAR3_STUB	処理済みの転送見出し（$$$）が同じブロックに同居	◎	###$794812247167$# $$$	معلاة بالقرب من الفضيل بن عياض رحمها الله . ###$794812247167$# $$$ ستيتة ابنة صالح بن عمر بن رسلان البلقيني . ف	処理済みなので作業不要。ブロック先頭の項だけ作業すればよい。
AIND-D13198	DOLLAR3_STUB	処理済みの転送見出し（$$$）が同じブロックに同居	◎	###$262886419590$# $$$	لمزيد اختصاصها معها رحمها الله وعفا عنها . ###$262886419590$# $$$ ستيتة ابنة علي بن أحمد بن يسير ، هي فاطمة تأ	処理済みなので作業不要。ブロック先頭の項だけ作業すればよい。
AIND-D13198	DOLLAR3_STUB	処理済みの転送見出し（$$$）が同じブロックに同居	◎	###$105339972743$# $$$	ة ابنة علي بن أحمد بن يسير ، هي فاطمة تأتي . ###$105339972743$# $$$ ستيتة ابنة علي بن أبي البركات محمد بن أبي ال	処理済みなので作業不要。ブロック先頭の項だけ作業すればよい。
AIND-D13201	ELLIPSIS	原文の欠落（lacuna）	○	...	فاطمة وأم الحسن اجاز لها من أجازهما ، وماتت ... ###$571079683216$# $$$ ستيتة ابنة يحيى بن ش	欠落部は情報なしとして扱い、該当要素を立てずに作業する。
AIND-D13201	DOLLAR3_STUB	処理済みの転送見出し（$$$）が同じブロックに同居	◎	###$571079683216$# $$$	ة وأم الحسن اجاز لها من أجازهما ، وماتت ... ###$571079683216$# $$$ ستيتة ابنة يحيى بن شاكر بن الجيعان في فاطمة	処理済みなので作業不要。ブロック先頭の項だけ作業すればよい。
AIND-D13211	DOLLAR3_STUB	処理済みの転送見出し（$$$）が同じブロックに同居	◎	###$205416066223$# $$$	ت في جمادى الآخرة سنة أربعين عن نحو شهرين . ###$205416066223$# $$$ ستيت ابنة علي بن أبي البركات محمد بن محمد بن	処理済みなので作業不要。ブロック先頭の項だけ作業すればよい。
AIND-D13219	DOLLAR3_STUB	処理済みの転送見出し（$$$）が同じブロックに同居	◎	###$837862583499$# $$$	ت في شهر مولدها ربيع الأول سنة سبع وعشرين . ###$837862583499$# $$$ الست نعمة في نعمة ابنة محمد بن محمد بن محمد	処理済みなので作業不要。ブロック先頭の項だけ作業すればよい。
AIND-D13220	DOLLAR3_STUB	処理済みの転送見出し（$$$）が同じブロックに同居	◎	###$593338854605$# $$$	مش زوج المؤيد شيخ . ماتت سنة ثلاث وثلاثين . ###$593338854605$# $$$ سعادات أو بدون ألف وهو المدعوة به ابنة عبد ا	処理済みなので作業不要。ブロック先頭の項だけ作業すればよい。
AIND-D13225	DOLLAR3_STUB	処理済みの転送見出し（$$$）が同じブロックに同居	◎	###$203381828824$# $$$	ا عبد الكريم بن إبراهيم القباني ومات عنها . ###$203381828824$# $$$ سعادة ابنة إبراهيم بن أحمد بن أبي بكر بن عبد	処理済みなので作業不要。ブロック先頭の項だけ作業すればよい。
AIND-D13227	DOLLAR3_STUB	処理済みの転送見出し（$$$）が同じブロックに同居	◎	###$596895624414$# $$$	ن المدني الماضي أبوها . سمعت مني بالمدينة . ###$596895624414$# $$$ سعادة ابنة عبد الرحمن بن محمد بن محمد بن عبد	処理済みなので作業不要。ブロック先頭の項だけ作業すればよい。
AIND-D13231	DOLLAR3_STUB	処理済みの転送見出し（$$$）が同じブロックに同居	◎	###$640675769574$# $$$	ا تتجمل به ثم ضعف حالها وصبرت قاله الفاسي . ###$640675769574$# $$$ سعادة ابنة عبد اله بن أحمد بن حسن القسطلاني	処理済みなので作業不要。ブロック先頭の項だけ作業すればよい。
AIND-D13231	DOLLAR3_STUB	処理済みの転送見出し（$$$）が同じブロックに同居	◎	###$920792362220$# $$$	ه بن أحمد بن حسن القسطلاني ، في أم الوفاء . ###$920792362220$# $$$ سعادة ابنة عبد الملك بن محمد بن عبد الملك أم	処理済みなので作業不要。ブロック先頭の項だけ作業すればよい。
AIND-D13232	DOLLAR3_STUB	処理済みの転送見出し（$$$）が同じブロックに同居	◎	###$844053376241$# $$$	ت وتفتت وحمل الاكابر حتى الشريف ولم توافق . ###$844053376241$# $$$ سعادة ابنة الجمال محمد المرشدي ابن أبي بكر ب	処理済みなので作業不要。ブロック先頭の項だけ作業すればよい。
AIND-D13232	DOLLAR3_STUB	処理済みの転送見出し（$$$）が同じブロックに同居	◎	###$963486182645$# $$$	الانصاري المصري الأصل المكي في أم الحسين . ###$963486182645$# $$$ سعادة أم الحسين ابنة الكمال أبي الفضل محمد ب	処理済みなので作業不要。ブロック先頭の項だけ作業すればよい。
AIND-D13234	DOLLAR3_STUB	処理済みの転送見出し（$$$）が同じブロックに同居	◎	###$525223357693$# $$$	ة السبت سابع عشر المحرم سنة اثنتين وتسعين . ###$525223357693$# $$$ سعادة ابنة الجمال محمد بن عبد الله بن ظهيرة	処理済みなので作業不要。ブロック先頭の項だけ作業すればよい。
AIND-D13234	DOLLAR3_STUB	処理済みの転送見出し（$$$）が同じブロックに同居	◎	###$586384698622$# $$$	بن ظهيرة أم كلثوم القرشية المكية في الكنى . ###$586384698622$# $$$ سعادة ابنة محمد بن فتح الطائفي هي عائشة تأتي	処理済みなので作業不要。ブロック先頭の項だけ作業すればよい。
AIND-D13236	ELLIPSIS	原文の欠落（lacuna）	○	...	زوجة علي الهنيدي ؛ ماتت في جمادى الأولى سنة ...	欠落部は情報なしとして扱い、該当要素を立てずに作業する。
AIND-D13237	DOLLAR3_STUB	処理済みの転送見出し（$$$）が同じブロックに同居	◎	###$253285657867$# $$$	، ماتت بها في ربيع الآخر سنة ثمان وثمانين . ###$253285657867$# $$$ سعدانة ابنة داود الكيلاني وتدعى رابعة ، مضت	処理済みなので作業不要。ブロック先頭の項だけ作業すればよい。
AIND-D13238	DOLLAR3_STUB	処理済みの転送見出し（$$$）が同じブロックに同居	◎	###$924302994701$# $$$	الآتية ودفنت بالمعلاة وأمهما من بني ثقبة . ###$924302994701$# $$$ سعيدة ابنة أحمد بن الكمال أبي الفضل محمد ابن	処理済みなので作業不要。ブロック先頭の項だけ作業すればよい。
AIND-D13238	DOLLAR3_STUB	処理済みの転送見出し（$$$）が同じブロックに同居	◎	###$813342682379$# $$$	لعزيز بن القسم أم الحسن النويرية في الكنى . ###$813342682379$# $$$ سعيدة ابنة أحمد بن محمد بن محمد أم الخير الم	処理済みなので作業不要。ブロック先頭の項だけ作業すればよい。
AIND-D13239	DOLLAR3_STUB	処理済みの転送見出し（$$$）が同じブロックに同居	◎	###$491220135187$# $$$	ى سنة اثنتين وثمانين وهي أخت زينب الماضية . ###$491220135187$# $$$ سعيدة ابنة عبد الرحمن بن علي بن أحمد بن عبد	処理済みなので作業不要。ブロック先頭の項だけ作業すればよい。
AIND-D13239	DOLLAR3_STUB	処理済みの転送見出し（$$$）が同じブロックに同居	◎	###$486828698901$# $$$	علي بن أحمد بن عبد العزيز . هي خديجة مضت . ###$486828698901$# $$$ سعيدة ابنة المحب محمد بن أحمد بن الرضى إبراه	処理済みなので作業不要。ブロック先頭の項だけ作業すればよい。
AIND-D13240	DOLLAR3_STUB	処理済みの転送見出し（$$$）が同じブロックに同居	◎	###$500430826775$# $$$	جماعة ، ماتت في أثناء سنة ست وعشرين بمكة . ###$500430826775$# $$$ سعيدة أم الخير ابنة الكمال أبي الفضل محمد بن	処理済みなので作業不要。ブロック先頭の項だけ作業すればよい。
AIND-D13240	DOLLAR3_STUB	処理済みの転送見出し（$$$）が同じブロックに同居	◎	###$943206722840$# $$$	د بن أحمد بن عبد العزيز بن القسم في الكنى . ###$943206722840$# $$$ سعيدة ابنة القاضي عز الدين محمد بن أحمد بن أ	処理済みなので作業不要。ブロック先頭の項だけ作業すればよい。
AIND-D13240	DOLLAR3_STUB	処理済みの転送見出し（$$$）が同じブロックに同居	◎	###$771798101271$# $$$	النويري ، هي أم الخير أيضا تأتي في الكنى . ###$771798101271$# $$$ سعيدة ابنة الامام الرضى محمد بن المحب محمد ب	処理済みなので作業不要。ブロック先頭の項だけ作業すればよい。
AIND-D13246	DOLLAR3_STUB	処理済みの転送見出し（$$$）が同じブロックに同居	◎	###$665459911973$# $$$	مانمائة وأجاز لها في سنة ست وثلاثين جماعة . ###$665459911973$# $$$ سودة ابنة عبد الله بن علي ، في نشوان .	処理済みなので作業不要。ブロック先頭の項だけ作業すればよい。
AIND-D13259	DOLLAR3_STUB	処理済みの転送見出し（$$$）が同じブロックに同居	◎	###$481476767046$# $$$	جرباش الماضي . زوجها ابوها لمملوكة جرباش . ###$481476767046$# $$$ شقراء ابنة الجمال محمد بن النجم محمد بن أبي	処理済みなので作業不要。ブロック先頭の項だけ作業すればよい。
AIND-D13272	STAR_HEADWORD	未採番見出しの境界（1ブロックに複数見出しが同居）	△	★صالحة★	ساكر أجازت لابن شيخنا وغيره قريب العشرين . ★صالحة★ ابنة صالح . في زينب .	作業しない。ブロック内の2件目以降は別項として採番が必要。
AIND-D13273	ELLIPSIS	原文の欠落（lacuna）	○	...	مد بن إبراهيم بن نصر الله الحنبلي . وماتت في ...	欠落部は情報なしとして扱い、該当要素を立てずに作業する。
AIND-D13284	DOLLAR3_STUB	処理済みの転送見出し（$$$）が同じブロックに同居	◎	###$218330328455$# $$$	اثنتين وسبعين بمكة . || حرف الضاد المعجمة ###$218330328455$# $$$ ضوء الصباح ابنة محمد بن أحمد بن عمر بن سلمان	処理済みなので作業不要。ブロック先頭の項だけ作業すればよい。
AIND-D13285	DOLLAR3_STUB	処理済みの転送見出し（$$$）が同じブロックに同居	◎	###$697051409803$# $$$	لمسلسل من ابن دوالة . || حرف الطاء المهملة ###$697051409803$# $$$ ططر ابنة العز محمد بن أحمد بن محمد بن عثمان	処理済みなので作業不要。ブロック先頭の項だけ作業すればよい。
AIND-D13298	DOLLAR3_STUB	処理済みの転送見出し（$$$）が同じブロックに同居	◎	###$167411477920$# $$$	ه . ذكرها الفاسي في أمها باختصار وابن فهد . ###$167411477920$# $$$ عائشة ابنة القاضي شهاب الدين أحمد بن ظهيرة ب	処理済みなので作業不要。ブロック先頭の項だけ作業すればよい。
AIND-D13299	DOLLAR3_STUB	処理済みの転送見出し（$$$）が同じブロックに同居	◎	###$336660032930$# $$$	تكمل شهرا في سلخ ربيع الأول سنة إحدى عشرة . ###$336660032930$# $$$ عائشة ابنة أحمد بن محمد بن محمد بن محمد بن ف	処理済みなので作業不要。ブロック先頭の項だけ作業すればよい。
AIND-D13303	ELLIPSIS	原文の欠落（lacuna）	○	...	أخذ عنها التقى بن فهد وذكرها في معجمه ؛ ماتت ...	欠落部は情報なしとして扱い、該当要素を立てずに作業する。
AIND-D13308	DOLLAR3_STUB	処理済みの転送見出し（$$$）が同じブロックに同居	◎	###$131428543923$# $$$	يهة لها اتصال بالخوندات وغيرهن رحمها الله . ###$131428543923$# $$$ عائشة ابنة أبي جعفر ، هي ابنة محمد بن أحمد ب	処理済みなので作業不要。ブロック先頭の項だけ作業すればよい。
AIND-D13321	DOLLAR3_STUB	処理済みの転送見出し（$$$）が同じブロックに同居	◎	###$514922147274$# $$$	وماتت في المحرم سنة ست وستين بمكة رحمهما . ###$514922147274$# $$$ عائشة ابنة عطية بن محمد بن أبي الخير محمد بن	処理済みなので作業不要。ブロック先頭の項だけ作業すればよい。
AIND-D13332	ELLIPSIS	原文の欠落（lacuna）	○	...	يها بحلب وهي من بيت رياسة وفخر بها . ماتت في ... .	欠落部は情報なしとして扱い、該当要素を立てずに作業する。
AIND-D13333	DOLLAR3_STUB	処理済みの転送見出し（$$$）が同じブロックに同居	◎	###$923300556268$# $$$	ة احدى وتسعين ، وقد حجت وكانت قارئة كاتبة . ###$923300556268$# $$$ عائشة ابنة الزين محمد بن الزين أحمد بن الجما	処理済みなので作業不要。ブロック先頭の項だけ作業すればよい。
AIND-D13342	DOLLAR3_STUB	処理済みの転送見出し（$$$）が同じブロックに同居	◎	###$183945424388$# $$$	لطبري فولدت له فاطمة وأم الحسين وأم كلثوم . ###$183945424388$# $$$ عائشة ابنة أبي البركات محمد بن أبي السعود مح	処理済みなので作業不要。ブロック先頭の項だけ作業すればよい。
AIND-D13342	DOLLAR3_STUB	処理済みの転送見出し（$$$）が同じブロックに同居	◎	###$116169666054$# $$$	ن عطية بن ظهيرة أم كمال القرشي . في الكنى . ###$116169666054$# $$$ عائشة ابنة أبي اليمن محمد بن محمد بن علي الن	処理済みなので作業不要。ブロック先頭の項だけ作業すればよい。
AIND-D13342	DOLLAR3_STUB	処理済みの転送見出し（$$$）が同じブロックに同居	◎	###$849162038790$# $$$	بن محمد بن علي النويري . في أم كمال أيضا . ###$849162038790$# $$$ عائشة ابنة محمد بن محمد بن محمد بن أحمد بن إ	処理済みなので作業不要。ブロック先頭の項だけ作業すればよい。
AIND-D13351	DOLLAR3_STUB	処理済みの転送見出し（$$$）が同じブロックに同居	◎	###$344679542305$# $$$	عد تعلل طويل رحم الله شبابها وعوضها الجنة . ###$344679542305$# $$$ عزيزة ابنة محمد بن محمد بن أبي بكر بن عبد ال	処理済みなので作業不要。ブロック先頭の項だけ作業すればよい。
AIND-D13351	DOLLAR3_STUB	処理済みの転送見出し（$$$）が同じブロックに同居	◎	###$543623769634$# $$$	ن محمد بن أبي بكر بن عبد العزيز . في هاجر . ###$543623769634$# $$$ عزيزة ابنة محمد بن محمد بن محمد بن أحمد بن إ	処理済みなので作業不要。ブロック先頭の項だけ作業すればよい。
AIND-D13352	DOLLAR3_STUB	処理済みの転送見出し（$$$）が同じブロックに同居	◎	###$463504174632$# $$$	عمر أيضا فانه عاش مائة وأربعا وعشرين سنة . ###$463504174632$# $$$ عفيفة ابنة القاضي أبي اليمن محمد بن محمد علي	処理済みなので作業不要。ブロック先頭の項だけ作業すればよい。
AIND-D13352	DOLLAR3_STUB	処理済みの転送見出し（$$$）が同じブロックに同居	◎	###$450992565801$# $$$	مد بن محمد علي بن أحمد النويري في أم هانئ . ###$450992565801$# $$$ علا بضم أولها ابنة المحب محمد بن محمد بن محم	処理済みなので作業不要。ブロック先頭の項だけ作業すればよい。
AIND-D13371	ELLIPSIS	原文の欠落（lacuna）	○	...	رجمها ولده بالواعظة المسلكة الخيرة . ماتت في ...	欠落部は情報なしとして扱い、該当要素を立てずに作業する。
AIND-D13383	ELLIPSIS	原文の欠落（lacuna）	○	...	مع منها الفضلاء قرأ عليها البقاعي . وماتت في ...	欠落部は情報なしとして扱い、該当要素を立てずに作業する。
AIND-D13392	DOLLAR3_STUB	処理済みの転送見出し（$$$）が同じブロックに同居	◎	###$578759454313$# $$$	اجاز لها في سنة اربع عشرة وثمانمائة جماعة . ###$578759454313$# $$$ فاطمة ابنة المحب أحمد بن محمد بن عبد الله بن	処理済みなので作業不要。ブロック先頭の項だけ作業すればよい。
AIND-D13394	DOLLAR3_STUB	処理済みの転送見出し（$$$）が同じブロックに同居	◎	###$848058936942$# $$$	لم يعلم وقت موتها قال ماتت بعد سنة اثنتين . ###$848058936942$# $$$ فاطمة ابنة أحمد بن النجم محمد بن الجمال محمد	処理済みなので作業不要。ブロック先頭の項だけ作業すればよい。
AIND-D13395	ELLIPSIS	原文の欠落（lacuna）	○	...	وخى والعراقي والهيثمي ، اجازت لنا ، وماتت في ...	欠落部は情報なしとして扱い、該当要素を立てずに作業する。
AIND-D13436	DOLLAR3_STUB	処理済みの転送見出し（$$$）が同じブロックに同居	◎	###$431803625163$# $$$	لنويري ، أجاز لها في سنة ست وثلاثين جماعة . ###$431803625163$# $$$ فاطمة ابنة عبد القادر بن محمد بن ظريف الشاوي	処理済みなので作業不要。ブロック先頭の項だけ作業すればよい。
AIND-D13464	ELLIPSIS	原文の欠落（lacuna）	○	...	##$820569468689$# $$$ فاطمة ابنة فرج الشرابي ...	欠落部は情報なしとして扱い、該当要素を立てずに作業する。
AIND-D13464	DOLLAR3_STUB	処理済みの転送見出し（$$$）が同じブロックに同居	◎	###$820569468689$# $$$	دة ، ماتت قريبا من سنة عشر ؛ ذكرها الفاسي . ###$820569468689$# $$$ فاطمة ابنة فرج الشرابي ...	処理済みなので作業不要。ブロック先頭の項だけ作業すればよい。
AIND-D13467	DOLLAR3_STUB	処理済みの転送見出し（$$$）が同じブロックに同居	◎	###$148830711580$# $$$	بيتها المشار اليه بمسمى مسوغ الله أعلم به . ###$148830711580$# $$$ فاطمة ابنة قجا في التي بعدها .	処理済みなので作業不要。ブロック先頭の項だけ作業すればよい。
AIND-D13476	ELLIPSIS	原文の欠落（lacuna）	○	...	اسماعيل ابني يعقوب وتمولت فيما قيل وعمرت حتى ...	欠落部は情報なしとして扱い、該当要素を立てずに作業する。
AIND-D13477	ELLIPSIS	原文の欠落（lacuna）	○	...	النجمي يحيى واخته زبيدة انبا ابن حجى ، وماتت ...	欠落部は情報なしとして扱い、該当要素を立てずに作業する。
AIND-D13480	ELLIPSIS	原文の欠落（lacuna）	○	...	سين جماعة وتزوجها محمد بن أحمد الفاكهي وماتت ...	欠落部は情報なしとして扱い、該当要素を立てずに作業する。
AIND-D13485	DOLLAR3_STUB	処理済みの転送見出し（$$$）が同じブロックに同居	◎	###$904250027833$# $$$	ماتت في ربيع الاول سنة إحدى وثمانين بمكة . ###$904250027833$# $$$ فاطمة ابنة محمد بن أحمد المخزومي المكي جدة ا	処理済みなので作業不要。ブロック先頭の項だけ作業すればよい。
AIND-D13497	DOLLAR3_STUB	処理済みの転送見出し（$$$）が同じブロックに同居	◎	###$798092193609$# $$$	ا أو رحيله عنها ، وتبعه المقريزى في عقوده . ###$798092193609$# $$$ فاطمة ابنة محمد بن علي بن محمد بن علي بن سكر	処理済みなので作業不要。ブロック先頭の項だけ作業すればよい。
AIND-D13501	DOLLAR3_STUB	処理済みの転送見出し（$$$）が同じブロックに同居	◎	###$471594987348$# $$$	د بن عزم كتبها أبوها وانها ماتت سنة سبعين . ###$471594987348$# $$$ فاطمة ابنة المحب محمد بن الرضى محمد بن أحمد	処理済みなので作業不要。ブロック先頭の項だけ作業すればよい。
AIND-D13501	DOLLAR3_STUB	処理済みの転送見出し（$$$）が同じブロックに同居	◎	###$579514429267$# $$$	حمد بن الرضى إبراهيم الطبري ، في أم كلثوم . ###$579514429267$# $$$ فاطمة ابنة الخطيب محمد بن محمد بن أحمد بن مح	処理済みなので作業不要。ブロック先頭の項だけ作業すればよい。
AIND-D13507	ELLIPSIS	原文の欠落（lacuna）	○	...	أنه ظفر باستدعاء أجاز لها فيه جماعة ، وماتت ... ###$927893319526$# $$$ فاطمة ابنة محمد بن م	欠落部は情報なしとして扱い、該当要素を立てずに作業する。
AIND-D13507	DOLLAR3_STUB	処理済みの転送見出し（$$$）が同じブロックに同居	◎	###$927893319526$# $$$	ظفر باستدعاء أجاز لها فيه جماعة ، وماتت ... ###$927893319526$# $$$ فاطمة ابنة محمد بن محمد بن عبد الله بن فهد س	処理済みなので作業不要。ブロック先頭の項だけ作業すればよい。
AIND-D13507	DOLLAR3_STUB	処理済みの転送見出し（$$$）が同じブロックに同居	◎	###$785190514539$# $$$	د الله بن فهد ست قريش ، ستأتي في أم الحسن . ###$785190514539$# $$$ فاطمة ابنة محمد بن محمد بن علي بن أحمد بن عب	処理済みなので作業不要。ブロック先頭の項だけ作業すればよい。
AIND-D13507	DOLLAR3_STUB	処理済みの転送見出し（$$$）が同じブロックに同居	◎	###$958041976684$# $$$	بن علي بن أحمد بن عبد العزيز . في أم الحسين ###$958041976684$# $$$ فاطمة ابنة الشيخ سيف الدين محمد بن محمد بن ع	処理済みなので作業不要。ブロック先頭の項だけ作業すればよい。
AIND-D13521	ELLIPSIS	原文の欠落（lacuna）	○	...	ل لها ناجية ابنة القاضي كمال الدين محمود ابن ... ابن شيراين الحنفي . ولدت كما كتبته لي بخطها	欠落部は情報なしとして扱い、該当要素を立てずに作業する。
AIND-D13521	ELLIPSIS	原文の欠落（lacuna）	○	...	خلق رحمة %~% محمد المبعوث من أرض مكة %~% %~% ... %~% وآل وصحب خير صحب وعترة %~% %~% عليه صلاة	欠落部は情報なしとして扱い、該当要素を立てずに作業する。
AIND-D13521	DOLLAR3_STUB	処理済みの転送見出し（$$$）が同じブロックに同居	◎	###$186323595143$# $$$	ى وغيره فرجحوهما بل وافق المنصورى على ذلك . ###$186323595143$# $$$ فاطمة ابنة محمود بن محمد بن عمر الشيشيني .	処理済みなので作業不要。ブロック先頭の項だけ作業すればよい。
AIND-D13522	DOLLAR3_STUB	処理済みの転送見出し（$$$）が同じブロックに同居	◎	###$174852173704$# $$$	وكذا عند غيره وجلس مع الشهود وقتا ثم ترك . ###$174852173704$# $$$ فاطمة ابنة أبي محمود في ابنة أحمد بن محمد بن	処理済みなので作業不要。ブロック先頭の項だけ作業すればよい。
AIND-D13559	ELLIPSIS	原文の欠落（lacuna）	○	...	لدة الولوى أحمد بن تقي الدين البلقيني . ماتت ...	欠落部は情報なしとして扱い、該当要素を立てずに作業する。
AIND-D13586	DOLLAR3_STUB	処理済みの転送見出し（$$$）が同じブロックに同居	◎	###$342959878185$# $$$	مكي . ماتت في صفر سنة اثنتين وثمانين بمكة . ###$342959878185$# $$$ كمالية ابنة الرضى محمد بن محمد بن عثمان أم ا	処理済みなので作業不要。ブロック先頭の項だけ作業すればよい。
AIND-D13596	ELLIPSIS	原文の欠落（lacuna）	○	...	جزتها لأجل اسمها وأظهرت البشر لذلك . ماتت في ... .	欠落部は情報なしとして扱い、該当要素を立てずに作業する。
AIND-D13599	DOLLAR3_STUB	処理済みの転送見出し（$$$）が同じブロックに同居	◎	###$387033624674$# $$$	حتى ماتت في جمادى الآخرة سنة ثمان وثلاثين . ###$387033624674$# $$$ مباركة ابنة أبي اليمن محمد بن أحمد بن الرضى	処理済みなので作業不要。ブロック先頭の項だけ作業すればよい。
AIND-D13599	DOLLAR3_STUB	処理済みの転送見出し（$$$）が同じブロックに同居	◎	###$791049957479$# $$$	د بن الرضى إبراهيم الطبرية . هي فاطمة مضت . ###$791049957479$# $$$ مباركة ابنة المحب محمد بن الرضى محمد بن الشه	処理済みなので作業不要。ブロック先頭の項だけ作業すればよい。
AIND-D13600	ELLIPSIS	原文の欠落（lacuna）	○	...	$$$ متى ابنة فتح خان الهدوي زوج سلطان جانفور ...	欠落部は情報なしとして扱い、該当要素を立てずに作業する。
AIND-D13600	DOLLAR3_STUB	処理済みの転送見出し（$$$）が同じブロックに同居	◎	###$851565375594$# $$$	ا في لحاقها به عاجلا عفا الله عنها ورحمها . ###$851565375594$# $$$ متى ابنة فتح خان الهدوي زوج سلطان جانفور ...	処理済みなので作業不要。ブロック先頭の項だけ作業すればよい。
AIND-D13607	DOLLAR3_STUB	処理済みの転送見出し（$$$）が同じブロックに同居	◎	###$665531215993$# $$$	ي رمضان سنة خمس وسبعين بمكة عفا الله عنها . ###$665531215993$# $$$ مريم ابنة علي بن عبد الرحمن هي أم هانئ الهور	処理済みなので作業不要。ブロック先頭の項だけ作業すればよい。
AIND-D13612	ELLIPSIS	原文の欠落（lacuna）	○	...	يث انها لما ماتت طلقها أخوها وكانت وفاتها في ...	欠落部は情報なしとして扱い、該当要素を立てずに作業する。
AIND-D13617	ELLIPSIS	原文の欠落（lacuna）	○	...	هكذا جمع بينها وبين التي تليها ابن فهد فيحرر ...	欠落部は情報なしとして扱い、該当要素を立てずに作業する。
AIND-D13622	ELLIPSIS	原文の欠落（lacuna）	○	...	ها ، وحدثت وقدمت القاهرة فقطنتها حتى ماتت في ...	欠落部は情報なしとして扱い、該当要素を立てずに作業する。
AIND-D13624	DOLLAR3_STUB	処理済みの転送見出し（$$$）が同じブロックに同居	◎	###$157454200990$# $$$	ت عنها فتأيمت بعده حتى ماتت ذكرها ابن فهد . ###$157454200990$# $$$ مكية ابنة عيسى . في آمنة .	処理済みなので作業不要。ブロック先頭の項だけ作業すればよい。
AIND-D13635	DOLLAR3_STUB	処理済みの転送見出し（$$$）が同じブロックに同居	◎	###$187858710702$# $$$	ماتت بمكة في جمادى الثانية سنة سبع وسبعين . ###$187858710702$# $$$ موفقية ابنة أحمد بن محمد بن محمد بن أحمد الط	処理済みなので作業不要。ブロック先頭の項だけ作業すればよい。
AIND-D13645	DOLLAR3_STUB	処理済みの転送見出し（$$$）が同じブロックに同居	◎	###$823664865470$# $$$	م سنة خمس وتسعين ودفنت عند أبيها بالشبيكة . ###$823664865470$# $$$ نفيسة ابنة محمد بن محمد بن أبي الخير محمد بن	処理済みなので作業不要。ブロック先頭の項だけ作業すればよい。
AIND-D13655	DOLLAR3_STUB	処理済みの転送見出し（$$$）が同じブロックに同居	◎	###$834200957137$# $$$	آل ملك التي تزوجها والد يوسف بن تغرى بردى . ###$834200957137$# $$$ هاجر ابنة قاضي الفيوم محب الدين بن كريم الدي	処理済みなので作業不要。ブロック先頭の項だけ作業すればよい。
AIND-D13660	ELLIPSIS	原文の欠落（lacuna）	○	...	جمه وقال أجازت في استدعاء ابنتي رابعة ، ماتت ... || حرف الواو	欠落部は情報なしとして扱い、該当要素を立てずに作業する。
AIND-D13664	DOLLAR3_STUB	処理済みの転送見出し（$$$）が同じブロックに同居	◎	###$307765473507$# $$$	جد . | كتاب الكنى من النساء || حرف الهمزة ###$307765473507$# $$$ أم أبيها هي فاطمة ابنة محمد بن محمد بن محمد	処理済みなので作業不要。ブロック先頭の項だけ作業すればよい。
AIND-D13665	DOLLAR3_STUB	処理済みの転送見出し（$$$）が同じブロックに同居	◎	###$160725758182$# $$$	خالة أبي الخير القليوبي رحمها الله وإيانا . ###$160725758182$# $$$ أم أحمد هي صفية ابنة ياقوت .	処理済みなので作業不要。ブロック先頭の項だけ作業すればよい。
AIND-D13666	DOLLAR3_STUB	処理済みの転送見出し（$$$）が同じブロックに同居	◎	###$604768334056$# $$$	بها . حجت وجاورت مع زوجها مولى ابن النبيه . ###$604768334056$# $$$ أم أصيل هي فاطمة ابنة عبد الرحمن بن عمر بن ر	処理済みなので作業不要。ブロック先頭の項だけ作業すればよい。
AIND-D13667	DOLLAR3_STUB	処理済みの転送見出し（$$$）が同じブロックに同居	◎	###$788592095464$# $$$	يها ؛ ماتت في رجب سنة اثنتين وثمانين بمكة . ###$788592095464$# $$$ أم الأمان ابنة محمد بن أحمد بن حسن بن الزين	処理済みなので作業不要。ブロック先頭の項だけ作業すればよい。
AIND-D13667	DOLLAR3_STUB	処理済みの転送見出し（$$$）が同じブロックに同居	◎	###$204195524843$# $$$	محمد بن الامين محمد القسطلاني . هي فاطمة . ###$204195524843$# $$$ أم الامان اخرى هي أيضا فاطمة ابنة محمد بن أح	処理済みなので作業不要。ブロック先頭の項だけ作業すればよい。
AIND-D13669	DOLLAR3_STUB	処理済みの転送見出し（$$$）が同じブロックに同居	◎	###$560199659760$# $$$	ع الاول سنة ثلاثين . || حرف التاء المثناة ###$560199659760$# $$$ أم تاج الدين بن المقسي . في بلقيس ابنة محمد	処理済みなので作業不要。ブロック先頭の項だけ作業すればよい。
AIND-D13671	DOLLAR3_STUB	処理済みの転送見出し（$$$）が同じブロックに同居	◎	###$524153811190$# $$$	الأولى سنة سبع وستين بمكة . أرخها ابن فهد . ###$524153811190$# $$$ أم حبيبة هي زينب ابنة أحمد بن محمد بن موسى .	処理済みなので作業不要。ブロック先頭の項だけ作業すればよい。
AIND-D13686	DOLLAR3_STUB	処理済みの転送見出し（$$$）が同じブロックに同居	◎	###$874596299033$# $$$	ي . ماتت بالقاهرة في طاعون سنة سبع وتسعين . ###$874596299033$# $$$ أم الحسن وتلقب نسيم ابنة أبي اليمن محمد ابن	処理済みなので作業不要。ブロック先頭の項だけ作業すればよい。
AIND-D13696	DOLLAR3_STUB	処理済みの転送見出し（$$$）が同じブロックに同居	◎	###$577689907504$# $$$	ن سنة في جمادى الاولى سنة تسع وعشرين بمكة . ###$577689907504$# $$$ أم الحسن ابنة ابن العجمي . هي فاطمة ابنة محم	処理済みなので作業不要。ブロック先頭の項だけ作業すればよい。
AIND-D13705	DOLLAR3_STUB	処理済みの転送見出し（$$$）が同じブロックに同居	◎	###$498706968895$# $$$	كة مع اكثارها من الشهادة حتى فارقت الدنيا . ###$498706968895$# $$$ أم الحسين ابنة الزين هي ست الكل ابنة أحمد بن	処理済みなので作業不要。ブロック先頭の項だけ作業すればよい。
AIND-D13734	DOLLAR3_STUB	処理済みの転送見出し（$$$）が同じブロックに同居	◎	###$642152165746$# $$$	سبعين بمكة . أرخهما ابن فهد . || حرف الخاء ###$642152165746$# $$$ أم الخير ابنة إبراهيم بن خليل بن الشرائحي .	処理済みなので作業不要。ブロック先頭の項だけ作業すればよい。
AIND-D13737	ELLIPSIS	原文の欠落（lacuna）	○	...	بعضهم في أخيها محمد منهم ابن سلامة ، ماتت في ...	欠落部は情報なしとして扱い、該当要素を立てずに作業する。
AIND-D13741	DOLLAR3_STUB	処理済みの転送見出し（$$$）が同じブロックに同居	◎	###$425440866697$# $$$	وعشرين بمكة ودفنت بالمعلاة . ذكرها الفاسي . ###$425440866697$# $$$ أم الخير ابنة علي بن محمد بن سعيد . هي هاج .	処理済みなので作業不要。ブロック先頭の項だけ作業すればよい。
AIND-D13749	DOLLAR3_STUB	処理済みの転送見出し（$$$）が同じブロックに同居	◎	###$633545453976$# $$$	ة اثنتين وتسعين بعد أن عمرت وخرفت من سنين . ###$633545453976$# $$$ أم الخير ابنة أبي السرور محمد به عبد الرحمن	処理済みなので作業不要。ブロック先頭の項だけ作業すればよい。
AIND-D13757	ELLIPSIS	原文の欠落（lacuna）	○	...	#$250865545642$# $$$ أم زين العابدين القادري ... || حرف السين المهملة ###$514272031154$# $$	欠落部は情報なしとして扱い、該当要素を立てずに作業する。
AIND-D13757	DOLLAR3_STUB	処理済みの転送見出し（$$$）が同じブロックに同居	◎	###$250865545642$# $$$	ودفنت عند أسلافها بالمعلاة . || حريف الزاي ###$250865545642$# $$$ أم زين العابدين القادري ... || حرف السين ال	処理済みなので作業不要。ブロック先頭の項だけ作業すればよい。
AIND-D13757	DOLLAR3_STUB	処理済みの転送見出し（$$$）が同じブロックに同居	◎	###$514272031154$# $$$	العابدين القادري ... || حرف السين المهملة ###$514272031154$# $$$ أم السعد اثنتان زينب ابنة محمد بن محمد بن أح	処理済みなので作業不要。ブロック先頭の項だけ作業すればよい。
AIND-D13761	DOLLAR3_STUB	処理済みの転送見出し（$$$）が同じブロックに同居	◎	###$667234103740$# $$$	شار إليه رحمها الله . || حرف الصاد المهملة ###$667234103740$# $$$ أم صالح البلقيني . هي زينب ابنة صالح . ###$	処理済みなので作業不要。ブロック先頭の項だけ作業すればよい。
AIND-D13761	DOLLAR3_STUB	処理済みの転送見出し（$$$）が同じブロックに同居	◎	###$795504308669$# $$$	$$$ أم صالح البلقيني . هي زينب ابنة صالح . ###$795504308669$# $$$ أم الصفا هي أمة العزيز ابنة عبد الرحمن بن سل	処理済みなので作業不要。ブロック先頭の項だけ作業すればよい。
AIND-D13761	DOLLAR3_STUB	処理済みの転送見出し（$$$）が同じブロックに同居	◎	###$290187145662$# $$$	ن بن سليمان المنهلي . || حرف العين المهملة ###$290187145662$# $$$ أم عبد البر بن الشحنة . هي ألف ابنة الولوي م	処理済みなので作業不要。ブロック先頭の項だけ作業すればよい。
AIND-D13763	ELLIPSIS	原文の欠落（lacuna）	○	...	وسبعين بمكة . ###$570941272519$# $$$ أم عمر ... ###$457565041096$# $$$ أم عيسى ، مريم ابنة	欠落部は情報なしとして扱い、該当要素を立てずに作業する。
AIND-D13763	DOLLAR3_STUB	処理済みの転送見出し（$$$）が同じブロックに同居	◎	###$570941272519$# $$$	ماتت في جمادى الثانية سنة تسع وسبعين بمكة . ###$570941272519$# $$$ أم عمر ... ###$457565041096$# $$$ أم عيسى ،	処理済みなので作業不要。ブロック先頭の項だけ作業すればよい。
AIND-D13763	DOLLAR3_STUB	処理済みの転送見出し（$$$）が同じブロックに同居	◎	###$457565041096$# $$$	ن بمكة . ###$570941272519$# $$$ أم عمر ... ###$457565041096$# $$$ أم عيسى ، مريم ابنة أحمد . || حرف الغين الم	処理済みなので作業不要。ブロック先頭の項だけ作業すればよい。
AIND-D13763	DOLLAR3_STUB	処理済みの転送見出し（$$$）が同じブロックに同居	◎	###$973648982474$# $$$	سى ، مريم ابنة أحمد . || حرف الغين المعجمة ###$973648982474$# $$$ أم الغيث ، اثنتان منصورة ابنة عبد الرحمن بن	処理済みなので作業不要。ブロック先頭の項だけ作業すればよい。
AIND-D13763	DOLLAR3_STUB	処理済みの転送見出し（$$$）が同じブロックに同居	◎	###$101581877708$# $$$	ي اليمن محمد بن محمد بن علي . || حرف الفاء ###$101581877708$# $$$ أم الفضل ابنة ابن القدسي . هاجر ابنة محمد بن	処理済みなので作業不要。ブロック先頭の項だけ作業すればよい。
AIND-D13763	DOLLAR3_STUB	処理済みの転送見出し（$$$）が同じブロックに同居	◎	###$325754843595$# $$$	لقدسي . هاجر ابنة محمد بن محمد بن أبي بكر . ###$325754843595$# $$$ أم الفضل ، خديجة ابنة عبد الرحمن بن محمد بن	処理済みなので作業不要。ブロック先頭の項だけ作業すればよい。
AIND-D13768	DOLLAR3_STUB	処理済みの転送見出し（$$$）が同じブロックに同居	◎	###$921601864159$# $$$	ت . ماتت بمكة في ذي القعدة سنة احدى وستين . ###$921601864159$# $$$ أم الكامل ابنة المجد محمد بن يعقوب الشيرازى	処理済みなので作業不要。ブロック先頭の項だけ作業すればよい。
AIND-D13769	DOLLAR3_STUB	処理済みの転送見出し（$$$）が同じブロックに同居	◎	###$431853957605$# $$$	وماتت صغيرة في ذي الحجة سنة اثنتين وستين . ###$431853957605$# $$$ أم الكرام ، كمالية ابنة علي بن أحمد النويرى	処理済みなので作業不要。ブロック先頭の項だけ作業すればよい。
AIND-D13803	DOLLAR3_STUB	処理済みの転送見出し（$$$）が同じブロックに同居	◎	###$681033364017$# $$$	اف وغيره ، ماتت في شعبان سنة ثلاث وأربعين . ###$681033364017$# $$$ أم كمال ابنة عبد الوهاب بن عبد الله ، في عائ	処理済みなので作業不要。ブロック先頭の項だけ作業すればよい。
AIND-D13803	DOLLAR3_STUB	処理済みの転送見出し（$$$）が同じブロックに同居	◎	###$504516080180$# $$$	ال ابنة عبد الوهاب بن عبد الله ، في عائشة . ###$504516080180$# $$$ أم كمال ابنة علي ابن أحمد النويري ، وابنة عل	処理済みなので作業不要。ブロック先頭の項だけ作業すればよい。
AIND-D13809	DOLLAR3_STUB	処理済みの転送見出し（$$$）が同じブロックに同居	◎	###$439483396674$# $$$	يمت بعد زوجها حتى ماتت في سنة إحدى وسبعين . ###$439483396674$# $$$ أم محمد هي آسية ابنة جار الله بن صالح .	処理済みなので作業不要。ブロック先頭の項だけ作業すればよい。
AIND-D13816	DOLLAR3_STUB	処理済みの転送見出し（$$$）が同じブロックに同居	◎	###$721252545103$# $$$	سنة ست وثلاثين واحتفل ابنها الظاهر بشأنها . ###$721252545103$# $$$ أم منصور هي منصورة ابنة عبد الله بن محمد .	処理済みなので作業不要。ブロック先頭の項だけ作業すればよい。
AIND-D13816	DOLLAR3_STUB	処理済みの転送見出し（$$$）が同じブロックに同居	◎	###$228925141585$# $$$	نصورة ابنة عبد الله بن محمد . || حرف النون ###$228925141585$# $$$ أم نجم الدين بن ظهيرة اسمها سعدانة ابنة داود	処理済みなので作業不要。ブロック先頭の項だけ作業すればよい。
AIND-D13841	DOLLAR3_STUB	処理済みの転送見出し（$$$）が同じブロックに同居	◎	###$915453014662$# $$$	كة ولم تلد . ذكرها الفاسي باختصار عما هنا . ###$915453014662$# $$$ أم الهدى ابنة عبد الله بن أحمد بن حسن بن الز	処理済みなので作業不要。ブロック先頭の項だけ作業すればよい。
AIND-D13849	DOLLAR3_STUB	処理済みの転送見出し（$$$）が同じブロックに同居	◎	###$410030994074$# $$$	بن الكويك وجماعة وماتت سنة تسع عشرين بمكة . ###$410030994074$# $$$ أم الوفا ابنة القاضي على بن أحمد بن عبد العز	処理済みなので作業不要。ブロック先頭の項だけ作業すればよい。
AIND-D13850	DOLLAR3_STUB	処理済みの転送見出し（$$$）が同じブロックに同居	◎	###$783735091867$# $$$	يرة مباركة . ماتت في شعبان سنة خمس وخمسين . ###$783735091867$# $$$ أم الوفا ابنة الجمال محمد بن عبد الله بن ظهي	処理済みなので作業不要。ブロック先頭の項だけ作業すればよい。
AIND-D13851	DOLLAR3_STUB	処理済みの転送見出し（$$$）が同じブロックに同居	◎	###$685986837148$# $$$	اعة . وماتت في المحرم سنة إحدى وستين بمكة . ###$685986837148$# $$$ أم الولوي الأسيوطي . هي عائشة ابنة سعد . ||	処理済みなので作業不要。ブロック先頭の項だけ作業すればよい。
AIND-D13851	DOLLAR3_STUB	処理済みの転送見出し（$$$）が同じブロックに同居	◎	###$599412208287$# $$$	عائشة ابنة سعد . || ( حرف الياء الأخيرة ) ###$599412208287$# $$$ أم يحيى بن حجي . في زينب ابنة محمد بن محمد ب	処理済みなので作業不要。ブロック先頭の項だけ作業すればよい。
AIND-D13851	DOLLAR3_STUB	処理済みの転送見出し（$$$）が同じブロックに同居	◎	###$225699721888$# $$$	بن حجي . في زينب ابنة محمد بن محمد بن عثمان ###$225699721888$# $$$ أم يحيى امرأة معتقدة بالجبل . في فاطمة . ||	処理済みなので作業不要。ブロック先頭の項だけ作業すればよい。
AIND-D13860	DOLLAR3_STUB	処理済みの転送見出し（$$$）が同じブロックに同居	◎	###$359309275825$# $$$	كر بالغ في جمادى الأولى سنة اثنتين وتسعين . ###$359309275825$# $$$ ابنة للبدر السمرباى هي سعادات .	処理済みなので作業不要。ブロック先頭の項だけ作業すればよい。
AIND-D13863	DOLLAR3_STUB	処理済みの転送見出し（$$$）が同じブロックに同居	◎	###$690135003831$# $$$	ماتت بالطاعون في عشري صفر سنة ثلاث وخمسين . ###$690135003831$# $$$ ابنة أخرى للظاهر جقمق زوج الأمير أزبك وأم ول	処理済みなので作業不要。ブロック先頭の項だけ作業すればよい。
AIND-D13870	DOLLAR3_STUB	処理済みの転送見出し（$$$）が同じブロックに同居	◎	###$591493362375$# $$$	ندت وصيتها لزوجها ؛ ذكرها شيخنا في إنبائه . ###$591493362375$# $$$ ابنة للزيني عبد الباسط وهي خوند زوج الظاهر ج	処理済みなので作業不要。ブロック先頭の項だけ作業すればよい。
AIND-D13878	DOLLAR3_STUB	処理済みの転送見出し（$$$）が同じブロックに同居	◎	###$484811240155$# $$$	نها الشهاب البيجوري نزيل دمياط رحمها الله . ###$484811240155$# $$$ ابنة قلماطي العثماني الظاهر برقوق فاطمة وابن	処理済みなので作業不要。ブロック先頭の項だけ作業すればよい。
AIND-D13881	DOLLAR3_STUB	処理済みの転送見出し（$$$）が同じブロックに同居	◎	###$845538161378$# $$$	نت ممن شهد دفنها والصلاة عليها رحمها الله . ###$845538161378$# $$$ ابنة لكاتبه محمد بن عبد الرحمن السخاوي . هي	処理済みなので作業不要。ブロック先頭の項だけ作業すればよい。
AIND-D13885	DOLLAR3_STUB	処理済みの転送見出し（$$$）が同じブロックに同居	◎	###$816123507431$# $$$	ت في ثاني صفر سنة اثنتين . أرخها المقريزى . ###$816123507431$# $$$ ابنة القاضي ناصر الدين محمد الزفتاوي اسمها ز	処理済みなので作業不要。ブロック先頭の項だけ作業すればよい。
AIND-D13887	DOLLAR3_STUB	処理済みの転送見出し（$$$）が同じブロックに同居	◎	###$403039089391$# $$$	الله ماتت بالطاعون في صفر سنة ثلاث وخمسين . ###$403039089391$# $$$ ابنة للملكي زوج الشريف الأنصاري هي فاطمة ابن	処理済みなので作業不要。ブロック先頭の項だけ作業すればよい。
AIND-D13887	DOLLAR3_STUB	処理済みの転送見出し（$$$）が同じブロックに同居	◎	###$785349898994$# $$$	كي زوج الشريف الأنصاري هي فاطمة ابنة يحيى . ###$785349898994$# $$$ ابنة نحيله المغنية والدة البدر بن الكعكى اسم	処理済みなので作業不要。ブロック先頭の項だけ作業すればよい。
AIND-D13891	STAR_HEADWORD	未採番見出しの境界（1ブロックに複数見出しが同居）	△	★ أخت لقانصوه خمسمائة ★	داخل القبة التي بالمدرسة الكبرى من تربته . ★ أخت لقانصوه خمسمائة ★ . ذكرت في منصور بن يشبك . ★ أخت ابن الزيادي	作業しない。ブロック内の2件目以降は別項として採番が必要。
AIND-D13891	STAR_HEADWORD	未採番見出しの境界（1ブロックに複数見出しが同居）	△	★ أخت ابن الزيادي ★	لقانصوه خمسمائة ★ . ذكرت في منصور بن يشبك . ★ أخت ابن الزيادي ★ هي عزيزة ابنة علي بن أحمد .	作業しない。ブロック内の2件目以降は別項として採番が必要。
AIND-D13891	IDEOSPACE	全角スペース（変換ノイズ）	◎	　	سة الكبرى من تربته . ★ أخت لقانصوه خمسمائة ★ . ذكرت في منصور بن يشبك . ★ أخت ابن الزيادي	半角スペースとして扱う。
AIND-D13892	DOLLAR3_STUB	処理済みの転送見出し（$$$）が同じブロックに同居	◎	###$363310641915$# $$$	انين وكانت مسنة تذكر بخير وستر رحمها الله . ###$363310641915$# $$$ أم الشهاب الطوخى هي زينب ابنة على بن محمد .	処理済みなので作業不要。ブロック先頭の項だけ作業すればよい。
AIND-D13895	DOLLAR3_STUB	処理済みの転送見出し（$$$）が同じブロックに同居	◎	###$209044140802$# $$$	ينة حتى ماتت بها في شوال سنة ثمان وثمانين . ###$209044140802$# $$$ أم العلاء الاهناسي واخوته ، هي آمنة .	処理済みなので作業不要。ブロック先頭の項だけ作業すればよい。
AIND-D13896	DOLLAR3_STUB	処理済みの転送見出し（$$$）が同じブロックに同居	◎	###$176685085444$# $$$	ي . ماتت في صفر سنة ست وثمانين رحمها الله . ###$176685085444$# $$$ أم الكمال بن أبي شريف وأخيه إبراهيم . هي فاط	処理済みなので作業不要。ブロック先頭の項だけ作業すればよい。
AIND-D13908	DOLLAR3_STUB	処理済みの転送見出し（$$$）が同じブロックに同居	◎	###$774465680152$# $$$	في صفر سنة ثمانين وشهدها السلطان فمن دونه . ###$774465680152$# $$$ زوجة البوني أحد أعيان الدولة بمكة هي قندولة	処理済みなので作業不要。ブロック先頭の項だけ作業すればよい。
AIND-D13912	STAR_HEADWORD	未採番見出しの境界（1ブロックに複数見出しが同居）	△	★?1066 number★	ليها عفا الله عنها . ###$962215310109$# $$$ ★?1066 number★ زوجة عبد الكريم الدميري ماتت بمكة في رجب سن	作業しない。ブロック内の2件目以降は別項として採番が必要。
AIND-D13912	DOLLAR3_STUB	処理済みの転送見出し（$$$）が同じブロックに同居	◎	###$962215310109$# $$$	وتركت منه ولدا وتأسف عليها عفا الله عنها . ###$962215310109$# $$$ ★?1066 number★ زوجة عبد الكريم الدميري ماتت	処理済みなので作業不要。ブロック先頭の項だけ作業すればよい。
AIND-D13922	DOLLAR3_STUB	処理済みの転送見出し（$$$）が同じブロックに同居	◎	###$648972104484$# $$$	ظهيرة أم ولده أفضل الدين . ماتت في شوالها . ###$648972104484$# $$$ عمة التاج المقسى هي عمائم . ###$25865856285	処理済みなので作業不要。ブロック先頭の項だけ作業すればよい。
AIND-D13922	DOLLAR3_STUB	処理済みの転送見出し（$$$）が同じブロックに同居	◎	###$258658562859$# $$$	972104484$# $$$ عمة التاج المقسى هي عمائم . ###$258658562859$# $$$ خوند البارزية هي مغل . ###$774868333359$# $	処理済みなので作業不要。ブロック先頭の項だけ作業すればよい。
AIND-D13922	DOLLAR3_STUB	処理済みの転送見出し（$$$）が同じブロックに同居	◎	###$774868333359$# $$$	#$258658562859$# $$$ خوند البارزية هي مغل . ###$774868333359$# $$$ خوند الخاصكية هي زينب . ###$350782255921$#	処理済みなので作業不要。ブロック先頭の項だけ作業すればよい。
AIND-D13922	DOLLAR3_STUB	処理済みの転送見出し（$$$）が同じブロックに同居	◎	###$350782255921$# $$$	$774868333359$# $$$ خوند الخاصكية هي زينب . ###$350782255921$# $$$ المطرية داية مكة . هي أم الخير ابنة أحمد بن	処理済みなので作業不要。ブロック先頭の項だけ作業すればよい。
